{"type":"FeatureCollection","name":"id_districts","features":[{"type":"Feature","properties":{"fips":"16000","lea_geoid":"1600720","district_name":"Challis Joint School District 181","state_fips":"16","state_abbr":"ID","county_name":"","county_fips":"000"},"geometry":{"type":"Polygon","coordinates":[[[-115.305042,44.579592],[-115.300392,44.585157],[-115.295814,44.586976],[-115.295099,44.587806],[-115.294706,44.592475],[-115.290774,44.595573],[-115.29113,44.596884],[-115.288945,44.59951],[-115.283208,44.602549],[-115.283461,44.604978],[-115.280531,44.611468],[-115.279542,44.61208],[-115.277206,44.611114],[-115.273089,44.610621],[-115.267285,44.607233],[-115.263046,44.605852],[-115.261686,44.605948],[-115.260218,44.606219],[-115.258989,44.609275],[-115.259208,44.611683],[-115.257668,44.615244],[-115.254194,44.615657],[-115.250608,44.61688],[-115.24949,44.618142],[-115.246476,44.618781],[-115.242782,44.61895],[-115.24004,44.62102],[-115.234738,44.621846],[-115.232905,44.620825],[-115.231416,44.619057],[-115.228163,44.618147],[-115.225496,44.61794],[-115.222485,44.619429],[-115.221971,44.621717],[-115.224558,44.623828],[-115.226073,44.625895],[-115.225539,44.62893],[-115.222,44.630704],[-115.219636,44.629111],[-115.217616,44.628957],[-115.215148,44.626137],[-115.212979,44.625587],[-115.210776,44.628405],[-115.209037,44.629442],[-115.205716,44.628017],[-115.203653,44.625549],[-115.198961,44.624182],[-115.197789,44.62498],[-115.196267,44.628494],[-115.197165,44.63073],[-115.195067,44.632634],[-115.19235,44.633945],[-115.190383,44.635755],[-115.187533,44.637116],[-115.184011,44.637047],[-115.18147,44.639566],[-115.180868,44.643004],[-115.181107,44.644765],[-115.18028,44.645884],[-115.176973,44.645641],[-115.172165,44.64729],[-115.168835,44.64713],[-115.167998,44.647618],[-115.167523,44.650301],[-115.165605,44.650306],[-115.16519,44.65506],[-115.164004,44.657199],[-115.165631,44.661486],[-115.160221,44.664234],[-115.159632,44.665558],[-115.159937,44.668024],[-115.156489,44.670232],[-115.155033,44.673857],[-115.154117,44.674335],[-115.15263,44.677223],[-115.15345,44.680758],[-115.15133,44.684441],[-115.151096,44.687316],[-115.149956,44.689173],[-115.150341,44.692043],[-115.149938,44.692751],[-115.146657,44.694587],[-115.14922,44.695406],[-115.150713,44.69645],[-115.149363,44.699262],[-115.14918,44.7012],[-115.146517,44.704457],[-115.143703,44.707188],[-115.142699,44.709817],[-115.139755,44.713124],[-115.139369,44.714875],[-115.139757,44.71871],[-115.141368,44.719663],[-115.144565,44.719106],[-115.146064,44.720561],[-115.148094,44.721361],[-115.150302,44.724803],[-115.151937,44.728592],[-115.149245,44.730675],[-115.146711,44.731248],[-115.140417,44.735898],[-115.139538,44.73721],[-115.137243,44.742368],[-115.136479,44.743145],[-115.12995,44.747106],[-115.126062,44.749696],[-115.119873,44.752958],[-115.11785,44.75566],[-115.11642,44.756284],[-115.113865,44.756371],[-115.11269,44.757431],[-115.107326,44.758713],[-115.104592,44.76023],[-115.101331,44.763142],[-115.099841,44.763763],[-115.096631,44.764203],[-115.095176,44.765303],[-115.091922,44.766726],[-115.090521,44.7694],[-115.088934,44.771077],[-115.086232,44.771457],[-115.075702,44.769164],[-115.074865,44.765023],[-115.070097,44.76349],[-115.068396,44.759289],[-115.064646,44.757905],[-115.061916,44.756249],[-115.059662,44.756919],[-115.055283,44.755977],[-115.052776,44.754751],[-115.047131,44.75366],[-115.043585,44.751719],[-115.040967,44.75165],[-115.038655,44.750652],[-115.036156,44.747851],[-115.033702,44.743608],[-115.034215,44.741204],[-115.033627,44.73847],[-115.033626,44.735999],[-115.032816,44.734974],[-115.027947,44.736843],[-115.026271,44.738892],[-115.022626,44.741204],[-115.022801,44.742089],[-115.020269,44.744081],[-115.017155,44.743422],[-115.016994,44.741695],[-115.013735,44.736701],[-115.014166,44.735551],[-115.018601,44.731506],[-115.016404,44.729315],[-115.015995,44.72423],[-115.014224,44.718711],[-115.012144,44.716997],[-115.011613,44.714261],[-115.00962,44.713367],[-115.00752,44.714203],[-115.004751,44.716852],[-115.004081,44.720314],[-115.002767,44.721009],[-114.999284,44.721576],[-114.998641,44.72213],[-114.998338,44.723088],[-115.000932,44.725691],[-115.000892,44.727138],[-114.998351,44.728181],[-114.995963,44.728718],[-114.988951,44.728298],[-114.986484,44.729942],[-114.979546,44.730008],[-114.973066,44.728488],[-114.971003,44.726575],[-114.969497,44.724236],[-114.964584,44.724084],[-114.96279,44.722684],[-114.961261,44.722605],[-114.956116,44.720982],[-114.953865,44.720973],[-114.950866,44.722542],[-114.947413,44.723038],[-114.943747,44.72501],[-114.944459,44.727132],[-114.944305,44.72961],[-114.943007,44.730828],[-114.939769,44.731669],[-114.933057,44.732845],[-114.929955,44.732692],[-114.927641,44.733857],[-114.925584,44.736934],[-114.922717,44.738208],[-114.919949,44.741692],[-114.915548,44.744806],[-114.914783,44.746902],[-114.917407,44.750417],[-114.915031,44.753091],[-114.914792,44.755444],[-114.913627,44.75755],[-114.91159,44.757661],[-114.909941,44.756826],[-114.907571,44.75669],[-114.903814,44.758231],[-114.900024,44.758448],[-114.896973,44.759101],[-114.895568,44.76131],[-114.896203,44.764475],[-114.893635,44.766211],[-114.890622,44.767002],[-114.888897,44.769244],[-114.887384,44.770187],[-114.883642,44.771413],[-114.881258,44.77315],[-114.879401,44.775122],[-114.875028,44.776886],[-114.871086,44.77968],[-114.867301,44.779498],[-114.865405,44.780899],[-114.861888,44.78272],[-114.860647,44.78458],[-114.858938,44.785367],[-114.85585,44.784257],[-114.855734,44.782523],[-114.854721,44.781828],[-114.853082,44.782042],[-114.85082,44.784715],[-114.850492,44.787476],[-114.846467,44.787652],[-114.842331,44.789574],[-114.841671,44.790771],[-114.842351,44.792449],[-114.840169,44.795557],[-114.838456,44.797154],[-114.836535,44.799993],[-114.835115,44.800769],[-114.833849,44.802691],[-114.831586,44.803084],[-114.828572,44.801903],[-114.826178,44.802252],[-114.825209,44.803225],[-114.820416,44.805573],[-114.814424,44.806474],[-114.813167,44.806914],[-114.812407,44.808346],[-114.809267,44.805478],[-114.807688,44.804675],[-114.807645,44.801601],[-114.805969,44.7993],[-114.80415,44.798501],[-114.800451,44.799025],[-114.798061,44.797475],[-114.797714,44.79433],[-114.802951,44.787594],[-114.805314,44.7854],[-114.804658,44.783638],[-114.805876,44.780843],[-114.805508,44.779786],[-114.806383,44.77595],[-114.808176,44.774902],[-114.80982,44.772445],[-114.810216,44.769946],[-114.813336,44.768571],[-114.814318,44.766438],[-114.813025,44.763348],[-114.814168,44.761726],[-114.812581,44.759473],[-114.814988,44.757728],[-114.814852,44.756677],[-114.816403,44.754845],[-114.816577,44.753282],[-114.818235,44.752529],[-114.817574,44.751322],[-114.81868,44.748815],[-114.820056,44.748029],[-114.818147,44.74579],[-114.81899,44.744617],[-114.818741,44.742368],[-114.817503,44.739491],[-114.81543,44.737806],[-114.815149,44.734945],[-114.811608,44.734129],[-114.810982,44.731914],[-114.811412,44.730626],[-114.809492,44.72716],[-114.805389,44.723446],[-114.802901,44.719871],[-114.801734,44.718887],[-114.796004,44.716661],[-114.795301,44.714115],[-114.793044,44.712982],[-114.788965,44.713752],[-114.787968,44.716283],[-114.785963,44.715485],[-114.784125,44.713921],[-114.781844,44.713953],[-114.781088,44.710954],[-114.777748,44.707096],[-114.77386,44.706086],[-114.772903,44.705102],[-114.773226,44.703498],[-114.76946,44.702586],[-114.767466,44.700175],[-114.761752,44.69713],[-114.761091,44.69637],[-114.757353,44.694786],[-114.755929,44.6926],[-114.753937,44.691145],[-114.750797,44.686502],[-114.74756,44.68311],[-114.747341,44.679449],[-114.745961,44.676822],[-114.743523,44.676115],[-114.741181,44.67454],[-114.739947,44.671551],[-114.736835,44.669949],[-114.736523,44.667567],[-114.738361,44.665777],[-114.737671,44.663507],[-114.735525,44.661948],[-114.735995,44.660232],[-114.737738,44.659847],[-114.7386,44.658444],[-114.738383,44.656666],[-114.740447,44.656331],[-114.741899,44.653676],[-114.741125,44.652735],[-114.7373,44.652653],[-114.735955,44.653783],[-114.733328,44.652679],[-114.730978,44.652625],[-114.72944,44.651439],[-114.727205,44.652162],[-114.724963,44.651091],[-114.72147,44.651726],[-114.720369,44.651042],[-114.71277,44.650385],[-114.710871,44.650822],[-114.709399,44.652498],[-114.706441,44.653732],[-114.70578,44.65649],[-114.703447,44.656893],[-114.697164,44.654998],[-114.693086,44.655845],[-114.691529,44.655344],[-114.69036,44.656369],[-114.687784,44.656551],[-114.685821,44.658355],[-114.683749,44.658782],[-114.680434,44.658426],[-114.678627,44.659015],[-114.674918,44.658876],[-114.67341,44.659627],[-114.669813,44.65988],[-114.668776,44.660571],[-114.665971,44.660631],[-114.662886,44.662151],[-114.659847,44.659934],[-114.658054,44.660077],[-114.653356,44.658776],[-114.650032,44.658497],[-114.649554,44.657695],[-114.644432,44.657208],[-114.641088,44.655347],[-114.640231,44.655722],[-114.638857,44.654066],[-114.633435,44.653793],[-114.63164,44.652831],[-114.629153,44.65286],[-114.627562,44.648272],[-114.621347,44.646252],[-114.619121,44.643702],[-114.617459,44.643901],[-114.61413,44.641676],[-114.613458,44.639479],[-114.609977,44.638297],[-114.60946,44.637316],[-114.605729,44.634906],[-114.604357,44.63175],[-114.604699,44.630688],[-114.602977,44.630119],[-114.602693,44.627581],[-114.600655,44.625973],[-114.598807,44.623003],[-114.596168,44.621663],[-114.596767,44.620244],[-114.595692,44.618687],[-114.596638,44.613336],[-114.595954,44.611378],[-114.597394,44.608681],[-114.596869,44.607248],[-114.597161,44.606575],[-114.602076,44.602736],[-114.60439,44.598965],[-114.603962,44.597847],[-114.603646,44.596502],[-114.601618,44.594316],[-114.59604,44.592293],[-114.593621,44.591116],[-114.590871,44.590808],[-114.585478,44.58903],[-114.583448,44.587608],[-114.580808,44.587196],[-114.576834,44.58487],[-114.574304,44.580955],[-114.57419,44.578594],[-114.569253,44.576196],[-114.566975,44.575732],[-114.565608,44.576238],[-114.562772,44.575624],[-114.559783,44.577455],[-114.554979,44.578621],[-114.553143,44.578503],[-114.549599,44.57851],[-114.546171,44.579418],[-114.540419,44.582654],[-114.537235,44.587859],[-114.535086,44.589281],[-114.532754,44.59307],[-114.529984,44.595495],[-114.529762,44.596767],[-114.527975,44.59789],[-114.526278,44.598021],[-114.5248,44.599806],[-114.522344,44.600815],[-114.519902,44.602968],[-114.517853,44.603676],[-114.515363,44.604027],[-114.509458,44.602592],[-114.50768,44.602966],[-114.503211,44.602618],[-114.496813,44.604371],[-114.495391,44.604023],[-114.493321,44.602011],[-114.492046,44.599944],[-114.489216,44.59778],[-114.488949,44.595821],[-114.485147,44.594119],[-114.481826,44.594612],[-114.477399,44.594175],[-114.476914,44.595261],[-114.47401,44.597708],[-114.47294,44.599629],[-114.47224,44.603231],[-114.469104,44.606005],[-114.466214,44.606196],[-114.465005,44.608155],[-114.463133,44.60904],[-114.455022,44.610578],[-114.451366,44.612187],[-114.451117,44.618107],[-114.448984,44.62094],[-114.450121,44.626161],[-114.448386,44.631488],[-114.443793,44.633814],[-114.442519,44.635109],[-114.441541,44.638028],[-114.440136,44.638822],[-114.43908,44.642959],[-114.43788,44.643819],[-114.436429,44.646361],[-114.43646,44.648579],[-114.435269,44.651293],[-114.432844,44.650902],[-114.428005,44.651192],[-114.423375,44.655008],[-114.420201,44.656355],[-114.417506,44.654793],[-114.414654,44.654806],[-114.408739,44.656378],[-114.405813,44.661111],[-114.40633,44.663094],[-114.4051,44.66517],[-114.401305,44.66621],[-114.399744,44.665613],[-114.3968,44.66792],[-114.393901,44.668861],[-114.3888,44.668117],[-114.388309,44.669991],[-114.386672,44.671111],[-114.386147,44.672967],[-114.385762,44.679537],[-114.387144,44.681715],[-114.386571,44.683978],[-114.38495,44.685381],[-114.383348,44.687962],[-114.381364,44.692599],[-114.381185,44.695534],[-114.37639,44.700925],[-114.376841,44.704377],[-114.372843,44.709717],[-114.375335,44.709067],[-114.378192,44.710378],[-114.380607,44.710554],[-114.38382,44.713249],[-114.386093,44.714397],[-114.390046,44.714316],[-114.396051,44.717189],[-114.397981,44.716326],[-114.399118,44.714635],[-114.400879,44.714488],[-114.402557,44.716621],[-114.405457,44.718214],[-114.406633,44.719466],[-114.403637,44.723057],[-114.402835,44.726045],[-114.404066,44.728653],[-114.403595,44.730022],[-114.406494,44.729899],[-114.408204,44.730852],[-114.408933,44.733004],[-114.406309,44.73502],[-114.404154,44.739547],[-114.399024,44.738413],[-114.397569,44.739244],[-114.397153,44.742105],[-114.394409,44.744339],[-114.392781,44.747353],[-114.39099,44.747582],[-114.388047,44.74613],[-114.383128,44.745173],[-114.382287,44.743907],[-114.379821,44.743485],[-114.378157,44.745892],[-114.373034,44.750901],[-114.367346,44.748787],[-114.362446,44.75075],[-114.360464,44.752023],[-114.360775,44.753355],[-114.359275,44.753985],[-114.356477,44.757231],[-114.35293,44.758713],[-114.352773,44.761216],[-114.350788,44.765028],[-114.351172,44.769054],[-114.350764,44.769813],[-114.353116,44.772382],[-114.353947,44.774545],[-114.352156,44.777034],[-114.350027,44.777874],[-114.345708,44.778644],[-114.345808,44.781636],[-114.342653,44.783951],[-114.340764,44.786864],[-114.342086,44.7889],[-114.342458,44.790996],[-114.344275,44.793781],[-114.341138,44.793317],[-114.339196,44.793594],[-114.336674,44.795095],[-114.333016,44.798668],[-114.326653,44.800283],[-114.324121,44.799989],[-114.319367,44.80128],[-114.316067,44.801484],[-114.316099,44.805557],[-114.312273,44.808845],[-114.307176,44.814498],[-114.303326,44.815281],[-114.299989,44.819599],[-114.2967,44.820905],[-114.291008,44.821429],[-114.286981,44.822117],[-114.285763,44.823787],[-114.282651,44.824564],[-114.278152,44.823123],[-114.275219,44.825421],[-114.272667,44.828213],[-114.271353,44.830713],[-114.267279,44.832369],[-114.26728,44.835047],[-114.264572,44.836323],[-114.263204,44.839341],[-114.26718,44.841527],[-114.266378,44.843967],[-114.26307,44.847631],[-114.262285,44.849858],[-114.260024,44.850418],[-114.256654,44.850471],[-114.250518,44.851244],[-114.24794,44.850962],[-114.24303,44.852956],[-114.24417,44.855606],[-114.241602,44.859716],[-114.238867,44.861738],[-114.23488,44.862585],[-114.232617,44.862546],[-114.229052,44.863466],[-114.227188,44.863375],[-114.224931,44.864334],[-114.225587,44.871567],[-114.225226,44.875898],[-114.224395,44.877209],[-114.221218,44.878966],[-114.219221,44.878138],[-114.218375,44.876483],[-114.214229,44.872423],[-114.21478,44.869014],[-114.213122,44.867881],[-114.211542,44.865671],[-114.21165,44.863102],[-114.202005,44.862189],[-114.197218,44.862823],[-114.195435,44.860587],[-114.195186,44.859702],[-114.196734,44.857728],[-114.197021,44.85565],[-114.195482,44.854158],[-114.19614,44.853352],[-114.196968,44.849255],[-114.198502,44.847925],[-114.1981,44.846883],[-114.198872,44.844629],[-114.196993,44.844438],[-114.19328,44.842499],[-114.19392,44.839555],[-114.191722,44.837933],[-114.191978,44.837107],[-114.194503,44.83646],[-114.197486,44.834126],[-114.198907,44.830636],[-114.194369,44.826787],[-114.190913,44.826024],[-114.189574,44.82449],[-114.191578,44.824434],[-114.19268,44.823472],[-114.192704,44.821184],[-114.194561,44.818454],[-114.193684,44.816192],[-114.194622,44.814096],[-114.196623,44.812181],[-114.19736,44.809162],[-114.195804,44.807347],[-114.196678,44.805891],[-114.196129,44.803224],[-114.197498,44.802578],[-114.202215,44.801662],[-114.204282,44.800033],[-114.202643,44.797613],[-114.204956,44.794994],[-114.204356,44.791421],[-114.205954,44.790008],[-114.206354,44.787615],[-114.204509,44.784197],[-114.205823,44.781662],[-114.204186,44.779277],[-114.201544,44.778316],[-114.205291,44.775672],[-114.207132,44.774895],[-114.206024,44.770795],[-114.208976,44.768853],[-114.210251,44.766531],[-114.212302,44.766437],[-114.211571,44.764103],[-114.212824,44.763208],[-114.216084,44.762293],[-114.216088,44.758755],[-114.21703,44.757657],[-114.216305,44.755427],[-114.216487,44.751031],[-114.217286,44.747824],[-114.216782,44.746879],[-114.215152,44.745494],[-114.210876,44.744327],[-114.205244,44.744022],[-114.199879,44.745815],[-114.192141,44.746428],[-114.189317,44.744288],[-114.185998,44.743202],[-114.180687,44.743242],[-114.177937,44.745213],[-114.173534,44.745372],[-114.169502,44.741303],[-114.163972,44.741028],[-114.162838,44.740452],[-114.162185,44.742257],[-114.160344,44.744217],[-114.158123,44.744085],[-114.15483,44.745283],[-114.153763,44.745025],[-114.151228,44.739631],[-114.148524,44.739638],[-114.146084,44.738717],[-114.145832,44.737456],[-114.143932,44.736633],[-114.140656,44.731666],[-114.137871,44.732067],[-114.135573,44.730344],[-114.13209,44.733617],[-114.131661,44.734952],[-114.129253,44.736769],[-114.127097,44.740611],[-114.124169,44.741484],[-114.124325,44.74019],[-114.122175,44.738426],[-114.118796,44.738986],[-114.114688,44.741076],[-114.11384,44.743871],[-114.111231,44.745147],[-114.109007,44.745254],[-114.105767,44.744667],[-114.107846,44.748378],[-114.102694,44.749071],[-114.099157,44.751382],[-114.092617,44.751881],[-114.093695,44.754742],[-114.095169,44.756425],[-114.090461,44.754728],[-114.087873,44.756014],[-114.084861,44.755947],[-114.085049,44.754767],[-114.083789,44.749012],[-114.081883,44.747581],[-114.07897,44.747927],[-114.075937,44.745578],[-114.076425,44.74439],[-114.07524,44.742847],[-114.072967,44.737799],[-114.070043,44.734624],[-114.069388,44.732683],[-114.066761,44.732286],[-114.065317,44.730574],[-114.063849,44.730294],[-114.062949,44.727491],[-114.061838,44.72625],[-114.061855,44.722916],[-114.060821,44.7223],[-114.059267,44.719443],[-114.056747,44.716333],[-114.053533,44.715239],[-114.053038,44.713662],[-114.05088,44.711489],[-114.051778,44.710191],[-114.051122,44.708444],[-114.053048,44.706393],[-114.051644,44.706],[-114.050309,44.704433],[-114.049516,44.700978],[-114.044787,44.699523],[-114.043895,44.699934],[-114.043679,44.701711],[-114.040617,44.706339],[-114.038996,44.709792],[-114.034808,44.71192],[-114.031593,44.712375],[-114.025959,44.711928],[-114.022665,44.713458],[-114.02253,44.714337],[-114.024326,44.716141],[-114.024742,44.717473],[-114.019663,44.719143],[-114.014289,44.719546],[-114.01152,44.720995],[-114.006128,44.722887],[-114.004624,44.726749],[-114.003313,44.734281],[-114.003441,44.736147],[-114.005448,44.737147],[-114.005985,44.738331],[-114.003485,44.738374],[-113.998721,44.739218],[-113.997729,44.740168],[-113.994629,44.74074],[-113.992574,44.740324],[-113.990405,44.740731],[-113.987634,44.740502],[-113.984002,44.739654],[-113.982917,44.740137],[-113.978416,44.739914],[-113.976939,44.740457],[-113.975092,44.740145],[-113.972037,44.740519],[-113.969875,44.739977],[-113.96572,44.740006],[-113.96425,44.7396],[-113.961649,44.740012],[-113.95991,44.739552],[-113.958725,44.740282],[-113.955617,44.740162],[-113.953361,44.738462],[-113.947813,44.73611],[-113.947105,44.734421],[-113.94622,44.734783],[-113.943542,44.732173],[-113.941549,44.729683],[-113.939556,44.729744],[-113.936571,44.728905],[-113.931878,44.730983],[-113.928978,44.734894],[-113.927193,44.735634],[-113.924468,44.740871],[-113.922922,44.741507],[-113.920497,44.743904],[-113.912278,44.745164],[-113.908192,44.745064],[-113.902996,44.747778],[-113.899987,44.74798],[-113.897839,44.749027],[-113.895577,44.749377],[-113.888549,44.751377],[-113.882851,44.754407],[-113.880418,44.754774],[-113.874347,44.755021],[-113.871614,44.754408],[-113.868704,44.753241],[-113.86681,44.753242],[-113.863244,44.750595],[-113.860284,44.746604],[-113.857611,44.743743],[-113.854251,44.737629],[-113.854257,44.735929],[-113.852702,44.735227],[-113.849201,44.731266],[-113.847861,44.732081],[-113.842354,44.73711],[-113.839873,44.739816],[-113.836241,44.736687],[-113.835907,44.734838],[-113.832045,44.731587],[-113.832509,44.72994],[-113.830811,44.727762],[-113.828178,44.726529],[-113.82952,44.720613],[-113.828152,44.718602],[-113.826413,44.718239],[-113.820571,44.711877],[-113.827773,44.703724],[-113.831529,44.703912],[-113.833966,44.702963],[-113.833953,44.699],[-113.829852,44.693673],[-113.828244,44.689984],[-113.828893,44.687665],[-113.831563,44.686379],[-113.830985,44.681846],[-113.826235,44.678101],[-113.824819,44.675385],[-113.820771,44.671536],[-113.81766,44.66661],[-113.816392,44.666076],[-113.813849,44.662592],[-113.803866,44.665446],[-113.802322,44.667131],[-113.802327,44.668844],[-113.800454,44.670025],[-113.79431,44.670314],[-113.790851,44.67496],[-113.787247,44.678162],[-113.784855,44.678371],[-113.77218,44.67495],[-113.768239,44.675298],[-113.761523,44.672059],[-113.760629,44.670314],[-113.756824,44.667773],[-113.754198,44.668485],[-113.750883,44.671484],[-113.744681,44.674289],[-113.741165,44.671745],[-113.737798,44.670977],[-113.734951,44.671918],[-113.728174,44.671254],[-113.724671,44.671659],[-113.721126,44.673405],[-113.717796,44.669989],[-113.715271,44.669555],[-113.714565,44.668248],[-113.71176,44.667915],[-113.707363,44.666276],[-113.705217,44.667182],[-113.697773,44.66293],[-113.692213,44.662632],[-113.691455,44.659347],[-113.688081,44.656231],[-113.684579,44.656602],[-113.673784,44.655868],[-113.67308,44.654361],[-113.672548,44.647858],[-113.67156,44.645478],[-113.669594,44.643702],[-113.66977,44.640451],[-113.668363,44.638071],[-113.665511,44.636931],[-113.663317,44.637334],[-113.657206,44.639582],[-113.655437,44.641963],[-113.649838,44.644009],[-113.646662,44.644009],[-113.643294,44.641898],[-113.64039,44.638378],[-113.635761,44.635831],[-113.634819,44.632177],[-113.632474,44.628188],[-113.625876,44.626445],[-113.624332,44.627169],[-113.625366,44.624479],[-113.625165,44.62184],[-113.619694,44.615949],[-113.616031,44.61513],[-113.615457,44.61276],[-113.613522,44.610229],[-113.613703,44.609025],[-113.615342,44.608483],[-113.61613,44.606541],[-113.618139,44.605129],[-113.621977,44.603475],[-113.622487,44.60247],[-113.619411,44.59697],[-113.617487,44.59661],[-113.619068,44.59383],[-113.622386,44.59171],[-113.622426,44.590306],[-113.620871,44.588809],[-113.617023,44.587857],[-113.613305,44.585233],[-113.610959,44.584641],[-113.608885,44.582277],[-113.610463,44.579029],[-113.613354,44.575775],[-113.61484,44.572961],[-113.613602,44.569023],[-113.608236,44.564201],[-113.606451,44.563206],[-113.604707,44.561041],[-113.599066,44.557423],[-113.596682,44.558636],[-113.591484,44.559359],[-113.580554,44.556496],[-113.57778,44.554435],[-113.577165,44.552901],[-113.573691,44.551411],[-113.570683,44.548916],[-113.567453,44.549564],[-113.560674,44.553333],[-113.554216,44.555363],[-113.552958,44.557373],[-113.553947,44.558505],[-113.553299,44.56078],[-113.550033,44.564502],[-113.542069,44.565401],[-113.538921,44.56334],[-113.538956,44.559798],[-113.538103,44.557295],[-113.539777,44.553679],[-113.540144,44.551404],[-113.538546,44.54994],[-113.53835,44.547568],[-113.537082,44.546837],[-113.536788,44.543129],[-113.534161,44.541935],[-113.528215,44.542959],[-113.525871,44.5425],[-113.520852,44.54078],[-113.520192,44.539379],[-113.514391,44.541939],[-113.512803,44.543548],[-113.511071,44.543821],[-113.510131,44.542956],[-113.511906,44.541312],[-113.516244,44.535148],[-113.519691,44.529288],[-113.521553,44.525639],[-113.519435,44.522505],[-113.522759,44.522159],[-113.527952,44.52057],[-113.531935,44.52119],[-113.534135,44.520982],[-113.540075,44.518788],[-113.542819,44.513531],[-113.545294,44.511818],[-113.545694,44.505901],[-113.549704,44.501542],[-113.545701,44.496248],[-113.545807,44.494766],[-113.547709,44.492763],[-113.548308,44.489256],[-113.547364,44.486526],[-113.548427,44.484519],[-113.550181,44.478597],[-113.548275,44.47591],[-113.544329,44.472508],[-113.539431,44.470071],[-113.536967,44.468311],[-113.535306,44.46581],[-113.53342,44.46435],[-113.527937,44.461381],[-113.524896,44.461189],[-113.521497,44.462935],[-113.513092,44.462074],[-113.510607,44.461203],[-113.504735,44.46098],[-113.502714,44.461619],[-113.496611,44.460258],[-113.495654,44.459055],[-113.491375,44.457033],[-113.487834,44.452374],[-113.486451,44.451266],[-113.478631,44.448069],[-113.477446,44.447969],[-113.473491,44.448797],[-113.466499,44.452891],[-113.465174,44.454925],[-113.461984,44.453398],[-113.456806,44.45369],[-113.45449,44.454969],[-113.451832,44.454936],[-113.44977,44.452524],[-113.446726,44.451066],[-113.444645,44.444705],[-113.442709,44.443419],[-113.438929,44.442334],[-113.437002,44.439305],[-113.43668,44.434991],[-113.438069,44.431679],[-113.43687,44.430742],[-113.43585,44.426762],[-113.43428,44.425684],[-113.428735,44.424731],[-113.425443,44.422896],[-113.423746,44.418949],[-113.421014,44.417485],[-113.420215,44.414738],[-113.419078,44.413799],[-113.418115,44.411236],[-113.414548,44.407552],[-113.414175,44.404885],[-113.411878,44.402838],[-113.4122,44.401209],[-113.410549,44.400201],[-113.410403,44.396504],[-113.408724,44.394001],[-113.408559,44.392307],[-113.406114,44.389361],[-113.404763,44.386771],[-113.405499,44.38503],[-113.404779,44.382518],[-113.403484,44.38049],[-113.402251,44.379661],[-113.399342,44.379049],[-113.39593,44.376243],[-113.395494,44.374486],[-113.393202,44.373314],[-113.391645,44.370851],[-113.385942,44.366645],[-113.381896,44.3649],[-113.377152,44.361141],[-113.377617,44.358902],[-113.375286,44.358567],[-113.375476,44.357799],[-113.373556,44.355216],[-113.37354,44.353796],[-113.370885,44.351908],[-113.368579,44.351124],[-113.363088,44.347469],[-113.361015,44.345409],[-113.360473,44.341937],[-113.35834,44.339393],[-113.358268,44.336981],[-113.356475,44.334302],[-113.356434,44.329123],[-113.352451,44.326328],[-113.352945,44.325483],[-113.348896,44.323124],[-113.348073,44.323415],[-113.344365,44.32127],[-113.343454,44.319487],[-113.340821,44.318165],[-113.339617,44.316313],[-113.340162,44.315268],[-113.339024,44.313608],[-113.339411,44.31154],[-113.337795,44.30813],[-113.33856,44.305615],[-113.339636,44.304726],[-113.338599,44.302515],[-113.339164,44.301983],[-113.33777,44.296799],[-113.336926,44.296086],[-113.336739,44.293463],[-113.333552,44.290953],[-113.33212,44.28798],[-113.331878,44.286334],[-113.329934,44.284323],[-113.330279,44.283171],[-113.328951,44.280631],[-113.329571,44.277477],[-113.326052,44.272363],[-113.326414,44.270924],[-113.329531,44.269216],[-113.331392,44.267415],[-113.331183,44.266543],[-113.333126,44.26436],[-113.332989,44.262157],[-113.33481,44.259795],[-113.334353,44.257077],[-113.334817,44.255647],[-113.33447,44.253113],[-113.332745,44.250854],[-113.333868,44.250321],[-113.332099,44.248165],[-113.332685,44.247352],[-113.330477,44.246171],[-113.331176,44.245578],[-113.328954,44.243001],[-113.324848,44.241089],[-113.321853,44.23703],[-113.320362,44.235994],[-113.320609,44.233164],[-113.416525,44.233364],[-113.416272,44.059338],[-113.457816,44.059528],[-113.458157,44.030539],[-113.456626,44.025033],[-113.458707,44.024154],[-113.46312,44.02313],[-113.468539,44.022249],[-113.472382,44.021039],[-113.479152,44.018169],[-113.483706,44.01709],[-113.491756,44.017007],[-113.497757,44.017489],[-113.500431,44.016514],[-113.507348,44.014879],[-113.513376,44.012764],[-113.52007,44.010648],[-113.537243,44.004146],[-113.540153,44.003814],[-113.54284,44.00429],[-113.550021,44.009741],[-113.55586,44.015196],[-113.560579,44.019206],[-113.561911,44.019201],[-113.565674,44.017094],[-113.571247,44.014658],[-113.576832,44.012707],[-113.582193,44.012851],[-113.586223,44.014448],[-113.589141,44.016693],[-113.594771,44.024402],[-113.597888,44.029479],[-113.600632,44.033243],[-113.603551,44.035976],[-113.606472,44.038225],[-113.609825,44.039344],[-113.614966,44.03901],[-113.617652,44.039648],[-113.62438,44.043336],[-113.627069,44.043813],[-113.630421,44.043322],[-113.634651,44.041218],[-113.638226,44.040243],[-113.642923,44.040232],[-113.653437,44.042139],[-113.658578,44.042772],[-113.664629,44.045657],[-113.666216,44.048393],[-113.672712,44.050793],[-113.676076,44.052396],[-113.678541,44.054163],[-113.679229,44.058673],[-113.678364,44.063047],[-113.679286,44.067558],[-113.68175,44.07029],[-113.684892,44.071571],[-113.691153,44.071717],[-113.694729,44.070743],[-113.698072,44.068641],[-113.701624,44.065895],[-113.706564,44.06846],[-113.71507,44.070534],[-113.719544,44.070684],[-113.722675,44.071965],[-113.725595,44.074375],[-113.730092,44.079037],[-113.73369,44.083379],[-113.736609,44.085305],[-113.740639,44.086584],[-113.75272,44.088005],[-113.76501,44.088297],[-113.769718,44.090541],[-113.770629,44.092795],[-113.771106,44.099241],[-113.774026,44.101649],[-113.774482,44.103258],[-113.774306,44.111307],[-113.773652,44.11469],[-113.773919,44.122577],[-113.77594,44.124503],[-113.778405,44.125944],[-113.781325,44.12835],[-113.783346,44.13062],[-113.784491,44.134641],[-113.784503,44.137377],[-113.784082,44.141081],[-113.783204,44.143981],[-113.781429,44.147206],[-113.778321,44.151078],[-113.777878,44.152528],[-113.781487,44.157026],[-113.782175,44.160404],[-113.783076,44.162656],[-113.785551,44.165707],[-113.788239,44.166504],[-113.793181,44.170837],[-113.797222,44.173079],[-113.80304,44.175315],[-113.805517,44.177079],[-113.809993,44.178997],[-113.811558,44.179153],[-113.814079,44.178351],[-113.817886,44.177864],[-113.823705,44.178505],[-113.824605,44.179795],[-113.824385,44.181089],[-113.821046,44.185146],[-113.818597,44.189202],[-113.816603,44.194393],[-113.817059,44.197957],[-113.81819,44.201365],[-113.819321,44.203959],[-113.825377,44.207536],[-113.827571,44.209619],[-113.828814,44.213764],[-113.828564,44.215846],[-113.832506,44.217388],[-113.836179,44.219948],[-113.839927,44.220446],[-113.841912,44.222539],[-113.846158,44.225724],[-113.848887,44.226943],[-113.854983,44.228673],[-113.856759,44.228496],[-113.86366,44.224544],[-113.8645,44.223451],[-113.866513,44.223446],[-113.874688,44.221232],[-113.877041,44.220194],[-113.879463,44.220482],[-113.879732,44.223955],[-113.882156,44.225113],[-113.883772,44.228972],[-113.88054,44.23206],[-113.876769,44.233411],[-113.877577,44.236112],[-113.877308,44.237656],[-113.879463,44.243059],[-113.878924,44.248269],[-113.878116,44.249427],[-113.87885,44.252512],[-113.884962,44.254389],[-113.887115,44.256311],[-113.89268,44.258395],[-113.895805,44.261914],[-113.898388,44.262819],[-113.901894,44.266234],[-113.906409,44.272802],[-113.906947,44.27445],[-113.909708,44.271385],[-113.911386,44.270336],[-113.917477,44.26659],[-113.921166,44.265093],[-113.924673,44.264285],[-113.927459,44.262657],[-113.928989,44.260089],[-113.929828,44.259659],[-113.935878,44.258929],[-113.938454,44.259203],[-113.940032,44.258584],[-113.945088,44.258059],[-113.950833,44.254152],[-113.95446,44.253432],[-113.956889,44.252194],[-113.960066,44.249144],[-113.957859,44.240344],[-113.960405,44.23939],[-113.96899,44.233621],[-113.971703,44.232062],[-113.973002,44.229109],[-113.97468,44.226901],[-113.978293,44.225163],[-113.980556,44.223094],[-113.982637,44.222765],[-113.9842,44.221163],[-113.986881,44.216676],[-113.986881,44.215073],[-113.984858,44.211709],[-113.981945,44.208524],[-113.980599,44.205316],[-113.980818,44.201787],[-113.979688,44.19824],[-113.980115,44.193715],[-113.981441,44.188865],[-113.984207,44.185466],[-113.992446,44.177728],[-114.003432,44.16966],[-114.006341,44.166918],[-114.00835,44.164175],[-114.010138,44.157258],[-114.011704,44.153225],[-114.014168,44.150643],[-114.025599,44.14612],[-114.029211,44.143694],[-114.033712,44.14159],[-114.039116,44.139647],[-114.046985,44.138023],[-114.05119,44.136197],[-114.052749,44.136341],[-114.058479,44.138007],[-114.060437,44.139191],[-114.062487,44.137648],[-114.065281,44.13642],[-114.068999,44.136033],[-114.069952,44.135772],[-114.072976,44.130366],[-114.074875,44.128939],[-114.079219,44.127679],[-114.083607,44.12679],[-114.086092,44.125895],[-114.08923,44.125509],[-114.089993,44.124916],[-114.094706,44.117791],[-114.098529,44.112936],[-114.103043,44.107809],[-114.104973,44.104858],[-114.105135,44.103666],[-114.104361,44.100138],[-114.105368,44.099174],[-114.114872,44.095828],[-114.11618,44.094865],[-114.119238,44.090925],[-114.120865,44.088255],[-114.119914,44.086651],[-114.11383,44.0851],[-114.108064,44.082229],[-114.106368,44.080599],[-114.105975,44.078914],[-114.107604,44.073353],[-114.107787,44.069899],[-114.105598,44.066641],[-114.108147,44.064392],[-114.108542,44.06325],[-114.108382,44.059159],[-114.109111,44.058089],[-114.112974,44.055641],[-114.115984,44.054424],[-114.122838,44.05236],[-114.125882,44.051801],[-114.128463,44.05077],[-114.130308,44.050695],[-114.132842,44.051337],[-114.135592,44.051489],[-114.140486,44.049674],[-114.145466,44.048454],[-114.148654,44.045458],[-114.150479,44.040389],[-114.151312,44.039079],[-114.153107,44.0331],[-114.15449,44.031251],[-114.157336,44.029551],[-114.158348,44.028249],[-114.160703,44.023817],[-114.164278,44.021595],[-114.166757,44.019192],[-114.167575,44.013686],[-114.169009,44.010315],[-114.17111,44.007509],[-114.175368,44.004659],[-114.180312,44.002971],[-114.186231,44.000334],[-114.1882,43.999027],[-114.189585,43.99531],[-114.190082,43.992297],[-114.195214,43.989283],[-114.196015,43.986724],[-114.199043,43.982623],[-114.200417,43.981486],[-114.204398,43.980309],[-114.205347,43.981292],[-114.20978,43.982342],[-114.212565,43.982571],[-114.215921,43.983393],[-114.217598,43.984489],[-114.220105,43.985261],[-114.222955,43.985481],[-114.225331,43.98619],[-114.22723,43.985896],[-114.22953,43.983749],[-114.231117,43.980646],[-114.231055,43.978371],[-114.231792,43.977263],[-114.237729,43.974808],[-114.237982,43.973229],[-114.240335,43.971212],[-114.240745,43.969512],[-114.241746,43.968752],[-114.245552,43.968147],[-114.249961,43.968384],[-114.250887,43.965795],[-114.254371,43.960366],[-114.257197,43.960502],[-114.259173,43.962255],[-114.262693,43.962598],[-114.263966,43.962521],[-114.268423,43.960673],[-114.273248,43.960688],[-114.27577,43.960098],[-114.280707,43.958361],[-114.285517,43.955995],[-114.290043,43.951094],[-114.295425,43.951009],[-114.295931,43.949675],[-114.299388,43.948976],[-114.305062,43.945661],[-114.310679,43.945736],[-114.31475,43.945091],[-114.316739,43.945253],[-114.320253,43.94649],[-114.320896,43.94744],[-114.320501,43.950113],[-114.322087,43.951721],[-114.325729,43.953459],[-114.327658,43.95475],[-114.328328,43.956314],[-114.328099,43.963685],[-114.327089,43.964585],[-114.328143,43.966905],[-114.330169,43.96906],[-114.333333,43.971098],[-114.334908,43.971019],[-114.338831,43.969703],[-114.342577,43.970099],[-114.343817,43.971725],[-114.34905,43.967675],[-114.353043,43.965285],[-114.354102,43.96344],[-114.353213,43.96107],[-114.353691,43.959219],[-114.355106,43.957211],[-114.358455,43.953984],[-114.361105,43.949872],[-114.361737,43.94781],[-114.365573,43.945566],[-114.367889,43.943182],[-114.371277,43.943773],[-114.373307,43.943457],[-114.37589,43.942274],[-114.37776,43.942202],[-114.380219,43.943151],[-114.382878,43.941663],[-114.391023,43.93965],[-114.393182,43.937106],[-114.393743,43.935166],[-114.396476,43.930884],[-114.397831,43.925769],[-114.401585,43.923573],[-114.403055,43.920078],[-114.403847,43.919114],[-114.408456,43.917842],[-114.414455,43.916604],[-114.416342,43.912503],[-114.417247,43.911781],[-114.417115,43.909578],[-114.415891,43.908526],[-114.414887,43.90481],[-114.412623,43.903206],[-114.410056,43.902459],[-114.408955,43.901431],[-114.410002,43.895651],[-114.413736,43.894483],[-114.420167,43.891742],[-114.422702,43.891963],[-114.427482,43.891509],[-114.437075,43.894124],[-114.437794,43.895062],[-114.442268,43.895309],[-114.443708,43.897193],[-114.446882,43.896858],[-114.45033,43.895513],[-114.453083,43.895896],[-114.45532,43.895451],[-114.459282,43.896264],[-114.460868,43.897011],[-114.465261,43.897022],[-114.470633,43.896083],[-114.474541,43.896517],[-114.477362,43.897955],[-114.480495,43.900317],[-114.480971,43.901887],[-114.484689,43.90375],[-114.485066,43.904504],[-114.491724,43.901815],[-114.495318,43.902268],[-114.498378,43.900433],[-114.504514,43.899046],[-114.507778,43.89909],[-114.510187,43.897802],[-114.511881,43.897573],[-114.512987,43.895995],[-114.515108,43.894739],[-114.514012,43.891926],[-114.510056,43.889846],[-114.509458,43.88848],[-114.509553,43.88513],[-114.513315,43.882694],[-114.517687,43.876363],[-114.519202,43.875162],[-114.51855,43.874072],[-114.519673,43.871679],[-114.517684,43.868418],[-114.516369,43.867545],[-114.516161,43.865147],[-114.513254,43.863216],[-114.515138,43.860652],[-114.514573,43.858507],[-114.516468,43.855653],[-114.516146,43.8547],[-114.521401,43.852472],[-114.521775,43.850921],[-114.523498,43.848558],[-114.526351,43.847464],[-114.528447,43.845662],[-114.533102,43.845659],[-114.535779,43.846218],[-114.538412,43.845495],[-114.541664,43.846501],[-114.545747,43.846189],[-114.549392,43.846743],[-114.552252,43.845646],[-114.55655,43.845224],[-114.557535,43.843892],[-114.56235,43.844368],[-114.565576,43.846127],[-114.569847,43.846273],[-114.570496,43.84825],[-114.575095,43.849556],[-114.57616,43.850675],[-114.577929,43.850232],[-114.581992,43.85145],[-114.582119,43.852481],[-114.580808,43.855003],[-114.581238,43.856624],[-114.584101,43.858893],[-114.585372,43.860641],[-114.583431,43.86325],[-114.582758,43.866443],[-114.585275,43.867377],[-114.586354,43.869882],[-114.583687,43.870844],[-114.582899,43.873227],[-114.583469,43.875103],[-114.588348,43.877994],[-114.591615,43.878774],[-114.593847,43.880486],[-114.597474,43.884365],[-114.597728,43.886054],[-114.599083,43.886727],[-114.600463,43.8887],[-114.604417,43.889768],[-114.606151,43.89362],[-114.613875,43.895879],[-114.614389,43.896682],[-114.618349,43.897227],[-114.619666,43.898099],[-114.625186,43.898023],[-114.627127,43.899182],[-114.627587,43.900306],[-114.629956,43.901614],[-114.633305,43.902383],[-114.634502,43.90456],[-114.634502,43.907833],[-114.637675,43.909658],[-114.639536,43.909599],[-114.642229,43.911196],[-114.644414,43.914255],[-114.647503,43.915795],[-114.651432,43.915809],[-114.654135,43.914282],[-114.655394,43.914192],[-114.657954,43.918169],[-114.660061,43.921884],[-114.662383,43.92176],[-114.66796,43.922808],[-114.670412,43.921313],[-114.672684,43.922541],[-114.674209,43.92567],[-114.678359,43.926013],[-114.681168,43.927705],[-114.81379,43.927772],[-114.813795,43.936759],[-114.813873,43.992941],[-114.873372,43.992949],[-114.875949,43.99195],[-114.88172,43.990502],[-114.883698,43.989173],[-114.888111,43.98911],[-114.891574,43.987169],[-114.892653,43.985412],[-114.896192,43.985615],[-114.897274,43.98473],[-114.900358,43.983997],[-114.90478,43.982306],[-114.907209,43.97972],[-114.91357,43.977261],[-114.919627,43.975396],[-114.921467,43.974401],[-114.922202,43.971945],[-114.926313,43.969661],[-114.931017,43.968729],[-114.932085,43.967918],[-114.934152,43.965258],[-114.934961,43.961386],[-114.936703,43.959742],[-114.937166,43.95657],[-114.939511,43.953176],[-114.942381,43.950678],[-114.946327,43.948475],[-114.948034,43.948862],[-114.950371,43.946922],[-114.954909,43.947737],[-114.9568,43.947423],[-114.959663,43.94421],[-114.961185,43.943509],[-114.966812,43.937736],[-114.96946,43.937333],[-114.971351,43.938308],[-114.972006,43.940215],[-114.975026,43.942411],[-114.976529,43.945],[-114.978878,43.94682],[-114.983912,43.946037],[-114.986443,43.946953],[-114.987647,43.948664],[-114.990777,43.949723],[-114.991311,43.953149],[-114.987795,43.955055],[-114.986937,43.959825],[-114.98436,43.963192],[-114.981307,43.966175],[-114.981151,43.967189],[-114.978602,43.970158],[-114.973788,43.971838],[-114.970971,43.97091],[-114.968744,43.973657],[-114.969391,43.977479],[-114.967343,43.982088],[-114.970028,43.983655],[-114.975042,43.984007],[-114.979637,43.985824],[-114.9849,43.988844],[-114.986279,43.990178],[-114.987427,43.99224],[-114.985853,43.993855],[-114.984849,43.996462],[-114.982227,44.000743],[-114.985524,44.004436],[-114.983372,44.006233],[-114.982558,44.011188],[-114.985997,44.010233],[-114.988122,44.010964],[-114.991942,44.011165],[-114.995644,44.014342],[-114.995624,44.017382],[-114.998601,44.020662],[-115.000844,44.019913],[-115.002065,44.018454],[-115.004803,44.01787],[-115.004571,44.0161],[-115.007358,44.013328],[-115.013609,44.014079],[-115.017628,44.012521],[-115.019466,44.016467],[-115.021519,44.016962],[-115.023765,44.016154],[-115.029887,44.017878],[-115.030942,44.01938],[-115.032353,44.019492],[-115.0342,44.0223],[-115.034469,44.024084],[-115.039932,44.024491],[-115.040689,44.026548],[-115.039294,44.028317],[-115.041217,44.031004],[-115.044821,44.034481],[-115.047116,44.03521],[-115.048135,44.037803],[-115.047562,44.042563],[-115.046871,44.044793],[-115.04772,44.050655],[-115.045663,44.052592],[-115.046067,44.054401],[-115.04377,44.056949],[-115.04356,44.05882],[-115.03992,44.058949],[-115.035422,44.060526],[-115.03494,44.063338],[-115.036933,44.0671],[-115.035298,44.069438],[-115.032804,44.070742],[-115.027852,44.071444],[-115.026765,44.071968],[-115.023713,44.074988],[-115.023318,44.078284],[-115.019612,44.079954],[-115.017645,44.078281],[-115.015045,44.078048],[-115.013002,44.076905],[-115.010718,44.077188],[-115.003686,44.082013],[-115.001964,44.084805],[-114.999666,44.085714],[-114.998761,44.088039],[-114.996903,44.090551],[-114.996663,44.096996],[-114.998038,44.098227],[-115.002087,44.096608],[-115.003328,44.096682],[-115.008355,44.098733],[-115.01101,44.098113],[-115.014197,44.097029],[-115.020525,44.098386],[-115.026358,44.104009],[-115.02816,44.105085],[-115.027506,44.106845],[-115.028752,44.107814],[-115.029598,44.110336],[-115.033555,44.111488],[-115.03988,44.112763],[-115.046725,44.119971],[-115.047005,44.122436],[-115.046468,44.123626],[-115.044739,44.122998],[-115.041721,44.124078],[-115.039472,44.123555],[-115.038053,44.124694],[-115.03574,44.124573],[-115.032724,44.125692],[-115.030503,44.127756],[-115.02812,44.127395],[-115.02601,44.128644],[-115.024476,44.130886],[-115.024033,44.133422],[-115.021433,44.134918],[-115.018491,44.138789],[-115.017146,44.141349],[-115.017771,44.143919],[-115.020875,44.148221],[-115.023085,44.149278],[-115.02454,44.153318],[-115.024181,44.155478],[-115.02584,44.156711],[-115.026506,44.158227],[-115.028719,44.158513],[-115.031374,44.159889],[-115.034032,44.159561],[-115.04385,44.159503],[-115.043933,44.161373],[-115.046317,44.162099],[-115.047963,44.16354],[-115.051284,44.165271],[-115.053923,44.165151],[-115.060597,44.163212],[-115.061735,44.160133],[-115.065768,44.164176],[-115.066883,44.165875],[-115.068218,44.16606],[-115.072405,44.169417],[-115.072808,44.172256],[-115.076334,44.172815],[-115.078915,44.175153],[-115.082361,44.17616],[-115.086273,44.17335],[-115.087806,44.173538],[-115.089134,44.172401],[-115.095116,44.172668],[-115.098239,44.17349],[-115.100673,44.171141],[-115.102324,44.171158],[-115.104844,44.170172],[-115.107931,44.17006],[-115.109411,44.170952],[-115.10919,44.17579],[-115.115556,44.178572],[-115.117488,44.181257],[-115.121661,44.184005],[-115.125135,44.190051],[-115.1275,44.191667],[-115.130464,44.192208],[-115.136717,44.192012],[-115.143669,44.190311],[-115.149814,44.193652],[-115.152727,44.196666],[-115.1555,44.197694],[-115.158384,44.197873],[-115.159797,44.199563],[-115.161979,44.200172],[-115.167684,44.20284],[-115.169266,44.2061],[-115.167952,44.206639],[-115.163726,44.211366],[-115.162765,44.213706],[-115.164984,44.21642],[-115.169925,44.220821],[-115.170229,44.22222],[-115.169684,44.225566],[-115.170499,44.225941],[-115.171638,44.229298],[-115.173494,44.231661],[-115.174831,44.235464],[-115.172891,44.236661],[-115.168058,44.238418],[-115.16054,44.239624],[-115.156868,44.245065],[-115.156613,44.246948],[-115.158118,44.24921],[-115.160557,44.250233],[-115.163285,44.252159],[-115.164383,44.254955],[-115.165845,44.255712],[-115.167514,44.257829],[-115.166245,44.258978],[-115.164007,44.262373],[-115.164515,44.264681],[-115.167246,44.266751],[-115.168411,44.269561],[-115.16598,44.275143],[-115.168412,44.280032],[-115.168795,44.283057],[-115.171461,44.285674],[-115.173216,44.286577],[-115.173453,44.289121],[-115.175249,44.29298],[-115.177549,44.294488],[-115.178964,44.296521],[-115.186235,44.289701],[-115.18748,44.287391],[-115.191161,44.285473],[-115.193064,44.285079],[-115.197919,44.282799],[-115.201221,44.282399],[-115.203926,44.283261],[-115.20378,44.284514],[-115.205188,44.286348],[-115.208957,44.288054],[-115.210555,44.291605],[-115.211061,44.297091],[-115.211938,44.297545],[-115.213446,44.300487],[-115.213114,44.30451],[-115.215802,44.305824],[-115.218115,44.305842],[-115.221212,44.307751],[-115.226482,44.307792],[-115.228908,44.306149],[-115.232884,44.306084],[-115.235246,44.307814],[-115.236791,44.30793],[-115.240295,44.305321],[-115.241919,44.30048],[-115.239712,44.297677],[-115.239537,44.295591],[-115.240219,44.294107],[-115.243468,44.292244],[-115.244437,44.294729],[-115.247849,44.296699],[-115.248627,44.298898],[-115.249044,44.302326],[-115.248213,44.307214],[-115.249734,44.311087],[-115.25377,44.311544],[-115.255212,44.312359],[-115.256769,44.311671],[-115.260338,44.312676],[-115.260773,44.3144],[-115.263895,44.313511],[-115.264626,44.315023],[-115.267182,44.316062],[-115.271407,44.315215],[-115.275372,44.317776],[-115.2784,44.321173],[-115.278762,44.32251],[-115.281139,44.323393],[-115.28772,44.324685],[-115.288934,44.325855],[-115.28914,44.327909],[-115.288159,44.329931],[-115.290376,44.330941],[-115.293405,44.334554],[-115.294614,44.339445],[-115.294007,44.342791],[-115.292921,44.344148],[-115.290442,44.343927],[-115.285063,44.345477],[-115.284026,44.346731],[-115.284082,44.352482],[-115.285326,44.354497],[-115.284281,44.358222],[-115.2825,44.358168],[-115.280168,44.356513],[-115.276858,44.357026],[-115.273685,44.358814],[-115.271956,44.361556],[-115.269728,44.362734],[-115.263257,44.36844],[-115.26023,44.370295],[-115.25931,44.372396],[-115.259556,44.376555],[-115.25891,44.377744],[-115.256084,44.379282],[-115.253486,44.381602],[-115.251191,44.382664],[-115.249926,44.385462],[-115.246486,44.387859],[-115.247163,44.390183],[-115.24698,44.394646],[-115.24758,44.396726],[-115.240997,44.401751],[-115.241112,44.404902],[-115.238927,44.407495],[-115.239666,44.409894],[-115.23438,44.411792],[-115.231952,44.41415],[-115.231361,44.415347],[-115.232506,44.417127],[-115.232674,44.419097],[-115.228222,44.423521],[-115.228126,44.429236],[-115.228728,44.42974],[-115.228783,44.432853],[-115.229367,44.435991],[-115.228194,44.437205],[-115.22877,44.438926],[-115.228317,44.440482],[-115.229759,44.444724],[-115.231605,44.446878],[-115.230937,44.450044],[-115.229463,44.452426],[-115.227202,44.453622],[-115.228087,44.454503],[-115.230444,44.454253],[-115.231699,44.455989],[-115.232281,44.458556],[-115.230835,44.459266],[-115.22622,44.45996],[-115.224146,44.461004],[-115.223645,44.463449],[-115.224804,44.464626],[-115.228886,44.466243],[-115.23359,44.466487],[-115.235211,44.470045],[-115.233719,44.47061],[-115.23177,44.472587],[-115.228262,44.474135],[-115.226432,44.475418],[-115.227013,44.478805],[-115.226636,44.481361],[-115.22847,44.484696],[-115.227046,44.486243],[-115.228168,44.487314],[-115.227553,44.489343],[-115.228289,44.490716],[-115.232558,44.492844],[-115.234489,44.495545],[-115.236931,44.49703],[-115.237086,44.499112],[-115.238747,44.500955],[-115.23932,44.50271],[-115.23761,44.505531],[-115.238814,44.507322],[-115.238271,44.510978],[-115.239813,44.512363],[-115.242876,44.511622],[-115.244675,44.51204],[-115.244475,44.513633],[-115.245768,44.514626],[-115.246149,44.517369],[-115.247135,44.519717],[-115.249765,44.520844],[-115.252703,44.520114],[-115.252728,44.518128],[-115.255197,44.517068],[-115.260698,44.517992],[-115.263746,44.518102],[-115.266781,44.520051],[-115.268578,44.519723],[-115.27001,44.518414],[-115.272588,44.518844],[-115.276144,44.517945],[-115.280548,44.518568],[-115.28207,44.520797],[-115.282096,44.523465],[-115.280372,44.525353],[-115.280393,44.526486],[-115.286712,44.529723],[-115.291408,44.531631],[-115.294503,44.532124],[-115.294281,44.533944],[-115.291441,44.53664],[-115.29036,44.542716],[-115.293908,44.544766],[-115.2945,44.546216],[-115.294459,44.549161],[-115.298152,44.551311],[-115.297275,44.552908],[-115.298596,44.554599],[-115.298362,44.555759],[-115.300098,44.55933],[-115.299093,44.562432],[-115.301072,44.563478],[-115.300635,44.565189],[-115.301672,44.566756],[-115.300275,44.568141],[-115.302812,44.569497],[-115.302587,44.572541],[-115.304313,44.575707],[-115.304032,44.577569],[-115.305042,44.579592]]]}},{"type":"Feature","properties":{"fips":"16000","lea_geoid":"1602520","district_name":"Orofino Joint School District 171","state_fips":"16","state_abbr":"ID","county_name":"","county_fips":"000"},"geometry":{"type":"Polygon","coordinates":[[[-116.518735,46.571098],[-116.466517,46.571384],[-116.466354,46.578465],[-116.456115,46.578569],[-116.455881,46.585694],[-116.454363,46.585745],[-116.392948,46.585858],[-116.392944,46.628967],[-116.32954,46.627957],[-116.329595,46.656905],[-116.329149,46.65661],[-116.267222,46.656924],[-116.267055,46.658725],[-116.009336,46.658526],[-116.009602,46.657069],[-116.007889,46.656371],[-116.006749,46.657496],[-116.003199,46.664254],[-116.002107,46.667876],[-115.996815,46.671198],[-115.994684,46.673726],[-115.994127,46.675463],[-115.994586,46.679343],[-115.996708,46.683544],[-115.997352,46.686888],[-116.000497,46.690387],[-116.002092,46.694755],[-116.00662,46.698784],[-116.01047,46.699963],[-116.014979,46.702025],[-116.017122,46.704965],[-116.01576,46.711579],[-116.016265,46.714153],[-116.014719,46.716033],[-116.011231,46.719022],[-116.00523,46.722382],[-116.000592,46.728734],[-115.997533,46.730008],[-115.992895,46.730407],[-115.98806,46.732588],[-115.985164,46.735927],[-115.984186,46.737882],[-115.982306,46.739081],[-115.978835,46.739012],[-115.976829,46.739718],[-115.974791,46.741926],[-115.973302,46.745414],[-115.971507,46.748386],[-115.968828,46.751658],[-115.968946,46.756845],[-115.970453,46.760361],[-115.972577,46.762805],[-115.97313,46.765569],[-115.971862,46.768399],[-115.970534,46.769707],[-115.962466,46.773284],[-115.96351,46.774],[-115.961972,46.774613],[-115.962342,46.777572],[-115.964439,46.781754],[-115.962682,46.785399],[-115.957964,46.789174],[-115.957008,46.79164],[-115.952845,46.794063],[-115.950686,46.798566],[-115.947541,46.80189],[-115.944272,46.802769],[-115.94221,46.804713],[-115.935175,46.808194],[-115.932523,46.810532],[-115.930519,46.813706],[-115.925739,46.813427],[-115.921792,46.814177],[-115.922283,46.815776],[-115.921877,46.816156],[-115.921656,46.818241],[-115.916612,46.826504],[-115.914187,46.827092],[-115.910754,46.826968],[-115.907332,46.826174],[-115.903606,46.82585],[-115.898117,46.827279],[-115.891274,46.830727],[-115.891269,46.847788],[-115.852725,46.847821],[-115.73951,46.847917],[-115.681245,46.847553],[-115.659044,46.84599],[-115.638588,46.846441],[-115.638478,46.933862],[-115.638137,46.933438],[-115.636166,46.933363],[-114.959275310333,46.9328693979985],[-114.960964,46.930408],[-114.952681,46.926649],[-114.949795,46.926407],[-114.941931,46.924075],[-114.935305,46.919741],[-114.929943,46.919937],[-114.925295,46.918749],[-114.922062,46.912487],[-114.929333,46.909889],[-114.931042,46.904087],[-114.933531,46.903586],[-114.936724,46.897329],[-114.935111,46.894885],[-114.935832,46.892525],[-114.932485,46.887712],[-114.931058,46.882108],[-114.931608,46.876799],[-114.940551,46.868404],[-114.943812,46.868157],[-114.948339,46.861057],[-114.948039,46.85964],[-114.94209,46.85655],[-114.937807,46.856989],[-114.928853,46.854935],[-114.926777,46.851037],[-114.924287,46.848603],[-114.924273528047,46.8481202550312],[-114.924257,46.847528],[-114.928666,46.843635],[-114.927681725081,46.8411750934597],[-114.926775,46.838909],[-114.928672,46.836408],[-114.927714,46.833611],[-114.925164,46.833689],[-114.920731,46.827083],[-114.918416,46.827249],[-114.915275,46.825409],[-114.910656,46.8244],[-114.906273,46.82236],[-114.899571,46.822597],[-114.898236,46.822001],[-114.897881,46.820205],[-114.895111,46.817438],[-114.898391,46.80969],[-114.896498,46.80605],[-114.895189,46.80163],[-114.89097,46.80273],[-114.887113,46.809457],[-114.874855,46.811858],[-114.865779,46.814529],[-114.861142,46.811638],[-114.860604,46.8057],[-114.857715,46.803467],[-114.855233,46.800595],[-114.850847,46.798835],[-114.847645,46.79585],[-114.841242,46.793149],[-114.836784,46.792556],[-114.829613,46.782967],[-114.825598,46.78205],[-114.823612,46.782762],[-114.8194,46.781385],[-114.80796,46.782214],[-114.803423,46.777943],[-114.799145,46.775881],[-114.78955,46.779114],[-114.787877,46.78183],[-114.787046,46.781949],[-114.784838,46.780019],[-114.786431,46.777886],[-114.783634,46.768666],[-114.779424,46.768598],[-114.779033,46.767045],[-114.773819,46.765207],[-114.77384,46.762663],[-114.76519,46.758254],[-114.765205,46.75804],[-114.767301,46.753998],[-114.765846,46.751239],[-114.768002,46.749172],[-114.767774,46.74684],[-114.765578,46.745623],[-114.76666,46.741695],[-114.769982,46.735027],[-114.772821,46.733187],[-114.773741,46.731749],[-114.775706,46.731341],[-114.777859,46.731519],[-114.77967,46.730406],[-114.779635,46.728589],[-114.782755,46.72635],[-114.783316,46.722548],[-114.782207,46.720543],[-114.782268,46.71933],[-114.784737,46.7179],[-114.788555,46.713661],[-114.788146,46.712122],[-114.782189,46.708026],[-114.781548,46.70678],[-114.778848,46.70669],[-114.769102,46.704982],[-114.768523,46.704516],[-114.769515,46.699909],[-114.767272,46.697195],[-114.766008,46.697015],[-114.763885,46.697672],[-114.760782,46.696734],[-114.75256,46.697156],[-114.748048,46.698978],[-114.748371,46.701368],[-114.745587,46.705181],[-114.741682,46.708613],[-114.742086,46.710454],[-114.739773,46.711941],[-114.726135,46.71457],[-114.717421,46.714031],[-114.713923,46.715061],[-114.710766,46.717297],[-114.71018,46.72019],[-114.708056,46.723358],[-114.708634,46.727206],[-114.703382,46.729994],[-114.700022,46.733735],[-114.701193,46.734873],[-114.700717,46.737671],[-114.698594,46.740451],[-114.696546,46.740498],[-114.689444,46.736587],[-114.685366,46.736949],[-114.681989,46.738863],[-114.674996,46.736834],[-114.674941986649,46.7368334719963],[-114.671211,46.736797],[-114.666718,46.739176],[-114.664572,46.739084],[-114.661004,46.735661],[-114.658536,46.734512],[-114.65075,46.733457],[-114.646818,46.730876],[-114.64578,46.727879],[-114.646385,46.726584],[-114.644627,46.722832],[-114.641601,46.722494],[-114.638915,46.72139],[-114.638234,46.720173],[-114.633342,46.715571],[-114.631469,46.715755],[-114.630468,46.714565],[-114.624636,46.711791],[-114.624184,46.709629],[-114.621526,46.707879],[-114.620987,46.70613],[-114.623165,46.702186],[-114.62418,46.695471],[-114.623047,46.694788],[-114.623169,46.691638],[-114.626353,46.687964],[-114.631841,46.683947],[-114.641664,46.679191],[-114.640231,46.675405],[-114.642246,46.673618],[-114.641824,46.672527],[-114.637933,46.672385],[-114.63484,46.672988],[-114.633468,46.672354],[-114.633057,46.669979],[-114.634039,46.669299],[-114.637369,46.668089],[-114.639794,46.665981],[-114.638989,46.664505],[-114.635779,46.659476],[-114.634614,46.659198],[-114.630523,46.6594],[-114.621023,46.657982],[-114.614464,46.654677],[-114.615298,46.652739],[-114.611981,46.65044],[-114.611656,46.647453],[-114.616354,46.643646],[-114.61415,46.639059],[-114.605269,46.635822],[-114.599871,46.636126],[-114.594490940697,46.6337754400838],[-114.594634,46.633448],[-114.844145,46.595833],[-115.628957,46.473618],[-115.630708,46.473038],[-115.63123,46.472625],[-115.629644,46.466605],[-115.630027,46.465586],[-115.633934,46.462524],[-115.636649,46.456478],[-115.636001,46.455775],[-115.637017,46.453601],[-115.63632,46.452886],[-115.639282,46.450768],[-115.639772,46.447799],[-115.636695,46.44599],[-115.635832,46.443757],[-115.636237,46.441908],[-115.634609,46.437298],[-115.636755,46.437387],[-115.637611,46.436535],[-115.640604,46.436668],[-115.643446,46.435251],[-115.647393,46.435602],[-115.650484,46.432372],[-115.649375,46.430811],[-115.650871,46.430156],[-115.651473,46.428502],[-115.65061,46.428317],[-115.650717,46.426098],[-115.649042,46.425369],[-115.650213,46.42376],[-115.649581,46.42245],[-115.65048,46.421189],[-115.653771,46.420204],[-115.655344,46.417659],[-115.658103,46.417631],[-115.658675,46.415607],[-115.660163,46.414619],[-115.666383,46.413573],[-115.666408,46.412514],[-115.670333,46.409953],[-115.672498,46.409659],[-115.672236,46.407856],[-115.674502,46.406998],[-115.674991,46.405736],[-115.673685,46.404912],[-115.675554,46.40366],[-115.675381,46.402277],[-115.678485,46.398365],[-115.680538,46.39729],[-115.681084,46.39423],[-115.683631,46.392451],[-115.6887,46.391456],[-115.689291,46.392313],[-115.691938,46.392648],[-115.695222,46.391714],[-115.69469,46.390467],[-115.696255,46.389023],[-115.697755,46.390291],[-115.699552,46.38978],[-115.699429,46.388476],[-115.701777,46.385],[-115.702837,46.384564],[-115.704778,46.380003],[-115.705892,46.37976],[-115.708776,46.381416],[-115.714129,46.381617],[-115.715008,46.37862],[-115.716638,46.378859],[-115.722679,46.375645],[-115.724981,46.373144],[-115.724027,46.371776],[-115.728841,46.369362],[-115.731712,46.366466],[-115.731743,46.365108],[-115.733462,46.363517],[-115.731647,46.362636],[-115.732465,46.360512],[-115.730512,46.358864],[-115.730383,46.357803],[-115.733467,46.356672],[-115.73472,46.355418],[-115.731965,46.352105],[-115.732871,46.349396],[-115.734951,46.347636],[-115.733869,46.345912],[-115.733685,46.342841],[-115.732104,46.342929],[-115.730982,46.340766],[-115.731836,46.339079],[-115.731846,46.336432],[-115.734095,46.331676],[-115.732512,46.329663],[-115.733648,46.329003],[-115.739085,46.329633],[-115.740112,46.329257],[-115.741698,46.327861],[-115.739057,46.324161],[-115.739694,46.323036],[-115.7394,46.319907],[-115.744991,46.319454],[-115.746017,46.318912],[-115.747025,46.315787],[-115.748271,46.313751],[-115.750156,46.31247],[-115.749552,46.310691],[-115.750329,46.3101],[-115.752318,46.310382],[-115.754184,46.309509],[-115.752178,46.305097],[-115.753003,46.302999],[-115.752043,46.299705],[-115.749383,46.298051],[-115.748702,46.296657],[-115.750782,46.294879],[-115.752981,46.294247],[-115.754444,46.291492],[-115.755695,46.291312],[-115.757719,46.289607],[-115.761296,46.289044],[-115.761115,46.288021],[-115.756854,46.285115],[-115.756955,46.284238],[-115.761061,46.283608],[-115.764306,46.281911],[-115.765546,46.282496],[-115.76848,46.281957],[-115.771076,46.280511],[-115.773458,46.280142],[-115.775949,46.277976],[-115.774868,46.276239],[-115.775068,46.274088],[-115.773802,46.27379],[-115.774598,46.272353],[-115.777175,46.270863],[-115.778831,46.267351],[-115.780818,46.26725],[-115.787705,46.268788],[-115.790109,46.268179],[-115.790182,46.26719],[-115.794021,46.266209],[-115.797624,46.267264],[-115.799108,46.268588],[-115.80304,46.270704],[-115.80361,46.272202],[-115.805283,46.272433],[-115.806808,46.271823],[-115.805847,46.269933],[-115.808248,46.26909],[-115.806838,46.26719],[-115.813149,46.266444],[-115.814741,46.265755],[-115.815782,46.266999],[-115.815437,46.268867],[-115.8192,46.271341],[-115.820879,46.273723],[-115.823267,46.273924],[-115.824617,46.272665],[-115.82769,46.271802],[-115.829488,46.273355],[-115.832868,46.274625],[-115.835868,46.274862],[-115.837722,46.27626],[-115.837286,46.278353],[-115.838674,46.278755],[-115.84316,46.27782],[-115.847589,46.280473],[-115.848474,46.282552],[-115.851056,46.281702],[-115.853843,46.281984],[-115.857204,46.280774],[-115.858795,46.281429],[-115.860168,46.280576],[-115.864205,46.280903],[-115.86592,46.282626],[-115.871617,46.284388],[-115.875881,46.283481],[-115.877829,46.284392],[-115.879613,46.283774],[-115.881365,46.284467],[-115.886265,46.284677],[-115.886977,46.28659],[-115.887852,46.286241],[-115.892564,46.288611],[-115.894538,46.288044],[-115.896233,46.288647],[-115.897452,46.290219],[-115.900648,46.290973],[-115.903613,46.289995],[-115.905652,46.290725],[-115.91536,46.290295],[-115.917985,46.290947],[-115.918738,46.290383],[-115.923054,46.290962],[-115.925376,46.290277],[-115.928219,46.290411],[-115.929529,46.288711],[-115.933009,46.290422],[-115.934868,46.290699],[-115.938055,46.292483],[-115.940598,46.291779],[-115.942873,46.29235],[-115.945792,46.291806],[-115.951692,46.291518],[-115.957268,46.288931],[-115.959385,46.289591],[-115.960657,46.291365],[-115.966107,46.291963],[-115.968716,46.293762],[-115.972558,46.294657],[-115.975226,46.293906],[-115.976614,46.294601],[-115.978704,46.294389],[-115.980712,46.295953],[-115.980767,46.299668],[-115.983424,46.300232],[-115.985108,46.301491],[-115.989571,46.302888],[-115.992092,46.304231],[-115.999438,46.30652],[-116.000039,46.309316],[-116.001439,46.310083],[-116.004605,46.310538],[-116.005911,46.311322],[-116.007129,46.314181],[-116.008526,46.31528],[-116.01242,46.316604],[-116.014652,46.318468],[-116.021299,46.325556],[-116.023634,46.327375],[-116.027945,46.332636],[-116.032255,46.335772],[-116.032884,46.337112],[-116.033095,46.34078],[-116.03577,46.340703],[-116.03931,46.341536],[-116.039788,46.343757],[-116.038657,46.34689],[-116.042779,46.348499],[-116.045502,46.350025],[-116.048787,46.352666],[-116.051959,46.353008],[-116.053104,46.355522],[-116.057549,46.356022],[-116.060587,46.356959],[-116.062217,46.35861],[-116.065609,46.359351],[-116.068442,46.360611],[-116.072226,46.360623],[-116.076088,46.361988],[-116.081959,46.361555],[-116.086013,46.360945],[-116.08974,46.359154],[-116.093381,46.360409],[-116.101959,46.361736],[-116.103013,46.362414],[-116.108696,46.364104],[-116.113393,46.363983],[-116.118563,46.357963],[-116.12267,46.354898],[-116.131005,46.354186],[-116.132466,46.354431],[-116.134058,46.356794],[-116.137828,46.360105],[-116.142294,46.362333],[-116.144244,46.367398],[-116.148102,46.369338],[-116.15027,46.369472],[-116.153729,46.370893],[-116.156676,46.370941],[-116.161454,46.372097],[-116.16501,46.372549],[-116.170272,46.371588],[-116.168157,46.37005],[-116.16687,46.367595],[-116.166386,46.36326],[-116.164455,46.357123],[-116.160575,46.352987],[-116.155541,46.350537],[-116.153309,46.348068],[-116.152365,46.344654],[-116.152208,46.341434],[-116.151206,46.340052],[-116.14942,46.33944],[-116.148007,46.337429],[-116.147399,46.334472],[-116.145427,46.333098],[-116.142319,46.329575],[-116.141172,46.326022],[-116.139035,46.322027],[-116.136185,46.317506],[-116.134631,46.313611],[-116.131826,46.308421],[-116.129787,46.306974],[-116.128475,46.305206],[-116.127391,46.30128],[-116.133527,46.301494],[-116.138831,46.300887],[-116.140429,46.301141],[-116.143113,46.300533],[-116.146105,46.300868],[-116.153574,46.304826],[-116.158556,46.303386],[-116.158307,46.340281],[-116.17881,46.34006],[-116.179077,46.36939],[-116.189961,46.369392],[-116.190437,46.398406],[-116.211594,46.398244],[-116.211864,46.41291],[-116.220638,46.41298],[-116.220646,46.42129],[-116.222234,46.421076],[-116.222182,46.427339],[-116.232759,46.427363],[-116.232883,46.442053],[-116.253931,46.442016],[-116.253926,46.449236],[-116.259052,46.449347],[-116.259398,46.45068],[-116.259416,46.456674],[-116.264264,46.45664],[-116.264342,46.471078],[-116.274857,46.471034],[-116.27474,46.47834],[-116.300983,46.478288],[-116.329727,46.478191],[-116.341972,46.478171],[-116.342991,46.478142],[-116.3459,46.478167],[-116.34837,46.478162],[-116.34844,46.48019],[-116.348456,46.482438],[-116.348386,46.482634],[-116.348456,46.485345],[-116.369363,46.485402],[-116.369279,46.482816],[-116.369122,46.466923],[-116.370685,46.467714],[-116.375527,46.468936],[-116.37947,46.468898],[-116.382782,46.468409],[-116.385761,46.469357],[-116.392141,46.469006],[-116.393818,46.468243],[-116.395948,46.468862],[-116.397444,46.468017],[-116.400228,46.46774],[-116.399692,46.446532],[-116.399951,46.439397],[-116.398552,46.437854],[-116.39493,46.436955],[-116.394652,46.434975],[-116.410774,46.434892],[-116.410566,46.442226],[-116.42718,46.442634],[-116.426596,46.45703],[-116.453098,46.456857],[-116.452905,46.449336],[-116.464387,46.449346],[-116.464406,46.446063],[-116.469297,46.446171],[-116.474464,46.446042],[-116.474545,46.457334],[-116.48402,46.457158],[-116.48402,46.460286],[-116.494078,46.46021],[-116.494157,46.465105],[-116.494213,46.467538],[-116.491445,46.467579],[-116.489396,46.467615],[-116.489396,46.470334],[-116.489396,46.478531],[-116.473177,46.478416],[-116.472758,46.499831],[-116.471409,46.499538],[-116.465365,46.496757],[-116.461237,46.494335],[-116.456488,46.490412],[-116.452306,46.489643],[-116.451558,46.490833],[-116.451641,46.518585],[-116.477288,46.518395],[-116.47838,46.518658],[-116.478285,46.52229],[-116.472925,46.52229],[-116.472839,46.525767],[-116.499504,46.525902],[-116.499504,46.529491],[-116.493826,46.529402],[-116.494227,46.554402],[-116.498174,46.554171],[-116.498183,46.556338],[-116.506785,46.557987],[-116.512549,46.560939],[-116.515696,46.561946],[-116.519011,46.561773],[-116.518735,46.571098]]]}},{"type":"Feature","properties":{"fips":"16000","lea_geoid":"1601740","district_name":"Kootenai Joint School District 274","state_fips":"16","state_abbr":"ID","county_name":"","county_fips":"000"},"geometry":{"type":"Polygon","coordinates":[[[-116.861494,47.485063],[-116.858423,47.488833],[-116.828494,47.520331],[-116.820718,47.525621],[-116.816228,47.529311],[-116.813444,47.533002],[-116.812343,47.535889],[-116.812391,47.537701],[-116.806734,47.543854],[-116.806778,47.54536],[-116.804253,47.550732],[-116.802393,47.553843],[-116.802073,47.555589],[-116.802819,47.558686],[-116.805508,47.565711],[-116.807388,47.566853],[-116.808158,47.594023],[-116.790625,47.612971],[-116.788487,47.614067],[-116.768603,47.61443],[-116.753976,47.614373],[-116.753857,47.60603],[-116.754347,47.591554],[-116.72062,47.591704],[-116.720747,47.584303],[-116.645803,47.584472],[-116.592616,47.584688],[-116.591856,47.584745],[-116.525114,47.58426],[-116.523583,47.542767],[-116.522627,47.542768],[-116.522322,47.528295],[-116.480274,47.528528],[-116.480022,47.512341],[-116.479337,47.462923],[-116.438727,47.463204],[-116.464549,47.435845],[-116.485644,47.412967],[-116.522855,47.413185],[-116.522869,47.414376],[-116.586549,47.414695],[-116.586486,47.400276],[-116.586489,47.393148],[-116.575882,47.393148],[-116.575896,47.378685],[-116.58119,47.378676],[-116.581166,47.37145],[-116.586487,47.371454],[-116.586441,47.369608],[-116.597063,47.369591],[-116.597033,47.362354],[-116.628975,47.362315],[-116.629059,47.371438],[-116.735395,47.371455],[-116.735215,47.385917],[-116.749616,47.385888],[-116.749074,47.391045],[-116.748762,47.402519],[-116.750484,47.409491],[-116.760966,47.421123],[-116.77901,47.437641],[-116.787213,47.446043],[-116.789857,47.447767],[-116.793147,47.449],[-116.796373,47.449795],[-116.799459,47.450109],[-116.805266,47.450811],[-116.812048,47.451046],[-116.819346,47.451638],[-116.826489,47.454186],[-116.836391,47.459256],[-116.842439,47.463639],[-116.854625,47.470314],[-116.858696,47.474368],[-116.86082,47.477639],[-116.862518,47.482493],[-116.861494,47.485063]]]}},{"type":"Feature","properties":{"fips":"16000","lea_geoid":"1600540","district_name":"Camas County School District 121","state_fips":"16","state_abbr":"ID","county_name":"","county_fips":"000"},"geometry":{"type":"Polygon","coordinates":[[[-115.086574,43.370329],[-115.08359,43.370454],[-115.083071,43.604399],[-115.079944,43.604219],[-115.077914,43.606654],[-115.075706,43.606952],[-115.073511,43.605933],[-115.071551,43.604185],[-115.067455,43.601917],[-115.065595,43.599765],[-115.063636,43.601673],[-115.062218,43.605707],[-115.058404,43.60856],[-115.05689,43.61071],[-115.054084,43.611479],[-115.051559,43.614839],[-115.046914,43.617556],[-115.041165,43.619766],[-115.038772,43.619998],[-115.033834,43.618636],[-115.032499,43.622031],[-115.036058,43.626393],[-115.034233,43.630899],[-115.035139,43.633549],[-115.033132,43.634768],[-115.034812,43.637545],[-115.034744,43.639654],[-115.036269,43.642679],[-115.036922,43.646802],[-115.034691,43.648834],[-115.032972,43.654738],[-115.031232,43.657217],[-115.030074,43.66058],[-115.032911,43.665638],[-115.033645,43.670289],[-115.036263,43.673038],[-115.036089,43.675375],[-115.034387,43.677735],[-115.031256,43.678652],[-115.029095,43.679966],[-115.028741,43.681748],[-115.026628,43.684645],[-115.023223,43.685681],[-115.021791,43.687458],[-115.022122,43.68989],[-115.02065,43.690284],[-115.015745,43.693603],[-115.010213,43.695037],[-115.00884,43.696912],[-115.010106,43.700329],[-115.00995,43.70204],[-115.010971,43.703301],[-115.011598,43.705863],[-115.010872,43.709917],[-115.010006,43.712261],[-115.009699,43.715585],[-115.012474,43.718094],[-115.015461,43.723116],[-115.015343,43.726686],[-115.018149,43.72827],[-115.021169,43.727858],[-115.025391,43.728326],[-115.028851,43.727987],[-115.030102,43.728779],[-115.031475,43.732144],[-115.032156,43.735411],[-115.036069,43.739229],[-115.038272,43.739768],[-115.040391,43.7413],[-115.042029,43.743979],[-115.04234,43.745582],[-115.039219,43.748503],[-115.038581,43.749953],[-115.036568,43.751208],[-115.037709,43.752477],[-115.037849,43.754233],[-115.038958,43.756503],[-115.039008,43.758004],[-115.035393,43.760276],[-115.035232,43.761906],[-115.035938,43.765918],[-115.037907,43.766774],[-115.038188,43.767995],[-115.0359,43.771637],[-115.035999,43.773105],[-115.032866,43.776907],[-115.029946,43.782484],[-115.030565,43.783907],[-115.029346,43.784994],[-115.028801,43.788434],[-115.02971,43.790469],[-115.029465,43.793466],[-115.030508,43.794663],[-115.030047,43.796881],[-115.027015,43.802961],[-115.026848,43.805425],[-115.025326,43.808224],[-115.022178,43.809384],[-115.021934,43.81231],[-115.022703,43.81443],[-115.02183,43.815451],[-115.019075,43.816691],[-115.018701,43.817578],[-115.019426,43.819519],[-115.019756,43.822956],[-115.017051,43.824158],[-115.012498,43.82751],[-115.009547,43.827209],[-115.004164,43.828757],[-115.001959,43.831256],[-115.002876,43.833344],[-115.003341,43.836962],[-115.003372,43.842145],[-115.001099,43.844695],[-114.999911,43.845265],[-114.99909,43.847679],[-115.000697,43.849819],[-115.000501,43.851244],[-114.997392,43.853581],[-114.992593,43.855892],[-114.989258,43.858563],[-114.986394,43.857607],[-114.981266,43.854938],[-114.979216,43.854969],[-114.974739,43.854022],[-114.97304,43.852996],[-114.971411,43.849557],[-114.970234,43.848601],[-114.969282,43.848585],[-114.962489,43.852157],[-114.961252,43.852096],[-114.958956,43.853742],[-114.951885,43.854275],[-114.947299,43.850432],[-114.943679,43.848991],[-114.941617,43.846609],[-114.934227,43.842615],[-114.93325,43.841125],[-114.93103,43.840038],[-114.927666,43.83946],[-114.924127,43.837084],[-114.91604,43.836727],[-114.915036,43.835469],[-114.912101,43.833553],[-114.911117,43.831809],[-114.908549,43.831528],[-114.9025,43.828894],[-114.900796,43.828552],[-114.894404,43.82986],[-114.888261,43.82808],[-114.8858,43.824279],[-114.881982,43.823135],[-114.875994,43.823145],[-114.871479,43.822497],[-114.867717,43.822458],[-114.865352,43.821998],[-114.861332,43.819888],[-114.859493,43.818039],[-114.857275,43.817436],[-114.85211,43.81807],[-114.850118,43.817818],[-114.847781,43.816381],[-114.848675,43.814238],[-114.847644,43.811189],[-114.848013,43.810119],[-114.851121,43.807111],[-114.853736,43.805884],[-114.854456,43.803073],[-114.854565,43.80004],[-114.855964,43.795513],[-114.854389,43.791655],[-114.851506,43.791082],[-114.847729,43.792838],[-114.844398,43.792811],[-114.839812,43.79455],[-114.83538,43.793978],[-114.831773,43.793056],[-114.831565,43.79197],[-114.831437,43.790533],[-114.828909,43.788002],[-114.827333,43.788177],[-114.822805,43.790953],[-114.818988,43.795087],[-114.816923,43.796239],[-114.815102,43.79853],[-114.809411,43.799215],[-114.806407,43.800211],[-114.802559,43.80043],[-114.800474,43.802732],[-114.797921,43.802083],[-114.795967,43.802301],[-114.794134,43.801646],[-114.786877,43.802608],[-114.783367,43.800541],[-114.780457,43.800691],[-114.778688,43.797036],[-114.774908,43.792412],[-114.771437,43.793585],[-114.764265,43.793133],[-114.760227,43.791641],[-114.758292,43.793744],[-114.75677,43.796261],[-114.756143,43.799009],[-114.755093,43.800638],[-114.752711,43.801422],[-114.75006,43.801235],[-114.744493,43.804686],[-114.742824,43.804988],[-114.74158,43.806523],[-114.740374,43.806837],[-114.736361,43.805929],[-114.732851,43.807172],[-114.730516,43.807408],[-114.728113,43.806217],[-114.724843,43.805801],[-114.722464,43.807],[-114.720281,43.810573],[-114.7195,43.814799],[-114.716335,43.815392],[-114.714648,43.814669],[-114.713272,43.812683],[-114.707598,43.808492],[-114.704673,43.807781],[-114.70205,43.805413],[-114.700521,43.80183],[-114.699029,43.799736],[-114.698149,43.794169],[-114.695546,43.791282],[-114.694052,43.788713],[-114.692627,43.78426],[-114.693995,43.782113],[-114.694178,43.779807],[-114.695319,43.777287],[-114.695412,43.775293],[-114.693837,43.773836],[-114.69364,43.771524],[-114.691801,43.769683],[-114.691572,43.768372],[-114.689138,43.76632],[-114.689429,43.764709],[-114.68868,43.763181],[-114.689933,43.759725],[-114.690966,43.754432],[-114.690847,43.751362],[-114.690171,43.75038],[-114.685104,43.746105],[-114.68282,43.743644],[-114.680302,43.742321],[-114.676366,43.744482],[-114.675049,43.744106],[-114.672034,43.744563],[-114.66983,43.744126],[-114.666655,43.740403],[-114.666068,43.738957],[-114.66969,43.733898],[-114.673192,43.731859],[-114.674983,43.729829],[-114.675277,43.727146],[-114.676331,43.725721],[-114.680102,43.724105],[-114.680002,43.71931],[-114.681482,43.716441],[-114.681885,43.713626],[-114.681372,43.710924],[-114.682227,43.708461],[-114.681407,43.705062],[-114.679361,43.702675],[-114.677305,43.701173],[-114.676211,43.698058],[-114.679018,43.696771],[-114.68103,43.695126],[-114.686458,43.692407],[-114.687796,43.690982],[-114.686727,43.689099],[-114.688032,43.686059],[-114.687503,43.683419],[-114.684953,43.680891],[-114.682054,43.675836],[-114.679156,43.674172],[-114.679612,43.672747],[-114.67915,43.669946],[-114.675646,43.668425],[-114.673294,43.669032],[-114.66856,43.668626],[-114.666891,43.666316],[-114.666662,43.66486],[-114.662311,43.660705],[-114.662751,43.657923],[-114.661137,43.655476],[-114.662279,43.654184],[-114.663315,43.650756],[-114.662619,43.64909],[-114.663816,43.646392],[-114.662701,43.644523],[-114.666313,43.643097],[-114.669846,43.640269],[-114.672512,43.636425],[-114.671338,43.634855],[-114.670976,43.632533],[-114.668697,43.629489],[-114.671083,43.626711],[-114.670856,43.623982],[-114.672374,43.622452],[-114.673034,43.620436],[-114.675163,43.62062],[-114.679081,43.616262],[-114.679692,43.613951],[-114.680817,43.613078],[-114.681998,43.608914],[-114.681241,43.606982],[-114.680456,43.602727],[-114.681739,43.6002],[-114.682125,43.596474],[-114.68314,43.593367],[-114.682355,43.590349],[-114.67869,43.591863],[-114.673754,43.593138],[-114.671384,43.593057],[-114.668078,43.593919],[-114.664609,43.594058],[-114.662451,43.594635],[-114.658673,43.592969],[-114.655712,43.59346],[-114.651649,43.592996],[-114.647831,43.588716],[-114.647294,43.587066],[-114.645189,43.585901],[-114.642495,43.583187],[-114.642786,43.580315],[-114.642072,43.578249],[-114.638001,43.576821],[-114.636801,43.575968],[-114.636134,43.573608],[-114.63491,43.573377],[-114.630169,43.574518],[-114.625751,43.574703],[-114.622688,43.575399],[-114.620875,43.574462],[-114.616856,43.569345],[-114.611597,43.568264],[-114.610497,43.567007],[-114.611,43.565087],[-114.609259,43.565943],[-114.607355,43.565696],[-114.602227,43.567453],[-114.601154,43.567019],[-114.599869,43.56475],[-114.594239,43.563198],[-114.59125,43.560492],[-114.589373,43.560353],[-114.586743,43.558826],[-114.587744,43.556007],[-114.588909,43.555344],[-114.589067,43.552553],[-114.587685,43.551257],[-114.584953,43.549913],[-114.590924,43.546422],[-114.590931,43.545075],[-114.592175,43.542412],[-114.593463,43.541025],[-114.595003,43.53806],[-114.594606,43.534912],[-114.596021,43.532698],[-114.595698,43.531235],[-114.591366,43.529391],[-114.589498,43.529201],[-114.587528,43.527398],[-114.582149,43.525179],[-114.580186,43.523328],[-114.579093,43.519861],[-114.580934,43.517655],[-114.579869,43.515842],[-114.577375,43.515407],[-114.574842,43.512358],[-114.573446,43.511771],[-114.570999,43.508944],[-114.57092,43.507407],[-114.568194,43.504485],[-114.565593,43.504364],[-114.562492,43.502538],[-114.561881,43.498907],[-114.560768,43.498022],[-114.558459,43.498005],[-114.553895,43.496834],[-114.550019,43.49703],[-114.548617,43.496551],[-114.547398,43.49739],[-114.543281,43.497302],[-114.540571,43.495207],[-114.535466,43.49261],[-114.529433,43.490722],[-114.526671,43.490849],[-114.519193,43.493205],[-114.516111,43.493314],[-114.516739,43.49069],[-114.514508,43.486194],[-114.513954,43.483524],[-114.508233,43.481512],[-114.506864,43.480321],[-114.506087,43.477904],[-114.508063,43.477051],[-114.508546,43.473372],[-114.508221,43.471079],[-114.510389,43.468859],[-114.510867,43.466454],[-114.512232,43.46435],[-114.512438,43.460454],[-114.514057,43.457937],[-114.516721,43.457617],[-114.517473,43.458271],[-114.517678,43.457362],[-114.520091,43.4551],[-114.523769,43.453114],[-114.526715,43.450686],[-114.52856,43.448217],[-114.531485,43.447311],[-114.530951,43.446477],[-114.532615,43.443959],[-114.532231,43.442548],[-114.534076,43.440629],[-114.533682,43.439827],[-114.537093,43.440453],[-114.537951,43.439609],[-114.54153,43.44122],[-114.543857,43.438685],[-114.546982,43.436034],[-114.546383,43.398404],[-114.526511,43.398365],[-114.526944,43.368602],[-114.534328,43.368616],[-114.534488,43.333383],[-114.532323,43.333292],[-114.529791,43.331844],[-114.524598,43.332585],[-114.523244,43.331725],[-114.521739,43.333047],[-114.518602,43.333136],[-114.515845,43.332184],[-114.508638,43.332895],[-114.506037,43.332027],[-114.503107,43.329105],[-114.498638,43.328616],[-114.494328,43.329531],[-114.488342,43.329032],[-114.485778,43.330018],[-114.484389,43.331786],[-114.480211,43.332422],[-114.476482,43.330589],[-114.471575,43.329464],[-114.469378,43.327745],[-114.466239,43.326745],[-114.464665,43.325523],[-114.461729,43.325009],[-114.459346,43.325756],[-114.456964,43.327197],[-114.454586,43.329641],[-114.449882,43.332192],[-114.446095,43.332423],[-114.442427,43.330927],[-114.439774,43.330779],[-114.437051,43.331406],[-114.4347,43.333304],[-114.4304,43.334206],[-114.427725,43.333381],[-114.425316,43.330671],[-114.421192,43.329728],[-114.41894,43.328445],[-114.417011,43.328314],[-114.408996,43.32966],[-114.407261,43.329556],[-114.402385,43.327679],[-114.394609,43.326209],[-114.394849,43.257561],[-114.374758,43.257514],[-114.374962,43.19964],[-114.494894,43.199689],[-114.494911,43.198365],[-114.545028,43.198199],[-114.594605,43.198345],[-114.74283,43.198506],[-114.892413,43.198389],[-115.086155,43.198064],[-115.086532,43.299263],[-115.086574,43.370329]]]}},{"type":"Feature","properties":{"fips":"16000","lea_geoid":"1600750","district_name":"Clark County School District 161","state_fips":"16","state_abbr":"ID","county_name":"","county_fips":"000"},"geometry":{"type":"Polygon","coordinates":[[[-112.995091,44.234126],[-112.934725,44.234166],[-112.934701,44.230246],[-112.813792,44.230281],[-112.813804186466,44.3761865074476],[-112.813153,44.376697],[-112.814121,44.383737],[-112.811943,44.387905],[-112.813072,44.393264],[-112.815129,44.394705],[-112.812986,44.397713],[-112.810937,44.398292],[-112.811106,44.398878],[-112.819944,44.400198],[-112.821489,44.402744],[-112.821896,44.407436],[-112.830697,44.415892],[-112.835699,44.421975],[-112.839362,44.423777],[-112.839427,44.425119],[-112.83613,44.42635],[-112.832644,44.429661],[-112.828137,44.431504],[-112.827617,44.432943],[-112.828402,44.440298],[-112.825861,44.443985],[-112.818189,44.447052],[-112.815353,44.452438],[-112.812698,44.454464],[-112.810881,44.454344],[-112.80946,44.453192],[-112.807706,44.453122],[-112.80581,44.455994],[-112.802497,44.457204],[-112.79758,44.461893],[-112.797236,44.466922],[-112.789483,44.472533],[-112.785506,44.479056],[-112.780185,44.482228],[-112.779844,44.484613],[-112.772152,44.483605],[-112.763486,44.487329],[-112.755182,44.488482],[-112.748912,44.490079],[-112.744163,44.488241],[-112.739289,44.491049],[-112.733947,44.499787],[-112.71911,44.504344],[-112.707815,44.503023],[-112.698023,44.499875],[-112.693082,44.500046],[-112.68863,44.498173],[-112.687634,44.495512],[-112.685869,44.493308],[-112.679299,44.492128],[-112.671972,44.491367],[-112.66357,44.486249],[-112.6553,44.487106],[-112.642505,44.489889],[-112.632993,44.491048],[-112.629649,44.488343],[-112.628524,44.482794],[-112.624741,44.483084],[-112.619361,44.487071],[-112.601955,44.490705],[-112.58485,44.481107],[-112.582725,44.482078],[-112.577211,44.48041],[-112.569669,44.482711],[-112.558995,44.482833],[-112.549346,44.484487],[-112.547445,44.483108],[-112.541712,44.483771],[-112.534688,44.47834],[-112.518174,44.475773],[-112.513437,44.474709],[-112.511753,44.470997],[-112.511445,44.467059],[-112.508763,44.46526],[-112.500189,44.462963],[-112.497017,44.467478],[-112.494062,44.468214],[-112.491162,44.470346],[-112.48503,44.470867],[-112.48365,44.47435],[-112.479885,44.474963],[-112.476115,44.478068],[-112.473946,44.479169],[-112.472041,44.4791],[-112.469182,44.478023],[-112.464369,44.47494],[-112.46035,44.475115],[-112.455536,44.471141],[-112.455278,44.466682],[-112.452831,44.466534],[-112.447774,44.467972],[-112.441877,44.46612],[-112.440905,44.464842],[-112.434807,44.461201],[-112.433867,44.458639],[-112.434544,44.455736],[-112.432982,44.454452],[-112.427547,44.453501],[-112.422939,44.454675],[-112.416451,44.453255],[-112.409256,44.457057],[-112.406709,44.457251],[-112.40258,44.456299],[-112.398686,44.453182],[-112.390771,44.450661],[-112.387339,44.447597],[-112.386297,44.447808],[-112.383036,44.451814],[-112.378327,44.455682],[-112.370043,44.465684],[-112.366692,44.467096],[-112.363989,44.476363],[-112.364398,44.479417],[-112.360888,44.485057],[-112.358483,44.485736],[-112.3566,44.493127],[-112.358347,44.496005],[-112.356812,44.497956],[-112.357201,44.505781],[-112.358258,44.507908],[-112.357872,44.510248],[-112.358233,44.519863],[-112.356718,44.524555],[-112.358917,44.528847],[-112.35421,44.535638],[-112.35181,44.537877],[-112.348794,44.538691],[-112.342633,44.537789],[-112.330673,44.538409],[-112.319198,44.53911],[-112.315008,44.5419],[-112.315047,44.550049],[-112.312899,44.553536],[-112.309598360783,44.5561196276157],[-112.307642,44.557651],[-112.304368,44.559109],[-112.298204,44.558936],[-112.297272,44.560663],[-112.292825,44.561681],[-112.291505,44.565139],[-112.288673,44.56791],[-112.286041,44.568605],[-112.275561,44.565799],[-112.266285,44.565859],[-112.258845,44.569204],[-112.256946,44.571301],[-112.250827,44.567676],[-112.247259,44.568561],[-112.242785,44.568091],[-112.24057,44.566698],[-112.235599,44.565081],[-112.229342,44.564108],[-112.2292,44.563574],[-112.230117,44.562759],[-112.230992,44.560016],[-112.230414,44.558095],[-112.227323,44.557529],[-112.227105,44.554645],[-112.228873,44.55318],[-112.229477,44.549494],[-112.221698,44.543519],[-112.193995,44.53688],[-112.183937,44.533067],[-112.179703,44.533021],[-112.177577,44.535165],[-112.164648,44.541533],[-112.153213,44.538517],[-112.148886,44.536756],[-112.145125,44.539347],[-112.137075,44.539767],[-112.135192,44.537147],[-112.132011,44.537759],[-112.129098,44.535964],[-112.126239,44.52883],[-112.114559,44.524985],[-112.108529,44.523757],[-112.106755,44.520829],[-112.101564,44.520847],[-112.096299,44.523212],[-112.093304,44.530002],[-112.080843,44.533828],[-112.074895,44.533581],[-112.069583,44.536901],[-112.063289,44.536121],[-112.054796,44.536255],[-112.050752,44.534433],[-112.045207,44.533383],[-112.042715,44.53227],[-112.038792,44.532806],[-112.037444,44.532234],[-112.036943,44.530323],[-112.034286,44.528431],[-112.032386,44.528725],[-112.03282,44.535103],[-112.034133,44.537716],[-112.035025,44.542691],[-112.032707,44.546642],[-112.026574,44.545853],[-112.020147,44.543333],[-112.016429,44.541925],[-112.013187,44.542621],[-112.010938,44.54316],[-112.00772,44.541008],[-112.005445,44.538421],[-112.002879,44.537782],[-111.999933,44.537893],[-111.99642,44.535577],[-111.994275,44.53515],[-111.992396,44.537347],[-111.988585,44.537151],[-111.980212,44.536275],[-111.977455,44.535837],[-111.971637,44.537609],[-111.969157,44.541547],[-111.966646,44.544767],[-111.964099,44.544085],[-111.962229,44.545242],[-111.961333,44.549011],[-111.959772,44.549499],[-111.954403,44.548666],[-111.951158,44.549918],[-111.948909,44.556301],[-111.947047,44.556978],[-111.941106,44.556152],[-111.934989,44.558022],[-111.923811,44.557324],[-111.919297,44.557464],[-111.916564,44.556333],[-111.908263,44.556435],[-111.899638,44.557553],[-111.894915,44.559992],[-111.893863,44.562856],[-111.891772,44.564068],[-111.889712,44.564646],[-111.887852,44.563413],[-111.882445,44.560781],[-111.879459,44.560409],[-111.874046,44.562745],[-111.870365,44.563531],[-111.869575,44.565834],[-111.868756,44.565834],[-111.866126,44.562811],[-111.867578,44.559595],[-111.864895,44.557116],[-111.863585,44.551339],[-111.857213,44.549054],[-111.856303,44.547735],[-111.856246,44.545855],[-111.851812,44.542751],[-111.849293,44.539837],[-111.844998,44.53207],[-111.842295,44.526173],[-111.835827,44.522576],[-111.829977,44.519495],[-111.830873,44.516847],[-111.824333,44.510748],[-111.82153,44.508941],[-111.8114,44.511334],[-111.80933,44.510503],[-111.808102,44.511177],[-111.809205,44.513071],[-111.808285,44.514186],[-111.806082,44.516121],[-111.808251,44.518388],[-111.807632,44.52065],[-111.804786,44.523671],[-111.801119,44.525985],[-111.795361,44.526594],[-111.789124,44.524942],[-111.785451,44.523598],[-111.782849,44.524522],[-111.78033,44.523853],[-111.777623,44.525097],[-111.772606,44.530103],[-111.770419,44.53006],[-111.763993,44.526734],[-111.761601,44.5268],[-111.759163,44.532968],[-111.746401,44.540766],[-111.742037,44.541162],[-111.737191,44.54306],[-111.731093,44.542655],[-111.727362,44.543996],[-111.721062,44.543962],[-111.715648,44.543369],[-111.713465,44.547371],[-111.709358,44.550222],[-111.705233,44.556773],[-111.704152,44.559648],[-111.701745,44.559952],[-111.691208,44.55658],[-111.688635,44.557153],[-111.685064,44.560864],[-111.682435,44.560864],[-111.679077,44.558522],[-111.673611,44.556699],[-111.666742,44.55607],[-111.663259,44.555432],[-111.661116,44.554096],[-111.659265,44.552663],[-111.654926,44.553405],[-111.652273,44.554898],[-111.645905,44.554687],[-111.636701,44.552532],[-111.632731,44.553268],[-111.624008,44.551319],[-111.617299725144,44.5502806204968],[-111.617207,44.492259],[-111.617585,44.487369],[-111.617592,44.409591],[-111.617437,44.401254],[-111.791624,44.40161],[-111.791541,44.317021],[-111.852276,44.316996],[-111.852457,44.231441],[-111.857871,44.231422],[-111.857851,44.187759],[-111.913744,44.18779],[-111.913601,44.144337],[-111.996053,44.144266],[-112.000155,44.143814],[-112.010709,44.143968],[-112.033664,44.144049],[-112.034317,44.057358],[-112.155935,44.05778],[-112.161161,44.057754],[-112.163204,44.057825],[-112.164139,44.057693],[-112.235727,44.0578],[-112.310036,44.058013],[-112.316499,44.058186],[-112.321632,44.057936],[-112.649403,44.058193],[-112.694744,44.058464],[-112.695242,43.971941],[-112.994323,43.972362],[-112.994213,44.0596],[-112.995189,44.059596],[-112.995091,44.234126]]]}},{"type":"Feature","properties":{"fips":"16000","lea_geoid":"1600330","district_name":"Bliss Joint School District 234","state_fips":"16","state_abbr":"ID","county_name":"","county_fips":"000"},"geometry":{"type":"Polygon","coordinates":[[[-115.125903,42.905192],[-115.122067,42.906773],[-115.119723,42.909011],[-115.11462,42.9106],[-115.112579,42.910332],[-115.109324,42.911049],[-115.103181,42.913156],[-115.097088,42.914327],[-115.093591,42.914034],[-115.08685,42.91467],[-115.086155,43.198064],[-114.892413,43.198389],[-114.891976,43.055281],[-114.890544,43.055264],[-114.891638,42.938512],[-114.882008,42.938511],[-114.881801,42.929494],[-114.881943,42.92799],[-114.881413,42.923691],[-114.85231,42.923618],[-114.850889,42.913612],[-114.850951,42.894577],[-114.844651,42.894213],[-114.841632,42.894122],[-114.841514,42.880368],[-114.847073,42.880181],[-114.851058,42.880296],[-114.879352,42.880191],[-114.879979,42.863706],[-114.886044,42.864372],[-114.892858,42.863991],[-114.896012,42.864408],[-114.899663,42.864047],[-114.902165,42.862959],[-114.90471,42.862985],[-114.905454,42.862671],[-114.9064,42.863236],[-114.90853,42.867741],[-114.910344,42.870035],[-114.916512,42.872819],[-114.918219,42.872592],[-114.924821,42.872592],[-114.925131,42.881],[-114.925772,42.880958],[-114.933297,42.883611],[-114.939678,42.883524],[-114.93974,42.887333],[-114.940963,42.887244],[-114.941019,42.890901],[-114.938523,42.890886],[-114.938517,42.887244],[-114.936874,42.887331],[-114.936796,42.888484],[-114.935071,42.889205],[-114.937499,42.892178],[-114.941351,42.894668],[-114.949517,42.894697],[-114.949561,42.898191],[-114.954356,42.898185],[-114.954514,42.901476],[-114.959409,42.901827],[-114.959502,42.905438],[-114.96429,42.905375],[-114.964216,42.908864],[-114.968917,42.908924],[-114.968504,42.912277],[-114.973435,42.912286],[-114.973472,42.908791],[-114.988313,42.908755],[-114.988575,42.905093],[-114.992597,42.905265],[-115.005125,42.905121],[-115.008585,42.904871],[-115.008203,42.908687],[-114.993293,42.908696],[-114.993283,42.917389],[-114.996296,42.91813],[-114.998823,42.918177],[-115.004144,42.917518],[-115.009312,42.915608],[-115.013199,42.917173],[-115.016381,42.918016],[-115.023421,42.918353],[-115.026017,42.917753],[-115.031964,42.914248],[-115.03382,42.912454],[-115.036133,42.911567],[-115.037774,42.911864],[-115.037715,42.903324],[-115.038174,42.901149],[-115.037897,42.894518],[-115.053263,42.894332],[-115.126149,42.894302],[-115.125903,42.905192]]]}},{"type":"Feature","properties":{"fips":"16000","lea_geoid":"1602850","district_name":"Salmon School District 291","state_fips":"16","state_abbr":"ID","county_name":"","county_fips":"000"},"geometry":{"type":"Polygon","coordinates":[[[-114.81868,44.748815],[-114.817574,44.751322],[-114.818235,44.752529],[-114.816577,44.753282],[-114.816403,44.754845],[-114.814852,44.756677],[-114.814988,44.757728],[-114.812581,44.759473],[-114.814168,44.761726],[-114.813025,44.763348],[-114.814318,44.766438],[-114.813336,44.768571],[-114.810216,44.769946],[-114.80982,44.772445],[-114.808176,44.774902],[-114.806383,44.77595],[-114.805508,44.779786],[-114.805876,44.780843],[-114.804658,44.783638],[-114.805314,44.7854],[-114.802951,44.787594],[-114.797714,44.79433],[-114.798061,44.797475],[-114.800451,44.799025],[-114.80415,44.798501],[-114.805969,44.7993],[-114.807645,44.801601],[-114.807688,44.804675],[-114.809267,44.805478],[-114.812407,44.808346],[-114.809021,44.812116],[-114.808145,44.814662],[-114.808544,44.817052],[-114.805858,44.820166],[-114.80283,44.821757],[-114.801652,44.823993],[-114.797593,44.82456],[-114.795396,44.825345],[-114.794232,44.828413],[-114.794808,44.829852],[-114.794459,44.834324],[-114.79309,44.836111],[-114.79232,44.83631],[-114.790421,44.833999],[-114.789023,44.833505],[-114.785613,44.834789],[-114.784954,44.836985],[-114.785487,44.838993],[-114.784696,44.839793],[-114.783601,44.840257],[-114.778605,44.840652],[-114.772608,44.84171],[-114.770879,44.841052],[-114.767625,44.841677],[-114.766449,44.842742],[-114.766256,44.844094],[-114.767272,44.846743],[-114.77072,44.849087],[-114.770946,44.851551],[-114.767405,44.853085],[-114.762651,44.853802],[-114.760777,44.856194],[-114.761659,44.858618],[-114.769801,44.86515],[-114.768305,44.868692],[-114.769221,44.87103],[-114.768911,44.872444],[-114.766888,44.874082],[-114.765966,44.874738],[-114.762282,44.875575],[-114.758163,44.873129],[-114.755404,44.873029],[-114.751585,44.874271],[-114.753753,44.877002],[-114.753568,44.877546],[-114.751563,44.878872],[-114.749936,44.879182],[-114.746796,44.878814],[-114.74068,44.879661],[-114.737536,44.878905],[-114.734551,44.878746],[-114.73196,44.880946],[-114.731681,44.883472],[-114.732387,44.885676],[-114.731844,44.886608],[-114.723294,44.891177],[-114.724223,44.892483],[-114.730521,44.892881],[-114.732111,44.893832],[-114.731409,44.897281],[-114.73066,44.898138],[-114.726731,44.900179],[-114.726875,44.903033],[-114.730962,44.905901],[-114.732857,44.909696],[-114.732541,44.911651],[-114.733069,44.914834],[-114.730514,44.916376],[-114.729001,44.919081],[-114.729164,44.920363],[-114.732495,44.921483],[-114.734014,44.922576],[-114.735905,44.925044],[-114.735789,44.92638],[-114.734617,44.92753],[-114.732034,44.928646],[-114.726882,44.92985],[-114.724057,44.932822],[-114.723272,44.934387],[-114.724603,44.937656],[-114.726554,44.940316],[-114.727625,44.942563],[-114.727584,44.943797],[-114.726265,44.945807],[-114.726696,44.947481],[-114.729284,44.948288],[-114.734801,44.948962],[-114.735701,44.949793],[-114.735356,44.954206],[-114.733896,44.955483],[-114.734284,44.957122],[-114.73405,44.959704],[-114.732496,44.962442],[-114.732117,44.964655],[-114.730869,44.966523],[-114.73051,44.969051],[-114.73153,44.971106],[-114.735476,44.972309],[-114.735991,44.974869],[-114.733595,44.976868],[-114.733366,44.980157],[-114.733837,44.983062],[-114.731328,44.985975],[-114.731728,44.990274],[-114.729334,44.996843],[-114.729129,44.999248],[-114.72992,45.00028],[-114.730064,45.002476],[-114.728858,45.003776],[-114.723115,45.005278],[-114.722092,45.006284],[-114.721531,45.008205],[-114.723565,45.011368],[-114.726371,45.012004],[-114.728735,45.013399],[-114.728455,45.014934],[-114.727199,45.01669],[-114.725262,45.017869],[-114.725306,45.019182],[-114.726408,45.021261],[-114.727451,45.021799],[-114.727601,45.025966],[-114.72672,45.028538],[-114.725549,45.029747],[-114.72409,45.032738],[-114.724211,45.033963],[-114.726322,45.035438],[-114.726279,45.036645],[-114.723343,45.039034],[-114.722527,45.041704],[-114.725825,45.043916],[-114.727035,45.045159],[-114.726734,45.047973],[-114.723928,45.050094],[-114.724757,45.052794],[-114.722898,45.055957],[-114.724673,45.057096],[-114.724677,45.0585],[-114.727651,45.061464],[-114.727567,45.063267],[-114.725904,45.066836],[-114.726637,45.068811],[-114.728858,45.071943],[-114.728645,45.073633],[-114.727714,45.074204],[-114.727226,45.075998],[-114.727236,45.079256],[-114.726111,45.080548],[-114.720962,45.084515],[-114.719528,45.086651],[-114.719485,45.087967],[-114.720725,45.088929],[-114.725714,45.089963],[-114.730172,45.092105],[-114.733191,45.09449],[-114.732789,45.095737],[-114.730472,45.097325],[-114.729658,45.100322],[-114.729822,45.102203],[-114.731227,45.105816],[-114.730386,45.108386],[-114.726614,45.109338],[-114.725564,45.111204],[-114.725462,45.116437],[-114.722624,45.119361],[-114.721482,45.121023],[-114.722972,45.124692],[-114.725887,45.126686],[-114.727823,45.128508],[-114.726305,45.129985],[-114.727197,45.135415],[-114.728126,45.138728],[-114.728044,45.141189],[-114.728662,45.145084],[-114.73227,45.151155],[-114.731356,45.152945],[-114.727974,45.156197],[-114.724984,45.158037],[-114.723553,45.160055],[-114.723722,45.164082],[-114.722352,45.166616],[-114.722141,45.170192],[-114.72074,45.173496],[-114.720542,45.175262],[-114.722817,45.178087],[-114.722057,45.180056],[-114.719265,45.182786],[-114.716048,45.187683],[-114.714208,45.188598],[-114.708965,45.18754],[-114.704322,45.188866],[-114.698839,45.189701],[-114.697086,45.191954],[-114.696065,45.195534],[-114.694001,45.197182],[-114.690385,45.199575],[-114.686895,45.204373],[-114.684947,45.207929],[-114.683353,45.212751],[-114.683273,45.21527],[-114.684483,45.218345],[-114.683627,45.220126],[-114.680803,45.221462],[-114.681784,45.223518],[-114.680993,45.225659],[-114.678691,45.228218],[-114.675715,45.232729],[-114.673372,45.234537],[-114.669716,45.235371],[-114.667857,45.235201],[-114.6645,45.236475],[-114.660723,45.240766],[-114.659601,45.243287],[-114.659534,45.248584],[-114.658042,45.249919],[-114.651388,45.252788],[-114.64962,45.257253],[-114.648403,45.258599],[-114.646336,45.25886],[-114.644913,45.260345],[-114.64267,45.261357],[-114.639291,45.261668],[-114.63699,45.26291],[-114.635205,45.264773],[-114.633994,45.267436],[-114.630786,45.268762],[-114.625742,45.272586],[-114.62402,45.274785],[-114.617818,45.277181],[-114.61468,45.279184],[-114.60747,45.281253],[-114.606349,45.28529],[-114.604692,45.286189],[-114.596689,45.293854],[-114.593325,45.297415],[-114.596021,45.298646],[-114.597138,45.298381],[-114.600461,45.296508],[-114.60394,45.295826],[-114.607963,45.298588],[-114.615164,45.302114],[-114.620004,45.305804],[-114.626185,45.309357],[-114.629291,45.312742],[-114.631521,45.316457],[-114.632652,45.317379],[-114.637192,45.318062],[-114.640786,45.319149],[-114.645496,45.322456],[-114.647709,45.326017],[-114.651916,45.327936],[-114.653952,45.329845],[-114.656514,45.333387],[-114.658521,45.334726],[-114.662062,45.335589],[-114.66347,45.336687],[-114.662835,45.339192],[-114.663334,45.34007],[-114.669993,45.342932],[-114.674668,45.348785],[-114.676374,45.351962],[-114.677559,45.355241],[-114.676646,45.35823],[-114.674548,45.362562],[-114.675205,45.3652],[-114.677394,45.365818],[-114.681476,45.364998],[-114.684025,45.364916],[-114.684943,45.365318],[-114.684648,45.367011],[-114.688606,45.369885],[-114.69214,45.368745],[-114.69548,45.368898],[-114.697644,45.370851],[-114.698726,45.372731],[-114.699914,45.377791],[-114.701047,45.378484],[-114.706532,45.379251],[-114.708407,45.383736],[-114.709159,45.387168],[-114.712049,45.389189],[-114.713578,45.39091],[-114.714893,45.394214],[-114.716235,45.39548],[-114.717946,45.396338],[-114.725,45.397368],[-114.730538,45.396172],[-114.732367,45.395219],[-114.734496,45.395371],[-114.736112,45.39732],[-114.739709,45.398975],[-114.741315,45.400235],[-114.740962,45.40136],[-114.742752,45.403789],[-114.744271,45.403542],[-114.748292,45.404837],[-114.749262,45.407235],[-114.751577,45.409099],[-114.760131,45.412049],[-114.763189,45.41409],[-114.764342,45.417396],[-114.766333,45.419878],[-114.768216,45.421328],[-114.765604,45.425987],[-114.764042,45.427524],[-114.764908,45.429109],[-114.768748,45.432374],[-114.769127,45.434557],[-114.77097,45.434438],[-114.78086,45.435627],[-114.783992,45.435726],[-114.7879,45.435281],[-114.793207,45.436334],[-114.795267,45.441009],[-114.792698,45.449326],[-114.793302,45.451052],[-114.792331,45.454136],[-114.788321,45.4567],[-114.787658,45.458262],[-114.788164,45.461026],[-114.790378,45.466178],[-114.794469,45.468445],[-114.79861,45.476255],[-114.796257,45.478818],[-114.794627,45.47984],[-114.795557,45.480385],[-114.796619,45.483491],[-114.794839,45.487835],[-114.793486,45.490086],[-114.79422,45.491317],[-114.793248,45.49409],[-114.797419,45.495981],[-114.798042,45.496793],[-114.795695,45.500553],[-114.795541,45.502502],[-114.793778,45.508309],[-114.790417,45.510306],[-114.788246,45.512489],[-114.783182,45.512144],[-114.778304,45.512286],[-114.774378,45.51361],[-114.769583,45.512423],[-114.767447,45.511463],[-114.765597,45.508729],[-114.761294,45.506981],[-114.759034,45.503572],[-114.756644,45.501247],[-114.751515,45.498072],[-114.746208,45.495767],[-114.743272,45.495714],[-114.740704,45.493143],[-114.738273,45.491732],[-114.735736,45.491159],[-114.73415,45.489897],[-114.730876,45.490774],[-114.728303,45.49059],[-114.725848,45.489709],[-114.718592,45.489352],[-114.714995,45.490266],[-114.711375,45.490213],[-114.70523,45.492555],[-114.700502,45.491079],[-114.697142,45.491903],[-114.690526,45.490776],[-114.689445,45.489151],[-114.686878,45.487384],[-114.683731,45.486905],[-114.680626,45.484147],[-114.679383,45.478237],[-114.681146,45.476857],[-114.680611,45.473949],[-114.676422,45.472626],[-114.671682,45.472932],[-114.666223,45.471325],[-114.663725,45.471005],[-114.662649,45.471953],[-114.662314,45.474934],[-114.660951,45.476463],[-114.657769,45.478766],[-114.654559,45.482528],[-114.650649,45.486141],[-114.6522,45.490154],[-114.65123,45.491983],[-114.648491,45.493614],[-114.645212,45.49443],[-114.645044,45.497496],[-114.642199,45.500017],[-114.642155,45.501798],[-114.637157,45.506978],[-114.637228,45.510518],[-114.634198,45.513329],[-114.632089,45.516385],[-114.631996,45.519177],[-114.627734,45.521541],[-114.62656,45.523518],[-114.62436,45.524074],[-114.621493,45.525651],[-114.618795,45.528594],[-114.608389,45.531183],[-114.604979,45.53075],[-114.603334,45.532261],[-114.601,45.533275],[-114.599448,45.53318],[-114.595445,45.534166],[-114.589113,45.537539],[-114.587876,45.537915],[-114.586551,45.542646],[-114.584907,45.544296],[-114.583046,45.545101],[-114.579132,45.544311],[-114.577933,45.544632],[-114.571537,45.549603],[-114.571388,45.551097],[-114.569712,45.552262],[-114.564974,45.557807],[-114.561098,45.559224],[-114.552638,45.55702],[-114.550889,45.559568],[-114.542041,45.563784],[-114.532982,45.565772],[-114.52756,45.570824],[-114.521197,45.568344],[-114.516342,45.567995],[-114.51536,45.565823],[-114.506863,45.559305],[-114.50347,45.559185],[-114.49826,45.555488],[-114.491918,45.557103],[-114.485294,45.561781],[-114.482546,45.560946],[-114.473759,45.563278],[-114.471946,45.565223],[-114.465259,45.560517],[-114.457824,45.561711],[-114.456349,45.560989],[-114.462763,45.55395],[-114.461608,45.550865],[-114.463942,45.545365],[-114.459867,45.54343],[-114.456882,45.544249],[-114.450344,45.542201],[-114.449526,45.539731],[-114.439942,45.536983],[-114.437024,45.530769],[-114.430574,45.52951],[-114.430903,45.524398],[-114.429073,45.521549],[-114.429533,45.517539],[-114.424683,45.509911],[-114.418038,45.509698],[-114.402655,45.505526],[-114.38782,45.502035],[-114.376417,45.495064],[-114.366138,45.490982],[-114.365173,45.485604],[-114.360289,45.478229],[-114.361098,45.474409],[-114.35704,45.472358],[-114.351107,45.470519],[-114.350651,45.466471],[-114.344184,45.459683],[-114.340039,45.459729],[-114.337497,45.460628],[-114.334402,45.459094],[-114.329578,45.459973],[-114.329707,45.462027],[-114.323915,45.466059],[-114.318736,45.466149],[-114.313685,45.469883],[-114.309538,45.469306],[-114.301166,45.473387],[-114.29982,45.476343],[-114.294476,45.479542],[-114.286254,45.479417],[-114.27897,45.480087],[-114.27619,45.482454],[-114.270449,45.484423],[-114.270022,45.490868],[-114.264549,45.492153],[-114.260673,45.496708],[-114.258502,45.511233],[-114.253474,45.515051],[-114.247064,45.525156],[-114.249472,45.529291],[-114.248734,45.534571],[-114.25159,45.537504],[-114.248354,45.545408],[-114.239077,45.54647],[-114.227176,45.545858],[-114.222172,45.543209],[-114.212323,45.539733],[-114.203665,45.53557],[-114.192226,45.537081],[-114.18647,45.545539],[-114.180652,45.550695],[-114.179617,45.551],[-114.17186,45.5505],[-114.165453,45.552312],[-114.153878,45.552769],[-114.151951443947,45.5555522976992],[-114.150415,45.557772],[-114.136182,45.557019],[-114.133794,45.561256],[-114.128987,45.565385],[-114.129012,45.569686],[-114.13211,45.572183],[-114.129031,45.577422],[-114.121607,45.584319],[-114.097788,45.586761],[-114.090711,45.591068],[-114.086584,45.59118],[-114.082269,45.596763],[-114.083077,45.60314],[-114.081563,45.611073],[-114.073991,45.614519],[-114.071849,45.61774],[-114.072453,45.621254],[-114.066962,45.627967],[-114.058521,45.631672],[-114.051838,45.632705],[-114.044823,45.63716],[-114.043184,45.640465],[-114.033345,45.648191],[-114.03115,45.648458],[-114.021639,45.647964],[-114.018783,45.648496],[-114.014637,45.65503],[-114.015327,45.663421],[-114.02007,45.670332],[-114.023692,45.670601],[-114.027414,45.674488],[-114.027399,45.675753],[-114.020934,45.680552],[-114.014824,45.683508],[-114.014809,45.684058],[-114.01903,45.692751],[-114.015482,45.695901],[-114.011818,45.693947],[-114.005346,45.694155],[-114.001285,45.696414],[-113.997617,45.696672],[-113.993628,45.700892],[-113.993976,45.703223],[-113.991043,45.705013],[-113.988075,45.705721],[-113.981309,45.702697],[-113.971507,45.702712],[-113.971122,45.702364],[-113.970761,45.699019],[-113.969088,45.692756],[-113.967241,45.691027],[-113.96188,45.689718],[-113.957497,45.690167],[-113.951143,45.692191],[-113.948275538318,45.6930459028057],[-113.94826219915,45.6930498797349],[-113.939105,45.69578],[-113.938205954506,45.6954435301779],[-113.93526,45.694341],[-113.933995,45.691656],[-113.93422,45.682232],[-113.931147,45.677628],[-113.931094,45.673746],[-113.929121,45.670351],[-113.925063,45.668138],[-113.921292,45.664463],[-113.91948,45.65786],[-113.915855,45.657041],[-113.912642,45.653763],[-113.908418,45.653135],[-113.903582,45.651165],[-113.901047,45.648118],[-113.897322,45.646653],[-113.895237,45.643391],[-113.897906,45.640985],[-113.9022,45.637736],[-113.901655,45.631002],[-113.899915,45.62886],[-113.900058,45.628325],[-113.903471,45.625554],[-113.904949,45.622931],[-113.903684,45.621591],[-113.899536,45.621896],[-113.893318,45.620509],[-113.889501,45.617916],[-113.885748,45.617435],[-113.88188,45.618696],[-113.874155,45.620103],[-113.868897,45.622368],[-113.864434,45.622691],[-113.862767,45.623526],[-113.861232,45.623589],[-113.858454,45.621558],[-113.855061,45.62219],[-113.848639,45.620109],[-113.847802,45.617224],[-113.843008,45.61239],[-113.83888,45.610691],[-113.833958,45.610156],[-113.828954,45.612598],[-113.825215,45.613107],[-113.822907,45.612102],[-113.818194,45.607872],[-113.812644,45.606499],[-113.807405,45.602783],[-113.804452,45.594242],[-113.798386,45.586437],[-113.797133,45.582115],[-113.797431,45.581658],[-113.798432,45.581598],[-113.80625,45.578271],[-113.811001,45.57464],[-113.815212,45.569465],[-113.820873,45.56606],[-113.820964,45.565433],[-113.819253,45.564106],[-113.817457,45.56069],[-113.817949,45.556659],[-113.822056,45.547012],[-113.823693,45.546191],[-113.829443,45.537072],[-113.827862,45.534801],[-113.828391,45.532326],[-113.83308,45.524211],[-113.834459,45.521092],[-113.834082,45.520526],[-113.825395,45.521282],[-113.821014,45.522951],[-113.818303,45.521962],[-113.809144,45.519908],[-113.802849,45.523159],[-113.796579,45.523462],[-113.791468,45.522235],[-113.781571,45.521881],[-113.77796,45.523293],[-113.766555,45.520906],[-113.766268,45.520307],[-113.772669,45.514255],[-113.772201,45.512244],[-113.77007,45.512044],[-113.769612,45.509699],[-113.770969,45.507829],[-113.768532,45.50273],[-113.765651,45.501054],[-113.763388,45.491471],[-113.76038,45.486696],[-113.759986,45.480735],[-113.764854309493,45.4766386059],[-113.768065,45.473937],[-113.775623,45.471191],[-113.776364,45.47042],[-113.774257,45.46555],[-113.774641,45.46301],[-113.783556,45.455682],[-113.783541,45.451978],[-113.774777,45.447178],[-113.775299,45.439257],[-113.776809,45.435049],[-113.773545,45.431705],[-113.765033,45.431062],[-113.760146,45.427436],[-113.760764,45.425391],[-113.764225,45.422255],[-113.770322,45.420614],[-113.776691,45.41683],[-113.776043,45.408477],[-113.774153,45.406547],[-113.760924,45.406501],[-113.752731,45.402768],[-113.749116,45.402831],[-113.743892,45.396586],[-113.734402,45.392353],[-113.732552,45.38639],[-113.733867,45.381709],[-113.734213,45.377738],[-113.733216,45.372795],[-113.738879,45.36813],[-113.73339,45.3631],[-113.729651,45.355717],[-113.734433,45.353127],[-113.734478,45.348574],[-113.739192,45.346141],[-113.740172,45.343993],[-113.738056,45.328372],[-113.735367,45.324972],[-113.731386,45.32339],[-113.729091,45.320451],[-113.723729,45.318856],[-113.718704,45.3158],[-113.718481,45.313358],[-113.715828,45.311384],[-113.713497,45.306074],[-113.710035,45.301015],[-113.703753,45.299178],[-113.70295,45.296324],[-113.70057,45.292518],[-113.688505,45.28672],[-113.680834,45.279304],[-113.679335,45.275529],[-113.683478,45.272955],[-113.690941,45.27283],[-113.691042344917,45.2722136601227],[-113.692485,45.26344],[-113.685148,45.255141],[-113.684556,45.25312],[-113.680003,45.250877],[-113.678638,45.249628],[-113.671928,45.248761],[-113.657772,45.24138],[-113.649132,45.233999],[-113.64766,45.226638],[-113.642932,45.22142],[-113.63696,45.216793],[-113.637042,45.212939],[-113.618466,45.202682],[-113.614485,45.198071],[-113.610673,45.197342],[-113.605388,45.192715],[-113.599634,45.19173],[-113.597231,45.186475],[-113.591911,45.184187],[-113.591813,45.180262],[-113.58961,45.177616],[-113.592886,45.170995],[-113.594254,45.16677],[-113.59091,45.161789],[-113.590707,45.155886],[-113.583872,45.153812],[-113.583725261348,45.1534383271405],[-113.582421,45.150117],[-113.579956,45.148354],[-113.570777,45.147974],[-113.566456,45.149604],[-113.565407,45.148743],[-113.566815,45.1439],[-113.567404851886,45.1432410957204],[-113.573512,45.136419],[-113.576632,45.131518],[-113.569821,45.124299],[-113.567589,45.124261],[-113.554455,45.118689],[-113.550071,45.113043],[-113.538773,45.112285],[-113.529609,45.116402],[-113.52024,45.114999],[-113.513244,45.116837],[-113.510262,45.115476],[-113.509092194545,45.1137725281092],[-113.512819,45.111457],[-113.513471,45.110256],[-113.516904,45.107285],[-113.51902,45.1044],[-113.519169,45.103051],[-113.520804,45.10134],[-113.527117,45.09837],[-113.532647,45.09655],[-113.535281,45.094927],[-113.537504,45.092399],[-113.539169,45.091127],[-113.548733,45.088391],[-113.552906,45.086768],[-113.555926,45.084037],[-113.558364,45.080971],[-113.561368,45.079556],[-113.563265,45.077394],[-113.567189,45.076555],[-113.568637,45.075776],[-113.570006,45.073226],[-113.572452,45.070478],[-113.574479,45.066336],[-113.579114,45.064937],[-113.580159,45.063884],[-113.584105,45.062155],[-113.587726,45.059917],[-113.59236,45.058171],[-113.594797,45.056191],[-113.599778,45.052915],[-113.603458,45.049118],[-113.60762,45.047954],[-113.610188,45.047607],[-113.61622,45.045109],[-113.619258,45.042282],[-113.621755,45.040713],[-113.623982,45.039878],[-113.627574,45.037572],[-113.631149,45.035785],[-113.638971,45.033891],[-113.639591,45.033255],[-113.640519,45.033442],[-113.643041,45.032456],[-113.644906,45.030592],[-113.647568,45.029424],[-113.649425,45.027867],[-113.64961,45.019807],[-113.660362,45.019909],[-113.668801,45.019992],[-113.670772,44.925584],[-113.812305,44.925365],[-113.808144,44.923477],[-113.80501,44.923084],[-113.805721,44.920191],[-113.80298,44.916417],[-113.798861,44.91266],[-113.799631,44.909338],[-113.79852,44.906918],[-113.796735,44.90617],[-113.797931,44.904226],[-113.799781,44.903804],[-113.800627,44.901476],[-113.803308,44.901168],[-113.806691,44.900154],[-113.810292,44.897199],[-113.809807,44.894923],[-113.810643,44.893548],[-113.812378,44.892673],[-113.812505,44.890663],[-113.814843,44.888781],[-113.813552,44.885771],[-113.815421,44.884059],[-113.815637,44.881513],[-113.816477,44.88064],[-113.814952,44.877731],[-113.815986,44.877527],[-113.822639,44.879014],[-113.827055,44.877964],[-113.830731,44.878254],[-113.832891,44.877612],[-113.839152,44.877592],[-113.840599,44.876082],[-113.843283,44.876141],[-113.844467,44.876807],[-113.846441,44.876465],[-113.848349,44.873253],[-113.84919,44.870034],[-113.850412,44.868927],[-113.851389,44.865139],[-113.854104,44.863025],[-113.855119,44.858701],[-113.854314,44.857262],[-113.857078,44.855852],[-113.860922,44.854607],[-113.865574,44.851534],[-113.86551,44.850681],[-113.862896,44.848176],[-113.866273,44.845859],[-113.867308,44.843833],[-113.866251,44.839204],[-113.867114,44.835527],[-113.866584,44.833176],[-113.864963,44.831555],[-113.862321,44.824095],[-113.860934,44.822014],[-113.863875,44.819159],[-113.866332,44.815201],[-113.871284,44.810815],[-113.87645,44.808308],[-113.88184,44.806785],[-113.880676,44.805521],[-113.879447,44.801466],[-113.875371,44.798302],[-113.875228,44.796126],[-113.87308,44.793646],[-113.872608,44.787378],[-113.871431,44.784499],[-113.870071,44.782876],[-113.862352,44.778312],[-113.858348,44.777021],[-113.854894,44.770863],[-113.855443,44.767542],[-113.853323,44.764133],[-113.851569,44.762495],[-113.847412,44.760247],[-113.845157,44.759722],[-113.843488,44.757408],[-113.841678,44.755899],[-113.841786,44.753683],[-113.84078,44.750915],[-113.838717,44.749689],[-113.841664,44.745492],[-113.842242,44.742972],[-113.839873,44.739816],[-113.842354,44.73711],[-113.847861,44.732081],[-113.849201,44.731266],[-113.852702,44.735227],[-113.854257,44.735929],[-113.854251,44.737629],[-113.857611,44.743743],[-113.860284,44.746604],[-113.863244,44.750595],[-113.86681,44.753242],[-113.868704,44.753241],[-113.871614,44.754408],[-113.874347,44.755021],[-113.880418,44.754774],[-113.882851,44.754407],[-113.888549,44.751377],[-113.895577,44.749377],[-113.897839,44.749027],[-113.899987,44.74798],[-113.902996,44.747778],[-113.908192,44.745064],[-113.912278,44.745164],[-113.920497,44.743904],[-113.922922,44.741507],[-113.924468,44.740871],[-113.927193,44.735634],[-113.928978,44.734894],[-113.931878,44.730983],[-113.936571,44.728905],[-113.939556,44.729744],[-113.941549,44.729683],[-113.943542,44.732173],[-113.94622,44.734783],[-113.947105,44.734421],[-113.947813,44.73611],[-113.953361,44.738462],[-113.955617,44.740162],[-113.958725,44.740282],[-113.95991,44.739552],[-113.961649,44.740012],[-113.96425,44.7396],[-113.96572,44.740006],[-113.969875,44.739977],[-113.972037,44.740519],[-113.975092,44.740145],[-113.976939,44.740457],[-113.978416,44.739914],[-113.982917,44.740137],[-113.984002,44.739654],[-113.987634,44.740502],[-113.990405,44.740731],[-113.992574,44.740324],[-113.994629,44.74074],[-113.997729,44.740168],[-113.998721,44.739218],[-114.003485,44.738374],[-114.005985,44.738331],[-114.005448,44.737147],[-114.003441,44.736147],[-114.003313,44.734281],[-114.004624,44.726749],[-114.006128,44.722887],[-114.01152,44.720995],[-114.014289,44.719546],[-114.019663,44.719143],[-114.024742,44.717473],[-114.024326,44.716141],[-114.02253,44.714337],[-114.022665,44.713458],[-114.025959,44.711928],[-114.031593,44.712375],[-114.034808,44.71192],[-114.038996,44.709792],[-114.040617,44.706339],[-114.043679,44.701711],[-114.043895,44.699934],[-114.044787,44.699523],[-114.049516,44.700978],[-114.050309,44.704433],[-114.051644,44.706],[-114.053048,44.706393],[-114.051122,44.708444],[-114.051778,44.710191],[-114.05088,44.711489],[-114.053038,44.713662],[-114.053533,44.715239],[-114.056747,44.716333],[-114.059267,44.719443],[-114.060821,44.7223],[-114.061855,44.722916],[-114.061838,44.72625],[-114.062949,44.727491],[-114.063849,44.730294],[-114.065317,44.730574],[-114.066761,44.732286],[-114.069388,44.732683],[-114.070043,44.734624],[-114.072967,44.737799],[-114.07524,44.742847],[-114.076425,44.74439],[-114.075937,44.745578],[-114.07897,44.747927],[-114.081883,44.747581],[-114.083789,44.749012],[-114.085049,44.754767],[-114.084861,44.755947],[-114.087873,44.756014],[-114.090461,44.754728],[-114.095169,44.756425],[-114.093695,44.754742],[-114.092617,44.751881],[-114.099157,44.751382],[-114.102694,44.749071],[-114.107846,44.748378],[-114.105767,44.744667],[-114.109007,44.745254],[-114.111231,44.745147],[-114.11384,44.743871],[-114.114688,44.741076],[-114.118796,44.738986],[-114.122175,44.738426],[-114.124325,44.74019],[-114.124169,44.741484],[-114.127097,44.740611],[-114.129253,44.736769],[-114.131661,44.734952],[-114.13209,44.733617],[-114.135573,44.730344],[-114.137871,44.732067],[-114.140656,44.731666],[-114.143932,44.736633],[-114.145832,44.737456],[-114.146084,44.738717],[-114.148524,44.739638],[-114.151228,44.739631],[-114.153763,44.745025],[-114.15483,44.745283],[-114.158123,44.744085],[-114.160344,44.744217],[-114.162185,44.742257],[-114.162838,44.740452],[-114.163972,44.741028],[-114.169502,44.741303],[-114.173534,44.745372],[-114.177937,44.745213],[-114.180687,44.743242],[-114.185998,44.743202],[-114.189317,44.744288],[-114.192141,44.746428],[-114.199879,44.745815],[-114.205244,44.744022],[-114.210876,44.744327],[-114.215152,44.745494],[-114.216782,44.746879],[-114.217286,44.747824],[-114.216487,44.751031],[-114.216305,44.755427],[-114.21703,44.757657],[-114.216088,44.758755],[-114.216084,44.762293],[-114.212824,44.763208],[-114.211571,44.764103],[-114.212302,44.766437],[-114.210251,44.766531],[-114.208976,44.768853],[-114.206024,44.770795],[-114.207132,44.774895],[-114.205291,44.775672],[-114.201544,44.778316],[-114.204186,44.779277],[-114.205823,44.781662],[-114.204509,44.784197],[-114.206354,44.787615],[-114.205954,44.790008],[-114.204356,44.791421],[-114.204956,44.794994],[-114.202643,44.797613],[-114.204282,44.800033],[-114.202215,44.801662],[-114.197498,44.802578],[-114.196129,44.803224],[-114.196678,44.805891],[-114.195804,44.807347],[-114.19736,44.809162],[-114.196623,44.812181],[-114.194622,44.814096],[-114.193684,44.816192],[-114.194561,44.818454],[-114.192704,44.821184],[-114.19268,44.823472],[-114.191578,44.824434],[-114.189574,44.82449],[-114.190913,44.826024],[-114.194369,44.826787],[-114.198907,44.830636],[-114.197486,44.834126],[-114.194503,44.83646],[-114.191978,44.837107],[-114.191722,44.837933],[-114.19392,44.839555],[-114.19328,44.842499],[-114.196993,44.844438],[-114.198872,44.844629],[-114.1981,44.846883],[-114.198502,44.847925],[-114.196968,44.849255],[-114.19614,44.853352],[-114.195482,44.854158],[-114.197021,44.85565],[-114.196734,44.857728],[-114.195186,44.859702],[-114.195435,44.860587],[-114.197218,44.862823],[-114.202005,44.862189],[-114.21165,44.863102],[-114.211542,44.865671],[-114.213122,44.867881],[-114.21478,44.869014],[-114.214229,44.872423],[-114.218375,44.876483],[-114.219221,44.878138],[-114.221218,44.878966],[-114.224395,44.877209],[-114.225226,44.875898],[-114.225587,44.871567],[-114.224931,44.864334],[-114.227188,44.863375],[-114.229052,44.863466],[-114.232617,44.862546],[-114.23488,44.862585],[-114.238867,44.861738],[-114.241602,44.859716],[-114.24417,44.855606],[-114.24303,44.852956],[-114.24794,44.850962],[-114.250518,44.851244],[-114.256654,44.850471],[-114.260024,44.850418],[-114.262285,44.849858],[-114.26307,44.847631],[-114.266378,44.843967],[-114.26718,44.841527],[-114.263204,44.839341],[-114.264572,44.836323],[-114.26728,44.835047],[-114.267279,44.832369],[-114.271353,44.830713],[-114.272667,44.828213],[-114.275219,44.825421],[-114.278152,44.823123],[-114.282651,44.824564],[-114.285763,44.823787],[-114.286981,44.822117],[-114.291008,44.821429],[-114.2967,44.820905],[-114.299989,44.819599],[-114.303326,44.815281],[-114.307176,44.814498],[-114.312273,44.808845],[-114.316099,44.805557],[-114.316067,44.801484],[-114.319367,44.80128],[-114.324121,44.799989],[-114.326653,44.800283],[-114.333016,44.798668],[-114.336674,44.795095],[-114.339196,44.793594],[-114.341138,44.793317],[-114.344275,44.793781],[-114.342458,44.790996],[-114.342086,44.7889],[-114.340764,44.786864],[-114.342653,44.783951],[-114.345808,44.781636],[-114.345708,44.778644],[-114.350027,44.777874],[-114.352156,44.777034],[-114.353947,44.774545],[-114.353116,44.772382],[-114.350764,44.769813],[-114.351172,44.769054],[-114.350788,44.765028],[-114.352773,44.761216],[-114.35293,44.758713],[-114.356477,44.757231],[-114.359275,44.753985],[-114.360775,44.753355],[-114.360464,44.752023],[-114.362446,44.75075],[-114.367346,44.748787],[-114.373034,44.750901],[-114.378157,44.745892],[-114.379821,44.743485],[-114.382287,44.743907],[-114.383128,44.745173],[-114.388047,44.74613],[-114.39099,44.747582],[-114.392781,44.747353],[-114.394409,44.744339],[-114.397153,44.742105],[-114.397569,44.739244],[-114.399024,44.738413],[-114.404154,44.739547],[-114.406309,44.73502],[-114.408933,44.733004],[-114.408204,44.730852],[-114.406494,44.729899],[-114.403595,44.730022],[-114.404066,44.728653],[-114.402835,44.726045],[-114.403637,44.723057],[-114.406633,44.719466],[-114.405457,44.718214],[-114.402557,44.716621],[-114.400879,44.714488],[-114.399118,44.714635],[-114.397981,44.716326],[-114.396051,44.717189],[-114.390046,44.714316],[-114.386093,44.714397],[-114.38382,44.713249],[-114.380607,44.710554],[-114.378192,44.710378],[-114.375335,44.709067],[-114.372843,44.709717],[-114.376841,44.704377],[-114.37639,44.700925],[-114.381185,44.695534],[-114.381364,44.692599],[-114.383348,44.687962],[-114.38495,44.685381],[-114.386571,44.683978],[-114.387144,44.681715],[-114.385762,44.679537],[-114.386147,44.672967],[-114.386672,44.671111],[-114.388309,44.669991],[-114.3888,44.668117],[-114.393901,44.668861],[-114.3968,44.66792],[-114.399744,44.665613],[-114.401305,44.66621],[-114.4051,44.66517],[-114.40633,44.663094],[-114.405813,44.661111],[-114.408739,44.656378],[-114.414654,44.654806],[-114.417506,44.654793],[-114.420201,44.656355],[-114.423375,44.655008],[-114.428005,44.651192],[-114.432844,44.650902],[-114.435269,44.651293],[-114.43646,44.648579],[-114.436429,44.646361],[-114.43788,44.643819],[-114.43908,44.642959],[-114.440136,44.638822],[-114.441541,44.638028],[-114.442519,44.635109],[-114.443793,44.633814],[-114.448386,44.631488],[-114.450121,44.626161],[-114.448984,44.62094],[-114.451117,44.618107],[-114.451366,44.612187],[-114.455022,44.610578],[-114.463133,44.60904],[-114.465005,44.608155],[-114.466214,44.606196],[-114.469104,44.606005],[-114.47224,44.603231],[-114.47294,44.599629],[-114.47401,44.597708],[-114.476914,44.595261],[-114.477399,44.594175],[-114.481826,44.594612],[-114.485147,44.594119],[-114.488949,44.595821],[-114.489216,44.59778],[-114.492046,44.599944],[-114.493321,44.602011],[-114.495391,44.604023],[-114.496813,44.604371],[-114.503211,44.602618],[-114.50768,44.602966],[-114.509458,44.602592],[-114.515363,44.604027],[-114.517853,44.603676],[-114.519902,44.602968],[-114.522344,44.600815],[-114.5248,44.599806],[-114.526278,44.598021],[-114.527975,44.59789],[-114.529762,44.596767],[-114.529984,44.595495],[-114.532754,44.59307],[-114.535086,44.589281],[-114.537235,44.587859],[-114.540419,44.582654],[-114.546171,44.579418],[-114.549599,44.57851],[-114.553143,44.578503],[-114.554979,44.578621],[-114.559783,44.577455],[-114.562772,44.575624],[-114.565608,44.576238],[-114.566975,44.575732],[-114.569253,44.576196],[-114.57419,44.578594],[-114.574304,44.580955],[-114.576834,44.58487],[-114.580808,44.587196],[-114.583448,44.587608],[-114.585478,44.58903],[-114.590871,44.590808],[-114.593621,44.591116],[-114.59604,44.592293],[-114.601618,44.594316],[-114.603646,44.596502],[-114.603962,44.597847],[-114.60439,44.598965],[-114.602076,44.602736],[-114.597161,44.606575],[-114.596869,44.607248],[-114.597394,44.608681],[-114.595954,44.611378],[-114.596638,44.613336],[-114.595692,44.618687],[-114.596767,44.620244],[-114.596168,44.621663],[-114.598807,44.623003],[-114.600655,44.625973],[-114.602693,44.627581],[-114.602977,44.630119],[-114.604699,44.630688],[-114.604357,44.63175],[-114.605729,44.634906],[-114.60946,44.637316],[-114.609977,44.638297],[-114.613458,44.639479],[-114.61413,44.641676],[-114.617459,44.643901],[-114.619121,44.643702],[-114.621347,44.646252],[-114.627562,44.648272],[-114.629153,44.65286],[-114.63164,44.652831],[-114.633435,44.653793],[-114.638857,44.654066],[-114.640231,44.655722],[-114.641088,44.655347],[-114.644432,44.657208],[-114.649554,44.657695],[-114.650032,44.658497],[-114.653356,44.658776],[-114.658054,44.660077],[-114.659847,44.659934],[-114.662886,44.662151],[-114.665971,44.660631],[-114.668776,44.660571],[-114.669813,44.65988],[-114.67341,44.659627],[-114.674918,44.658876],[-114.678627,44.659015],[-114.680434,44.658426],[-114.683749,44.658782],[-114.685821,44.658355],[-114.687784,44.656551],[-114.69036,44.656369],[-114.691529,44.655344],[-114.693086,44.655845],[-114.697164,44.654998],[-114.703447,44.656893],[-114.70578,44.65649],[-114.706441,44.653732],[-114.709399,44.652498],[-114.710871,44.650822],[-114.71277,44.650385],[-114.720369,44.651042],[-114.72147,44.651726],[-114.724963,44.651091],[-114.727205,44.652162],[-114.72944,44.651439],[-114.730978,44.652625],[-114.733328,44.652679],[-114.735955,44.653783],[-114.7373,44.652653],[-114.741125,44.652735],[-114.741899,44.653676],[-114.740447,44.656331],[-114.738383,44.656666],[-114.7386,44.658444],[-114.737738,44.659847],[-114.735995,44.660232],[-114.735525,44.661948],[-114.737671,44.663507],[-114.738361,44.665777],[-114.736523,44.667567],[-114.736835,44.669949],[-114.739947,44.671551],[-114.741181,44.67454],[-114.743523,44.676115],[-114.745961,44.676822],[-114.747341,44.679449],[-114.74756,44.68311],[-114.750797,44.686502],[-114.753937,44.691145],[-114.755929,44.6926],[-114.757353,44.694786],[-114.761091,44.69637],[-114.761752,44.69713],[-114.767466,44.700175],[-114.76946,44.702586],[-114.773226,44.703498],[-114.772903,44.705102],[-114.77386,44.706086],[-114.777748,44.707096],[-114.781088,44.710954],[-114.781844,44.713953],[-114.784125,44.713921],[-114.785963,44.715485],[-114.787968,44.716283],[-114.788965,44.713752],[-114.793044,44.712982],[-114.795301,44.714115],[-114.796004,44.716661],[-114.801734,44.718887],[-114.802901,44.719871],[-114.805389,44.723446],[-114.809492,44.72716],[-114.811412,44.730626],[-114.810982,44.731914],[-114.811608,44.734129],[-114.815149,44.734945],[-114.81543,44.737806],[-114.817503,44.739491],[-114.818741,44.742368],[-114.81899,44.744617],[-114.818147,44.74579],[-114.820056,44.748029],[-114.81868,44.748815]]]}},{"type":"Feature","properties":{"fips":"16000","lea_geoid":"1603090","district_name":"Sugar-Salem Joint School District 322","state_fips":"16","state_abbr":"ID","county_name":"","county_fips":"000"},"geometry":{"type":"Polygon","coordinates":[[[-112.10789,44.000301],[-112.036272,44.000303],[-112.032938,44.000042],[-112.023283,44.000117],[-112.00093,43.999991],[-111.997107,44.000155],[-111.917004,44.000382],[-111.917001,43.971577],[-111.883344,43.97167],[-111.883355,43.956459],[-111.877155,43.95619],[-111.86764,43.956206],[-111.867542,43.95051],[-111.867027,43.950262],[-111.867441,43.945838],[-111.867608,43.941796],[-111.857485,43.94174],[-111.857479,43.934455],[-111.847418,43.934454],[-111.848205,43.92717],[-111.848084,43.893962],[-111.846564,43.894622],[-111.845277,43.894185],[-111.843163,43.891663],[-111.842074,43.89234],[-111.841944,43.896594],[-111.839225,43.897718],[-111.839134,43.898711],[-111.837592,43.898621],[-111.83759,43.899781],[-111.836702,43.900088],[-111.83616,43.900403],[-111.835745,43.90101],[-111.835773,43.901508],[-111.836046,43.90193],[-111.836955,43.902425],[-111.837499,43.902554],[-111.837946,43.90266],[-111.838486,43.902976],[-111.839199,43.903141],[-111.839496,43.903263],[-111.839611,43.903717],[-111.839118,43.904222],[-111.838267,43.904429],[-111.837639,43.904222],[-111.835787,43.904226],[-111.834758,43.90594],[-111.831858,43.907218],[-111.83107,43.908953],[-111.827953,43.908841],[-111.825246,43.910697],[-111.821867,43.909369],[-111.812308,43.909719],[-111.807075,43.911101],[-111.805365,43.910957],[-111.799818,43.914003],[-111.800674,43.91716],[-111.797108,43.920112],[-111.793776,43.919143],[-111.792806,43.920129],[-111.792912,43.921733],[-111.791756,43.922804],[-111.790124,43.922316],[-111.787515,43.920179],[-111.78592,43.920423],[-111.781899,43.922662],[-111.783271,43.924075],[-111.782095,43.925698],[-111.775571,43.928358],[-111.773554,43.928538],[-111.770427,43.927179],[-111.76269,43.928535],[-111.760797,43.929313],[-111.760083,43.930639],[-111.760923,43.932211],[-111.759796,43.933873],[-111.758394,43.934433],[-111.757252,43.932581],[-111.755551,43.931572],[-111.750471,43.931697],[-111.74896,43.932294],[-111.748919,43.93445],[-111.751005,43.936355],[-111.751035,43.93763],[-111.74416,43.939947],[-111.741263,43.938846],[-111.737536,43.938596],[-111.737839,43.905246],[-111.728513,43.905514],[-111.728383,43.903452],[-111.728094,43.898089],[-111.707892,43.897984],[-111.708083,43.890709],[-111.707937,43.876313],[-111.687841,43.876207],[-111.688074,43.869108],[-111.628763,43.868921],[-111.628501,43.883299],[-111.62811,43.883297],[-111.627749,43.890721],[-111.618511,43.890684],[-111.618454,43.912091],[-111.618178,43.913041],[-111.617552,43.914061],[-111.618359,43.91681],[-111.618888,43.920296],[-111.618215,43.92091],[-111.618107,43.923275],[-111.616129,43.925794],[-111.614736,43.926843],[-111.612767,43.926997],[-111.611005,43.928],[-111.610755,43.929474],[-111.612037,43.931753],[-111.609095,43.933625],[-111.598423,43.935471],[-111.594096,43.934189],[-111.591336,43.932542],[-111.589388,43.927068],[-111.587752,43.925863],[-111.584683,43.922663],[-111.583104,43.923318],[-111.580744,43.922111],[-111.578228,43.92142],[-111.577077,43.92013],[-111.576892,43.918348],[-111.575873,43.916491],[-111.575722,43.914648],[-111.572313,43.912883],[-111.570399,43.910788],[-111.569178,43.905762],[-111.56701,43.904013],[-111.562449,43.901963],[-111.56096,43.901919],[-111.557114,43.903936],[-111.554282,43.903643],[-111.548714,43.903808],[-111.547285,43.904603],[-111.547889,43.905789],[-111.543745,43.906619],[-111.542374,43.908102],[-111.540724,43.907727],[-111.539544,43.908498],[-111.537988,43.911315],[-111.539138,43.911912],[-111.538403,43.913406],[-111.536307,43.913736],[-111.535039,43.913138],[-111.532693,43.916103],[-111.533234,43.917676],[-111.531732,43.919254],[-111.529615,43.918309],[-111.525803,43.919614],[-111.525019,43.920334],[-111.5212,43.920873],[-111.519891,43.921978],[-111.513345,43.923365],[-111.510931,43.922495],[-111.509024,43.922927],[-111.507299,43.925271],[-111.505943,43.925039],[-111.503393,43.926136],[-111.502737,43.927866],[-111.501232,43.929206],[-111.495109,43.930137],[-111.48969,43.928495],[-111.488096,43.927115],[-111.486713,43.927265],[-111.484684,43.929083],[-111.482192,43.928908],[-111.478723,43.927886],[-111.477099,43.926123],[-111.475425,43.925408],[-111.47402,43.922794],[-111.469135,43.921815],[-111.46825,43.918149],[-111.467182,43.916533],[-111.463166,43.917171],[-111.459805,43.917229],[-111.459666,43.916338],[-111.457929,43.883603],[-111.439484,43.883616],[-111.439137,43.863163],[-111.439716,43.855522],[-111.439623,43.850041],[-111.439004,43.846573],[-111.439104,43.840211],[-111.442638,43.840091],[-111.459593,43.84015],[-111.45982,43.847786],[-111.459656,43.854435],[-111.470469,43.854136],[-111.471905,43.854377],[-111.499049,43.854392],[-111.499432,43.811708],[-111.65839,43.812139],[-111.657951,43.826222],[-111.670704,43.826263],[-111.678218,43.826036],[-111.678352,43.811471],[-111.718161,43.811568],[-111.718019,43.840279],[-111.730308,43.840323],[-111.733201,43.840656],[-111.737963,43.84039],[-111.737937,43.844312],[-111.737876,43.854776],[-111.767477,43.854861],[-111.769176,43.854843],[-111.779395,43.854866],[-111.785103,43.854867],[-111.79876,43.854856],[-111.798113,43.856399],[-111.798029,43.869766],[-111.798512,43.870622],[-111.79838,43.876517],[-111.818005,43.876602],[-111.818023,43.883811],[-111.83928,43.883882],[-111.839608,43.883742],[-111.849189,43.884367],[-111.861289,43.88405],[-111.861401,43.882627],[-111.85838,43.881597],[-111.857658,43.880291],[-111.855829,43.879787],[-111.854014,43.878004],[-111.854969,43.875929],[-111.858155,43.87511],[-111.861813,43.876848],[-111.862967,43.877775],[-111.866534,43.878273],[-111.868142,43.877416],[-111.868391,43.876433],[-111.865228,43.874909],[-111.865583,43.873447],[-111.863896,43.870731],[-111.860716,43.868653],[-111.861443,43.867028],[-111.864742,43.866307],[-111.867231,43.867135],[-111.867985,43.869983],[-111.869396,43.870213],[-111.871639,43.867819],[-111.873869,43.867137],[-111.875521,43.865802],[-111.874943,43.863733],[-111.869089,43.861542],[-111.869311,43.8608],[-111.867921,43.85894],[-111.868474,43.857897],[-111.871976,43.856403],[-111.874867,43.856758],[-111.87655,43.855495],[-111.875114,43.854123],[-111.875712,43.852789],[-111.877699,43.852242],[-111.879276,43.852864],[-111.880268,43.85587],[-111.882332,43.856795],[-111.884077,43.856385],[-111.88574,43.855058],[-111.886219,43.853745],[-111.883878,43.850205],[-111.884972,43.848819],[-111.888142,43.848788],[-111.891142,43.847781],[-111.889303,43.846589],[-111.886438,43.846267],[-111.884815,43.84465],[-111.885969,43.843768],[-111.890471,43.842557],[-111.890663,43.841144],[-111.889418,43.838853],[-111.890142,43.83773],[-111.894628,43.836003],[-111.896643,43.833737],[-111.897164,43.832331],[-111.900714,43.831402],[-111.902259,43.828164],[-111.904309,43.826286],[-111.905817,43.826292],[-111.977336,43.826827],[-111.976849,43.927385],[-111.977016,43.970909],[-112.107398,43.97129],[-112.10789,44.000301]]]}},{"type":"Feature","properties":{"fips":"16000","lea_geoid":"1601050","district_name":"Filer School District 413","state_fips":"16","state_abbr":"ID","county_name":"","county_fips":"000"},"geometry":{"type":"Polygon","coordinates":[[[-114.765298,42.070346],[-114.764769,42.073677],[-114.760813,42.080705],[-114.760303,42.082563],[-114.762727,42.084942],[-114.762761,42.086742],[-114.760977,42.088361],[-114.757292,42.089604],[-114.75484,42.094375],[-114.754442,42.097897],[-114.753956,42.09896],[-114.751735,42.100957],[-114.751518,42.102886],[-114.752233,42.104449],[-114.751904,42.106597],[-114.750874,42.107951],[-114.748679,42.109248],[-114.745246,42.113043],[-114.745359,42.114837],[-114.747717,42.117049],[-114.747549,42.118046],[-114.745647,42.119416],[-114.743592,42.120165],[-114.742321,42.121791],[-114.744248,42.123269],[-114.74514,42.12491],[-114.741754,42.126734],[-114.739899,42.129067],[-114.738222,42.130435],[-114.733218,42.13179],[-114.733315,42.134134],[-114.735641,42.136873],[-114.735696,42.13787],[-114.734433,42.139811],[-114.734839,42.142646],[-114.739027,42.146957],[-114.739576,42.14931],[-114.73994,42.153329],[-114.739377,42.15766],[-114.740345,42.163812],[-114.742274,42.168589],[-114.746551,42.176078],[-114.746349,42.181755],[-114.745798,42.186886],[-114.743942,42.18943],[-114.738597,42.194215],[-114.737128,42.196133],[-114.736983,42.200204],[-114.736473,42.202549],[-114.73415,42.204495],[-114.732931,42.206236],[-114.732336,42.209258],[-114.734021,42.212372],[-114.735849,42.213376],[-114.739094,42.217688],[-114.740231,42.218659],[-114.739716,42.220761],[-114.741127,42.221765],[-114.740951,42.223208],[-114.743079,42.22549],[-114.74215,42.226989],[-114.743045,42.228092],[-114.74594,42.228612],[-114.747181,42.229445],[-114.748195,42.232101],[-114.749017,42.235113],[-114.748878,42.236244],[-114.745785,42.23827],[-114.745809,42.239939],[-114.745042,42.241394],[-114.74808,42.244679],[-114.745992,42.247035],[-114.745528,42.248703],[-114.746008,42.250125],[-114.748388,42.252149],[-114.748287,42.254871],[-114.751054,42.255777],[-114.753903,42.258303],[-114.754322,42.260433],[-114.757194,42.262816],[-114.756838,42.264495],[-114.755277,42.266163],[-114.754846,42.269378],[-114.752894,42.270985],[-114.752634,42.272132],[-114.750015,42.276267],[-114.749139,42.280471],[-114.749542,42.283775],[-114.751091,42.285692],[-114.751406,42.287865],[-114.750095,42.290184],[-114.749469,42.292396],[-114.748472,42.293313],[-114.740743,42.297537],[-114.739126,42.299859],[-114.738782,42.303652],[-114.735908,42.306764],[-114.73676,42.309063],[-114.739675,42.310966],[-114.74029,42.312887],[-114.739678,42.315538],[-114.740945,42.318479],[-114.740149,42.322189],[-114.738532,42.324912],[-114.738459,42.326322],[-114.734957,42.33101],[-114.735158,42.333743],[-114.734392,42.337338],[-114.735043,42.338583],[-114.736405,42.339631],[-114.743073,42.343277],[-114.746625,42.344307],[-114.749163,42.344635],[-114.751254,42.346878],[-114.751391,42.371502],[-114.750696,42.375434],[-114.750907,42.493753],[-114.749326,42.4952],[-114.744846,42.496162],[-114.740471,42.49641],[-114.739577,42.498023],[-114.740159,42.499193],[-114.735961,42.501317],[-114.736652,42.502553],[-114.731525,42.506031],[-114.731537,42.513215],[-114.721598,42.513232],[-114.721259,42.509757],[-114.714327,42.50766],[-114.713159,42.508349],[-114.714767,42.509553],[-114.716084,42.512074],[-114.715653,42.512718],[-114.711997,42.513044],[-114.702097,42.513017],[-114.70286,42.520308],[-114.700641,42.521543],[-114.700151,42.52289],[-114.697772,42.524156],[-114.695422,42.524059],[-114.692717,42.525746],[-114.692476,42.534857],[-114.692384,42.592385],[-114.692398,42.593496],[-114.672791,42.593569],[-114.665122,42.593614],[-114.664232,42.655247],[-114.683812,42.654641],[-114.684619,42.660522],[-114.680831,42.659361],[-114.676659,42.659563],[-114.670088,42.660514],[-114.66569,42.661558],[-114.662489,42.661678],[-114.660323,42.661338],[-114.651814,42.660948],[-114.646264,42.659189],[-114.643416,42.657668],[-114.639571,42.656908],[-114.636801,42.655925],[-114.634648,42.654312],[-114.63137,42.652311],[-114.630344,42.651286],[-114.628568,42.650856],[-114.625999,42.650946],[-114.616487,42.649298],[-114.611275,42.647398],[-114.608947,42.645174],[-114.605347,42.643095],[-114.601678,42.641788],[-114.597305,42.64075],[-114.591624,42.641059],[-114.589221,42.640761],[-114.582989,42.63916],[-114.58168,42.639241],[-114.577743,42.638406],[-114.575403,42.638825],[-114.572458,42.638616],[-114.569406,42.637064],[-114.563898,42.634718],[-114.559574,42.635123],[-114.553033,42.636524],[-114.544016,42.635651],[-114.539971,42.633445],[-114.539344,42.633309],[-114.539033,42.632403],[-114.537756,42.629352],[-114.539369,42.628342],[-114.533845,42.623939],[-114.533734,42.621996],[-114.532724,42.620953],[-114.530859,42.620991],[-114.531396,42.618961],[-114.529525,42.616623],[-114.526969,42.616567],[-114.525315,42.613231],[-114.526564,42.612018],[-114.52487,42.611118],[-114.523654,42.608193],[-114.524583,42.607255],[-114.525626,42.603025],[-114.524676,42.6014],[-114.527032,42.60049],[-114.526929,42.598762],[-114.528987,42.597243],[-114.531237,42.597139],[-114.531773,42.596201],[-114.53138,42.594939],[-114.529573,42.593449],[-114.534887,42.593358],[-114.546128,42.593429],[-114.555138,42.59418],[-114.555118,42.563935],[-114.555114,42.56376],[-114.555122,42.520268],[-114.555167,42.505741],[-114.555065,42.491282],[-114.545411,42.491274],[-114.545456,42.487954],[-114.508275,42.487749],[-114.509029,42.487654],[-114.508928,42.484232],[-114.501961,42.484238],[-114.489492,42.483779],[-114.489576,42.461784],[-114.508544,42.462031],[-114.508372,42.447575],[-114.517564,42.447583],[-114.51751,42.404615],[-114.517486,42.403877],[-114.515895,42.403841],[-114.470879,42.403878],[-114.459956,42.404153],[-114.430538,42.403621],[-114.431487,42.332214],[-114.399177,42.332391],[-114.399287,42.253978],[-114.39895,42.244511],[-114.281406,42.244138],[-114.281412,42.182307],[-114.281475,42.144559],[-114.281785,42.14169],[-114.281443,42.140012],[-114.281799324163,41.994213920521],[-114.281855,41.994214],[-114.467581,41.995492],[-114.498243,41.994636],[-114.498259,41.994599],[-114.598267,41.994511],[-114.651085792029,41.996115647739],[-114.669330239626,41.9966699184911],[-114.674840555384,41.9968373232231],[-114.720715,41.998231],[-114.721046250472,41.9982448850745],[-114.718995,42.000146],[-114.72121,42.001979],[-114.719696,42.004195],[-114.721263,42.00465],[-114.723355,42.00745],[-114.722009,42.008991],[-114.718822,42.008043],[-114.716003,42.006221],[-114.713634,42.007753],[-114.714429,42.009059],[-114.713842,42.012451],[-114.715564,42.012966],[-114.714726,42.013845],[-114.71784,42.015962],[-114.718106,42.018163],[-114.719357,42.018876],[-114.717879,42.021439],[-114.720242,42.022191],[-114.721067,42.024045],[-114.719831,42.0246],[-114.721031,42.025456],[-114.720774,42.026367],[-114.722681,42.026339],[-114.722165,42.025642],[-114.726103,42.025827],[-114.727568,42.026332],[-114.726847,42.02771],[-114.728836,42.029108],[-114.730536,42.029311],[-114.732272,42.027148],[-114.733193,42.027856],[-114.734554,42.027443],[-114.733642,42.028947],[-114.735115,42.029968],[-114.733747,42.031225],[-114.736096,42.032613],[-114.735553,42.034292],[-114.732734,42.035682],[-114.733449,42.036505],[-114.732508,42.038047],[-114.735622,42.037969],[-114.73928,42.03636],[-114.741121,42.037945],[-114.740475,42.040409],[-114.739328,42.04238],[-114.735825,42.044132],[-114.736702,42.044335],[-114.735842,42.046706],[-114.738545,42.047435],[-114.74051,42.046885],[-114.741159,42.048262],[-114.740114,42.048696],[-114.740859,42.050376],[-114.739475,42.050733],[-114.739984,42.052533],[-114.738865,42.052989],[-114.739971,42.054124],[-114.746549,42.056233],[-114.751913,42.056356],[-114.755677,42.05707],[-114.758671,42.058162],[-114.761024,42.060209],[-114.761966,42.063003],[-114.765171,42.068722],[-114.765298,42.070346]]]}},{"type":"Feature","properties":{"fips":"16000","lea_geoid":"1603060","district_name":"St. Maries Joint School District 41","state_fips":"16","state_abbr":"ID","county_name":"","county_fips":"000"},"geometry":{"type":"Polygon","coordinates":[[[-116.832294,47.219512],[-116.832168,47.250552],[-116.821488,47.250552],[-116.821568,47.265026],[-116.811237,47.264774],[-116.810873,47.279382],[-116.768217,47.27941],[-116.768633,47.293813],[-116.768536,47.295426],[-116.768456,47.311433],[-116.735526,47.311572],[-116.735639,47.343827],[-116.735631,47.349148],[-116.73565,47.351386],[-116.740575,47.352706],[-116.742495,47.352661],[-116.744467,47.354174],[-116.744008,47.35582],[-116.745383,47.357871],[-116.746634,47.357826],[-116.747592,47.355857],[-116.749714,47.354654],[-116.752776,47.354056],[-116.756836,47.354398],[-116.758167,47.355123],[-116.761016,47.355289],[-116.763939,47.35455],[-116.766852,47.355867],[-116.769863,47.355863],[-116.774447,47.356687],[-116.777231,47.357796],[-116.776907,47.359321],[-116.774275,47.360725],[-116.774774,47.361575],[-116.771382,47.364333],[-116.768467,47.365171],[-116.766092,47.366651],[-116.76454,47.368559],[-116.763462,47.372602],[-116.756619,47.377454],[-116.759677,47.379622],[-116.764521,47.38133],[-116.764413,47.384397],[-116.763007,47.385449],[-116.760112,47.385802],[-116.756583,47.385857],[-116.749616,47.385888],[-116.735215,47.385917],[-116.735395,47.371455],[-116.629059,47.371438],[-116.628975,47.362315],[-116.597033,47.362354],[-116.597063,47.369591],[-116.586441,47.369608],[-116.586487,47.371454],[-116.581166,47.37145],[-116.58119,47.378676],[-116.575896,47.378685],[-116.575882,47.393148],[-116.586489,47.393148],[-116.586486,47.400276],[-116.586549,47.414695],[-116.522869,47.414376],[-116.522855,47.413185],[-116.485644,47.412967],[-116.394215,47.413105],[-116.394182,47.413713],[-116.329406,47.414011],[-116.329405,47.394081],[-116.3294,47.370674],[-116.3294,47.323186],[-116.319552,47.323033],[-116.319569,47.326554],[-116.309258,47.326479],[-116.309383,47.313569],[-116.31436,47.314188],[-116.316699,47.314122],[-116.320223,47.315038],[-116.324442,47.317018],[-116.329402,47.318709],[-116.32941,47.073003],[-116.329418,47.021915],[-116.458221,47.022096],[-116.45812,47.036596],[-116.480073,47.036785],[-116.500482,47.03636],[-116.650069,47.036939],[-116.650026,47.037499],[-116.649776,47.093783],[-116.648588,47.093803],[-116.648672,47.095594],[-116.660703,47.095557],[-116.660786,47.108336],[-116.670102,47.108349],[-116.670309,47.122717],[-116.680626,47.122797],[-116.680596,47.152102],[-116.725361,47.152437],[-116.768134,47.152242],[-116.768152,47.148676],[-116.78944,47.148723],[-116.789664,47.192471],[-116.832212,47.192481],[-116.832294,47.219512]]]}},{"type":"Feature","properties":{"fips":"16000","lea_geoid":"1602910","district_name":"Shelley Joint School District 60","state_fips":"16","state_abbr":"ID","county_name":"","county_fips":"000"},"geometry":{"type":"Polygon","coordinates":[[[-112.520024,43.42517],[-112.282394,43.425229],[-112.282578,43.454231],[-112.281383,43.454319],[-112.146435,43.454134],[-112.091639,43.453609],[-112.093123,43.451505],[-112.096105,43.449298],[-112.098077,43.44635],[-112.099122,43.443073],[-112.098817,43.437469],[-112.097143,43.43331],[-112.097059,43.431411],[-112.097862,43.427052],[-112.098907,43.424582],[-112.100262,43.423056],[-112.103262,43.421522],[-112.103266,43.421082],[-112.103293,43.417804],[-112.095056,43.417624],[-112.053682,43.417431],[-112.053609,43.410182],[-112.043672,43.410143],[-112.023869,43.409999],[-112.023953,43.395612],[-111.99322,43.395555],[-111.986389,43.395334],[-111.974243,43.395461],[-111.969224,43.395296],[-111.964189,43.395401],[-111.959075,43.395564],[-111.944464,43.395632],[-111.944697,43.373709],[-111.944799,43.368732],[-111.945775,43.366306],[-111.969787,43.366518],[-111.999438,43.366703],[-111.999361,43.343832],[-112.057172,43.343842],[-112.152073,43.344119],[-112.169821,43.344288],[-112.174259,43.347169],[-112.175409,43.353146],[-112.173656,43.356209],[-112.173294,43.359052],[-112.166456,43.36033],[-112.164703,43.361515],[-112.163792,43.364528],[-112.166221,43.367262],[-112.169157,43.366988],[-112.186773,43.367074],[-112.202771,43.367033],[-112.205734,43.367261],[-112.207258,43.367047],[-112.296306,43.367186],[-112.29659,43.36727],[-112.404974,43.367315],[-112.405283,43.367261],[-112.519802,43.367285],[-112.520024,43.42517]]]}},{"type":"Feature","properties":{"fips":"16000","lea_geoid":"1602820","district_name":"Rockland School District 382","state_fips":"16","state_abbr":"ID","county_name":"","county_fips":"000"},"geometry":{"type":"Polygon","coordinates":[[[-113.002792,42.588003],[-112.97378,42.588945],[-112.973433,42.617724],[-112.842866,42.617054],[-112.83807,42.61722],[-112.835576,42.618489],[-112.835011,42.61738],[-112.832132,42.617157],[-112.820721,42.617124],[-112.817952,42.617378],[-112.813865,42.616956],[-112.813916,42.603029],[-112.775798,42.603009],[-112.772054,42.603193],[-112.77088,42.603088],[-112.738439,42.603028],[-112.734231,42.603038],[-112.734051,42.588811],[-112.722206,42.588501],[-112.653937,42.588459],[-112.653935,42.587765],[-112.653989,42.416169],[-112.654028,42.328872],[-112.704619,42.328897],[-112.771411,42.328854],[-112.771414,42.328058],[-112.999965,42.327427],[-113.001673,42.327431],[-113.001574,42.501814],[-113.002859,42.50182],[-113.002845,42.530655],[-113.002414,42.537993],[-113.00298,42.54412],[-113.002792,42.588003]]]}},{"type":"Feature","properties":{"fips":"16000","lea_geoid":"1600810","district_name":"Cottonwood Joint School District 242","state_fips":"16","state_abbr":"ID","county_name":"","county_fips":"000"},"geometry":{"type":"Polygon","coordinates":[[[-116.621714,46.012669],[-116.62016,46.01528],[-116.617913,46.017442],[-116.614765,46.022296],[-116.61257,46.027044],[-116.612557,46.028867],[-116.615093,46.032745],[-116.614823,46.033181],[-116.610651,46.033332],[-116.609409,46.034856],[-116.607675,46.035119],[-116.605953,46.034544],[-116.599595,46.033845],[-116.597183,46.032833],[-116.59394,46.032178],[-116.590158,46.030415],[-116.58764,46.030402],[-116.586133,46.029149],[-116.581034,46.028457],[-116.579908,46.027753],[-116.578949,46.025484],[-116.576196,46.02306],[-116.574201,46.022618],[-116.571531,46.02007],[-116.570483,46.019886],[-116.568034,46.017811],[-116.564849,46.016098],[-116.5634,46.013043],[-116.56199,46.012631],[-116.557084,46.00809],[-116.556306,46.013529],[-116.556193,46.026931],[-116.535451,46.026813],[-116.535344,46.03418],[-116.518202,46.034174],[-116.514751,46.038206],[-116.515597,46.041664],[-116.516771,46.044308],[-116.516683,46.046602],[-116.514461,46.050594],[-116.514572,46.081066],[-116.513833,46.080482],[-116.511931,46.081481],[-116.50416,46.081376],[-116.504033,46.084905],[-116.4884,46.084869],[-116.488412,46.088288],[-116.483216,46.088403],[-116.483499,46.093026],[-116.483498,46.103093],[-116.473087,46.103291],[-116.472947,46.106944],[-116.472995,46.110634],[-116.472979,46.110899],[-116.462751,46.110863],[-116.462586,46.119056],[-116.477568,46.122927],[-116.475164,46.12605],[-116.474614,46.128123],[-116.476614,46.129344],[-116.476566,46.131656],[-116.478448,46.13365],[-116.480172,46.134292],[-116.480608,46.135229],[-116.478746,46.13657],[-116.478233,46.140115],[-116.480542,46.142389],[-116.479865,46.1451],[-116.477106,46.146992],[-116.476614,46.147974],[-116.473637,46.148947],[-116.474543,46.150592],[-116.473876,46.152814],[-116.471648,46.155203],[-116.468448,46.160163],[-116.465702,46.160655],[-116.464638,46.164415],[-116.463256,46.165498],[-116.46366,46.169741],[-116.461382,46.171394],[-116.460304,46.173012],[-116.457446,46.174355],[-116.456912,46.176722],[-116.457512,46.179773],[-116.454735,46.185015],[-116.45482,46.186868],[-116.45358,46.190816],[-116.454117,46.192032],[-116.450163,46.196324],[-116.44817,46.196957],[-116.444556,46.196027],[-116.442062,46.196041],[-116.437328,46.197596],[-116.435288,46.199206],[-116.433827,46.199519],[-116.430055,46.201981],[-116.427606,46.202547],[-116.42374,46.201669],[-116.420449,46.20151],[-116.413917,46.198077],[-116.410559,46.195007],[-116.40694,46.193805],[-116.404772,46.192308],[-116.398845,46.190336],[-116.396054,46.190052],[-116.394734,46.1884],[-116.3933,46.187896],[-116.391168,46.188501],[-116.389529,46.190061],[-116.387427,46.190318],[-116.385825,46.18797],[-116.383137,46.187708],[-116.379629,46.188675],[-116.376925,46.186685],[-116.373653,46.185048],[-116.37184,46.184683],[-116.370161,46.183256],[-116.366771,46.18489],[-116.364362,46.185147],[-116.361722,46.184695],[-116.35945,46.185013],[-116.356682,46.185011],[-116.35271,46.185772],[-116.346937,46.185732],[-116.346222,46.185275],[-116.339065,46.184688],[-116.338078,46.184037],[-116.331527,46.184213],[-116.330026,46.183635],[-116.326972,46.181157],[-116.325407,46.180462],[-116.321552,46.175727],[-116.318892,46.174613],[-116.318067,46.173029],[-116.315746,46.171213],[-116.310909,46.168851],[-116.306843,46.168201],[-116.303713,46.166778],[-116.301613,46.166767],[-116.299518,46.167715],[-116.297302,46.170233],[-116.292594,46.16986],[-116.290764,46.170823],[-116.287711,46.173782],[-116.281884,46.173669],[-116.276627,46.172045],[-116.275827,46.170912],[-116.274523,46.171202],[-116.267459,46.168081],[-116.263264,46.167851],[-116.260081,46.168795],[-116.258715,46.170978],[-116.257038,46.171886],[-116.252618,46.168225],[-116.248184,46.1691],[-116.242527,46.166683],[-116.240697,46.162711],[-116.23601,46.159759],[-116.233018,46.160427],[-116.229448,46.158814],[-116.22747,46.159021],[-116.225751,46.160544],[-116.219639,46.161073],[-116.21661,46.159076],[-116.214356,46.159374],[-116.212793,46.158107],[-116.211103,46.158051],[-116.207123,46.155113],[-116.20194,46.152879],[-116.196922,46.152079],[-116.195258,46.153123],[-116.192033,46.153677],[-116.190745,46.154494],[-116.190921,46.143142],[-116.212157,46.143196],[-116.21208,46.136051],[-116.200065,46.13602],[-116.191155,46.135785],[-116.191155,46.128427],[-116.185885,46.12841],[-116.185978,46.1066],[-116.201423,46.106599],[-116.201326,46.092012],[-116.196467,46.091907],[-116.196467,46.088697],[-116.191472,46.088654],[-116.191241,46.077029],[-116.191029,46.074108],[-116.191331,46.050617],[-116.191354,46.048825],[-116.21204,46.048894],[-116.222553,46.048978],[-116.222445,46.055866],[-116.229438,46.055744],[-116.285392,46.056017],[-116.285426,46.048744],[-116.283157,46.048692],[-116.264231,46.04905],[-116.264379,46.042173],[-116.265014,46.039466],[-116.264364,46.038043],[-116.264432,46.034652],[-116.285386,46.034246],[-116.285519,46.012137],[-116.26962,46.012033],[-116.269694,46.005227],[-116.306124,46.005182],[-116.306188,45.997772],[-116.325585,45.997623],[-116.32686,45.999999],[-116.326675,46.012088],[-116.329315,46.012139],[-116.329391,46.014146],[-116.326703,46.014197],[-116.326796,46.019753],[-116.347641,46.019785],[-116.347902,45.990152],[-116.337532,45.990423],[-116.337654,45.975947],[-116.348548,45.975972],[-116.349064,45.946913],[-116.353719,45.946829],[-116.358301,45.946745],[-116.361129,45.946666],[-116.369093,45.946723],[-116.369091,45.945902],[-116.368992,45.903339],[-116.348334,45.903229],[-116.348212,45.88876],[-116.390469,45.888462],[-116.390365,45.902335],[-116.395098,45.904744],[-116.396905,45.905063],[-116.396954,45.904631],[-116.400332,45.904722],[-116.403312,45.902018],[-116.405177,45.901506],[-116.411093,45.904832],[-116.411718,45.907778],[-116.41089,45.910771],[-116.40898,45.913867],[-116.408971,45.91525],[-116.410197,45.916583],[-116.413168,45.916935],[-116.416022,45.915438],[-116.421375,45.913293],[-116.424072,45.912537],[-116.428072,45.91336],[-116.428772,45.914326],[-116.428575,45.916383],[-116.430194,45.918227],[-116.432373,45.919624],[-116.435008,45.923569],[-116.434984,45.925882],[-116.435824,45.928741],[-116.437407,45.932182],[-116.438124,45.935301],[-116.437594,45.937538],[-116.437731,45.939777],[-116.436928,45.941228],[-116.438355,45.946907],[-116.438892,45.951947],[-116.44115,45.954869],[-116.442658,45.96053],[-116.443389,45.962343],[-116.447748,45.965163],[-116.45687,45.968552],[-116.459197,45.969962],[-116.464986,45.971109],[-116.467758,45.972223],[-116.476645,45.973197],[-116.483886,45.975077],[-116.491357,45.97595],[-116.495777,45.976156],[-116.502604,45.975888],[-116.505034,45.974194],[-116.508514,45.972743],[-116.524268,45.969639],[-116.526079,45.969687],[-116.532592,45.971398],[-116.534987,45.971358],[-116.539222,45.972822],[-116.544278,45.97306],[-116.548209,45.97365],[-116.552836,45.975115],[-116.557116,45.977381],[-116.562762,45.981167],[-116.56654,45.982799],[-116.569942,45.985194],[-116.573113,45.988765],[-116.57439,45.99161],[-116.577197,45.994934],[-116.582436,45.997956],[-116.58716,46.001532],[-116.590889,46.004755],[-116.593439,46.006052],[-116.603173,46.008643],[-116.606924,46.009032],[-116.614239,46.008067],[-116.618415,46.008556],[-116.621413,46.010924],[-116.621714,46.012669]]]}},{"type":"Feature","properties":{"fips":"16000","lea_geoid":"1600300","district_name":"Blaine County School District 61","state_fips":"16","state_abbr":"ID","county_name":"","county_fips":"000"},"geometry":{"type":"Polygon","coordinates":[[[-114.996687,43.914407],[-114.993423,43.917258],[-114.991938,43.920267],[-114.990559,43.921551],[-114.983755,43.921017],[-114.981054,43.92473],[-114.980962,43.926003],[-114.97914,43.927692],[-114.978312,43.929507],[-114.979486,43.932946],[-114.977478,43.933079],[-114.974288,43.93509],[-114.972515,43.937591],[-114.971351,43.938308],[-114.96946,43.937333],[-114.966812,43.937736],[-114.961185,43.943509],[-114.959663,43.94421],[-114.9568,43.947423],[-114.954909,43.947737],[-114.950371,43.946922],[-114.948034,43.948862],[-114.946327,43.948475],[-114.942381,43.950678],[-114.939511,43.953176],[-114.937166,43.95657],[-114.936703,43.959742],[-114.934961,43.961386],[-114.934152,43.965258],[-114.932085,43.967918],[-114.931017,43.968729],[-114.926313,43.969661],[-114.922202,43.971945],[-114.921467,43.974401],[-114.919627,43.975396],[-114.91357,43.977261],[-114.907209,43.97972],[-114.90478,43.982306],[-114.900358,43.983997],[-114.897274,43.98473],[-114.896192,43.985615],[-114.892653,43.985412],[-114.891574,43.987169],[-114.888111,43.98911],[-114.883698,43.989173],[-114.88172,43.990502],[-114.875949,43.99195],[-114.873372,43.992949],[-114.813873,43.992941],[-114.813795,43.936759],[-114.81379,43.927772],[-114.681168,43.927705],[-114.678359,43.926013],[-114.674209,43.92567],[-114.672684,43.922541],[-114.670412,43.921313],[-114.66796,43.922808],[-114.662383,43.92176],[-114.660061,43.921884],[-114.657954,43.918169],[-114.655394,43.914192],[-114.654135,43.914282],[-114.651432,43.915809],[-114.647503,43.915795],[-114.644414,43.914255],[-114.642229,43.911196],[-114.639536,43.909599],[-114.637675,43.909658],[-114.634502,43.907833],[-114.634502,43.90456],[-114.633305,43.902383],[-114.629956,43.901614],[-114.627587,43.900306],[-114.627127,43.899182],[-114.625186,43.898023],[-114.619666,43.898099],[-114.618349,43.897227],[-114.614389,43.896682],[-114.613875,43.895879],[-114.606151,43.89362],[-114.604417,43.889768],[-114.600463,43.8887],[-114.599083,43.886727],[-114.597728,43.886054],[-114.597474,43.884365],[-114.593847,43.880486],[-114.591615,43.878774],[-114.588348,43.877994],[-114.583469,43.875103],[-114.582899,43.873227],[-114.583687,43.870844],[-114.586354,43.869882],[-114.585275,43.867377],[-114.582758,43.866443],[-114.583431,43.86325],[-114.585372,43.860641],[-114.584101,43.858893],[-114.581238,43.856624],[-114.580808,43.855003],[-114.582119,43.852481],[-114.581992,43.85145],[-114.577929,43.850232],[-114.57616,43.850675],[-114.575095,43.849556],[-114.570496,43.84825],[-114.569847,43.846273],[-114.565576,43.846127],[-114.56235,43.844368],[-114.557535,43.843892],[-114.55655,43.845224],[-114.552252,43.845646],[-114.549392,43.846743],[-114.545747,43.846189],[-114.541664,43.846501],[-114.538412,43.845495],[-114.535779,43.846218],[-114.533102,43.845659],[-114.528447,43.845662],[-114.526351,43.847464],[-114.523498,43.848558],[-114.521775,43.850921],[-114.521401,43.852472],[-114.516146,43.8547],[-114.516468,43.855653],[-114.514573,43.858507],[-114.515138,43.860652],[-114.513254,43.863216],[-114.516161,43.865147],[-114.516369,43.867545],[-114.517684,43.868418],[-114.519673,43.871679],[-114.51855,43.874072],[-114.519202,43.875162],[-114.517687,43.876363],[-114.513315,43.882694],[-114.509553,43.88513],[-114.509458,43.88848],[-114.510056,43.889846],[-114.514012,43.891926],[-114.515108,43.894739],[-114.512987,43.895995],[-114.511881,43.897573],[-114.510187,43.897802],[-114.507778,43.89909],[-114.504514,43.899046],[-114.498378,43.900433],[-114.495318,43.902268],[-114.491724,43.901815],[-114.485066,43.904504],[-114.484689,43.90375],[-114.480971,43.901887],[-114.480495,43.900317],[-114.477362,43.897955],[-114.474541,43.896517],[-114.470633,43.896083],[-114.465261,43.897022],[-114.460868,43.897011],[-114.459282,43.896264],[-114.45532,43.895451],[-114.453083,43.895896],[-114.45033,43.895513],[-114.446882,43.896858],[-114.443708,43.897193],[-114.442268,43.895309],[-114.437794,43.895062],[-114.437075,43.894124],[-114.427482,43.891509],[-114.422702,43.891963],[-114.420167,43.891742],[-114.413736,43.894483],[-114.410002,43.895651],[-114.404506,43.892439],[-114.400696,43.891128],[-114.398035,43.891357],[-114.396063,43.88963],[-114.391785,43.887855],[-114.390799,43.88635],[-114.38845,43.884274],[-114.385305,43.88462],[-114.380909,43.882769],[-114.376783,43.881918],[-114.372289,43.881423],[-114.37053,43.879219],[-114.366845,43.877657],[-114.363838,43.8759],[-114.361175,43.875271],[-114.359293,43.874177],[-114.356651,43.874193],[-114.35407,43.876453],[-114.352563,43.878438],[-114.352362,43.884445],[-114.351397,43.885198],[-114.347875,43.885539],[-114.344235,43.88847],[-114.343532,43.890279],[-114.341624,43.889609],[-114.33578,43.888798],[-114.332393,43.886962],[-114.325894,43.886681],[-114.323514,43.885853],[-114.321859,43.88602],[-114.315982,43.88808],[-114.31297,43.885874],[-114.310059,43.885485],[-114.30589,43.885575],[-114.304818,43.886382],[-114.300808,43.886168],[-114.298783,43.88683],[-114.292484,43.887062],[-114.289365,43.885558],[-114.287778,43.884328],[-114.285074,43.88384],[-114.282856,43.881694],[-114.278814,43.878849],[-114.281256,43.875084],[-114.282553,43.87183],[-114.282086,43.870504],[-114.281973,43.866616],[-114.282817,43.86562],[-114.28257,43.862408],[-114.283485,43.861064],[-114.280481,43.85729],[-114.279621,43.855226],[-114.27716,43.852274],[-114.276125,43.851773],[-114.277996,43.847401],[-114.278948,43.846237],[-114.279642,43.843412],[-114.279152,43.83916],[-114.27777,43.836219],[-114.277947,43.834292],[-114.276938,43.833907],[-114.275725,43.831138],[-114.271023,43.829537],[-114.268303,43.830618],[-114.266087,43.828002],[-114.263028,43.825856],[-114.260666,43.823354],[-114.25672,43.820604],[-114.254881,43.820284],[-114.252047,43.820788],[-114.249165,43.819223],[-114.246455,43.815053],[-114.243137,43.813459],[-114.242681,43.811755],[-114.24162,43.810776],[-114.238311,43.810422],[-114.235791,43.808267],[-114.228975,43.806076],[-114.225722,43.806217],[-114.222154,43.80466],[-114.221036,43.802618],[-114.218922,43.802254],[-114.21666,43.800587],[-114.213703,43.799171],[-114.209721,43.798062],[-114.205653,43.797735],[-114.204096,43.793855],[-114.202207,43.792691],[-114.195425,43.789586],[-114.190972,43.789397],[-114.188821,43.788816],[-114.184153,43.78908],[-114.181939,43.790042],[-114.180502,43.790068],[-114.176298,43.786557],[-114.17338,43.785232],[-114.171012,43.782629],[-114.171076,43.780217],[-114.166518,43.778809],[-114.16501,43.776436],[-114.163889,43.776333],[-114.160124,43.774529],[-114.159001,43.774499],[-114.156028,43.77592],[-114.153069,43.77627],[-114.150139,43.776063],[-114.14798,43.775205],[-114.142407,43.774368],[-114.141566,43.772113],[-114.140008,43.770126],[-114.136647,43.768055],[-114.134692,43.761182],[-114.135017,43.758612],[-114.137707,43.756291],[-114.135546,43.75455],[-114.133564,43.753883],[-114.132732,43.750757],[-114.129983,43.749064],[-114.128377,43.74753],[-114.124778,43.747152],[-114.120337,43.744005],[-114.11984,43.743056],[-114.11746,43.741447],[-114.116996,43.740347],[-114.113187,43.739449],[-114.112404,43.738756],[-114.108242,43.737244],[-114.107175,43.736474],[-114.105028,43.736808],[-114.101792,43.735774],[-114.099233,43.736157],[-114.095488,43.737375],[-114.092969,43.737315],[-114.088894,43.738321],[-114.086096,43.736753],[-114.083326,43.736178],[-114.081525,43.735123],[-114.079127,43.735236],[-114.076842,43.734697],[-114.074769,43.735392],[-114.070019,43.734696],[-114.067404,43.735518],[-114.065159,43.736983],[-114.062829,43.740347],[-114.061326,43.740415],[-114.056484,43.741858],[-114.053128,43.74646],[-114.052629,43.750612],[-114.053855,43.753319],[-114.053326,43.755037],[-114.051839,43.756573],[-114.053458,43.760831],[-114.053446,43.762146],[-114.051546,43.762723],[-114.047289,43.763009],[-114.041881,43.76524],[-114.03315,43.766961],[-114.031821,43.76879],[-114.031176,43.771527],[-114.029718,43.773361],[-114.026903,43.772212],[-114.024934,43.772179],[-114.021435,43.770215],[-114.019553,43.768725],[-114.01873,43.767083],[-114.011904,43.766416],[-114.008127,43.766642],[-114.004151,43.764994],[-114.003082,43.762527],[-114.000686,43.761082],[-113.999548,43.757628],[-113.99747,43.756596],[-113.993632,43.755832],[-113.993542,43.753676],[-113.996632,43.750486],[-113.99743,43.748373],[-113.99563,43.746788],[-113.997095,43.742575],[-113.993258,43.743034],[-113.989731,43.741061],[-113.98849,43.738522],[-113.985696,43.73718],[-113.985584,43.735407],[-113.984107,43.733687],[-113.984716,43.732282],[-113.984971,43.728205],[-113.986209,43.72573],[-113.98596,43.724882],[-113.982655,43.723069],[-113.981925,43.721153],[-113.978599,43.719054],[-113.976131,43.713669],[-113.976739,43.712382],[-113.974804,43.710662],[-113.974222,43.707825],[-113.972435,43.707159],[-113.970027,43.705366],[-113.967012,43.704573],[-113.961675,43.704076],[-113.958289,43.701824],[-113.956564,43.701274],[-113.953724,43.698275],[-113.951987,43.697743],[-113.951617,43.695778],[-113.95024,43.69433],[-113.948317,43.69396],[-113.946088,43.68924],[-113.942932,43.686727],[-113.940159,43.68632],[-113.936367,43.681726],[-113.933516,43.679365],[-113.928464,43.677173],[-113.927032,43.676291],[-113.924104,43.675884],[-113.915709,43.673879],[-113.913887,43.672356],[-113.911904,43.671724],[-113.910815,43.669914],[-113.910076,43.666204],[-113.907982,43.664572],[-113.907439,43.662708],[-113.90859,43.658325],[-113.907737,43.654794],[-113.904918,43.649719],[-113.902674,43.650056],[-113.899189,43.649519],[-113.896599,43.648355],[-113.893351,43.647983],[-113.892655,43.649027],[-113.890644,43.650006],[-113.887245,43.650362],[-113.886132,43.649047],[-113.883381,43.648513],[-113.880215,43.650527],[-113.875329,43.650504],[-113.873434,43.649322],[-113.871773,43.64914],[-113.868827,43.646589],[-113.865036,43.645288],[-113.862703,43.645249],[-113.861915,43.644028],[-113.863199,43.640399],[-113.862605,43.637704],[-113.859989,43.634132],[-113.855626,43.633012],[-113.854054,43.630557],[-113.852234,43.629041],[-113.851645,43.627655],[-113.846934,43.62532],[-113.843889,43.624972],[-113.842519,43.620604],[-113.839542,43.618609],[-113.841158,43.61768],[-113.838973,43.61456],[-113.835708,43.611976],[-113.837187,43.608766],[-113.835607,43.604909],[-113.831522,43.604769],[-113.828766,43.604239],[-113.826832,43.605214],[-113.823666,43.605167],[-113.821312,43.605441],[-113.818171,43.60302],[-113.814919,43.601916],[-113.813355,43.600059],[-113.813422,43.597291],[-113.811022,43.596385],[-113.810466,43.593819],[-113.812378,43.591404],[-113.811904,43.588453],[-113.811154,43.587328],[-113.81058,43.58375],[-113.808792,43.582862],[-113.808885,43.579857],[-113.806465,43.576617],[-113.807996,43.574504],[-113.8071,43.572747],[-113.802376,43.569987],[-113.798441,43.569217],[-113.792613,43.568547],[-113.791218,43.567725],[-113.787552,43.567513],[-113.785451,43.566709],[-113.782909,43.566596],[-113.780589,43.567426],[-113.77713,43.566853],[-113.77531,43.569626],[-113.773611,43.571352],[-113.769664,43.570947],[-113.766202,43.573907],[-113.763547,43.573886],[-113.762355,43.574901],[-113.759283,43.576087],[-113.752859,43.575242],[-113.75226,43.577287],[-113.747923,43.584383],[-113.748347,43.587204],[-113.73983,43.588008],[-113.738218,43.588902],[-113.732839,43.588648],[-113.731869,43.589396],[-113.727656,43.59014],[-113.723663,43.58925],[-113.723087,43.588237],[-113.72033,43.588604],[-113.713594,43.587045],[-113.713357,43.585722],[-113.711236,43.585773],[-113.707755,43.584861],[-113.703086,43.584251],[-113.701153,43.584553],[-113.698815,43.58238],[-113.696921,43.579593],[-113.694737,43.579559],[-113.694177,43.578588],[-113.69427,43.575408],[-113.695513,43.57448],[-113.694147,43.571874],[-113.69414,43.569453],[-113.692684,43.566791],[-113.693437,43.564968],[-113.689745,43.562826],[-113.688861,43.561519],[-113.690787,43.557098],[-113.690098,43.554886],[-113.687013,43.553112],[-113.686917,43.549644],[-113.688932,43.541921],[-113.685807,43.539248],[-113.685442,43.536339],[-113.685809,43.533972],[-113.685263,43.532314],[-113.6828,43.529928],[-113.680295,43.529383],[-113.67798,43.527556],[-113.67633,43.527549],[-113.671662,43.524615],[-113.668764,43.520361],[-113.667963,43.515568],[-113.665557,43.511766],[-113.670016,43.50467],[-113.671772,43.503089],[-113.67283,43.500359],[-113.665914,43.497131],[-113.661231,43.49784],[-113.65865,43.496706],[-113.653631,43.49373],[-113.648301,43.494416],[-113.642898,43.496118],[-113.640121,43.49863],[-113.637001,43.497333],[-113.634325,43.497474],[-113.635264,43.452768],[-113.635291,43.395047],[-113.63523,43.367546],[-113.416658,43.367375],[-113.413833,43.367165],[-113.36191,43.36716],[-113.361958,43.284678],[-113.007318,43.284778],[-113.007592,43.154833],[-113.007712,43.110933],[-113.243478,43.110946],[-113.24372,42.848207],[-113.237016,42.848157],[-113.236943,42.762212],[-113.178877,42.762355],[-113.178633,42.67546],[-113.236841,42.675308],[-113.236968,42.625254],[-113.241068,42.621145],[-113.245292,42.618342],[-113.246659,42.616888],[-113.25088,42.615851],[-113.25347,42.616084],[-113.256828,42.617763],[-113.258726,42.62046],[-113.258815,42.6247],[-113.261057,42.627803],[-113.262172,42.628303],[-113.274622,42.628106],[-113.279049,42.627401],[-113.282208,42.627284],[-113.285279,42.628321],[-113.289485,42.630385],[-113.293639,42.631018],[-113.29609,42.630964],[-113.3044,42.628749],[-113.307392,42.629404],[-113.310555,42.631155],[-113.311743,42.632399],[-113.313159,42.635249],[-113.315893,42.637625],[-113.324902,42.642062],[-113.327376,42.644344],[-113.328213,42.645998],[-113.329606,42.65045],[-113.331838,42.653169],[-113.336234,42.655033],[-113.341665,42.656971],[-113.345841,42.659843],[-113.348467,42.662727],[-113.351122,42.666309],[-113.35624,42.668446],[-113.359493,42.670761],[-113.360707,42.672118],[-113.364157,42.679674],[-113.367682,42.684031],[-113.37102,42.686866],[-113.373117,42.687638],[-113.375062,42.687832],[-113.384528,42.687018],[-113.39307,42.685741],[-113.39685,42.684901],[-113.39946,42.683897],[-113.404998,42.680106],[-113.411559,42.674448],[-113.414933,42.673184],[-113.420148,42.672687],[-113.429483,42.673642],[-113.434648,42.673577],[-113.448488,42.670756],[-113.472177,42.669352],[-113.472262,42.705105],[-113.472369,42.723845],[-113.472155,42.849201],[-113.413138,42.849169],[-113.413867,43.199859],[-113.714642,43.199783],[-114.010696,43.200145],[-114.257249,43.200113],[-114.332082,43.199728],[-114.374962,43.19964],[-114.374758,43.257514],[-114.394849,43.257561],[-114.394609,43.326209],[-114.402385,43.327679],[-114.407261,43.329556],[-114.408996,43.32966],[-114.417011,43.328314],[-114.41894,43.328445],[-114.421192,43.329728],[-114.425316,43.330671],[-114.427725,43.333381],[-114.4304,43.334206],[-114.4347,43.333304],[-114.437051,43.331406],[-114.439774,43.330779],[-114.442427,43.330927],[-114.446095,43.332423],[-114.449882,43.332192],[-114.454586,43.329641],[-114.456964,43.327197],[-114.459346,43.325756],[-114.461729,43.325009],[-114.464665,43.325523],[-114.466239,43.326745],[-114.469378,43.327745],[-114.471575,43.329464],[-114.476482,43.330589],[-114.480211,43.332422],[-114.484389,43.331786],[-114.485778,43.330018],[-114.488342,43.329032],[-114.494328,43.329531],[-114.498638,43.328616],[-114.503107,43.329105],[-114.506037,43.332027],[-114.508638,43.332895],[-114.515845,43.332184],[-114.518602,43.333136],[-114.521739,43.333047],[-114.523244,43.331725],[-114.524598,43.332585],[-114.529791,43.331844],[-114.532323,43.333292],[-114.534488,43.333383],[-114.534328,43.368616],[-114.526944,43.368602],[-114.526511,43.398365],[-114.546383,43.398404],[-114.546982,43.436034],[-114.543857,43.438685],[-114.54153,43.44122],[-114.537951,43.439609],[-114.537093,43.440453],[-114.533682,43.439827],[-114.534076,43.440629],[-114.532231,43.442548],[-114.532615,43.443959],[-114.530951,43.446477],[-114.531485,43.447311],[-114.52856,43.448217],[-114.526715,43.450686],[-114.523769,43.453114],[-114.520091,43.4551],[-114.517678,43.457362],[-114.517473,43.458271],[-114.516721,43.457617],[-114.514057,43.457937],[-114.512438,43.460454],[-114.512232,43.46435],[-114.510867,43.466454],[-114.510389,43.468859],[-114.508221,43.471079],[-114.508546,43.473372],[-114.508063,43.477051],[-114.506087,43.477904],[-114.506864,43.480321],[-114.508233,43.481512],[-114.513954,43.483524],[-114.514508,43.486194],[-114.516739,43.49069],[-114.516111,43.493314],[-114.519193,43.493205],[-114.526671,43.490849],[-114.529433,43.490722],[-114.535466,43.49261],[-114.540571,43.495207],[-114.543281,43.497302],[-114.547398,43.49739],[-114.548617,43.496551],[-114.550019,43.49703],[-114.553895,43.496834],[-114.558459,43.498005],[-114.560768,43.498022],[-114.561881,43.498907],[-114.562492,43.502538],[-114.565593,43.504364],[-114.568194,43.504485],[-114.57092,43.507407],[-114.570999,43.508944],[-114.573446,43.511771],[-114.574842,43.512358],[-114.577375,43.515407],[-114.579869,43.515842],[-114.580934,43.517655],[-114.579093,43.519861],[-114.580186,43.523328],[-114.582149,43.525179],[-114.587528,43.527398],[-114.589498,43.529201],[-114.591366,43.529391],[-114.595698,43.531235],[-114.596021,43.532698],[-114.594606,43.534912],[-114.595003,43.53806],[-114.593463,43.541025],[-114.592175,43.542412],[-114.590931,43.545075],[-114.590924,43.546422],[-114.584953,43.549913],[-114.587685,43.551257],[-114.589067,43.552553],[-114.588909,43.555344],[-114.587744,43.556007],[-114.586743,43.558826],[-114.589373,43.560353],[-114.59125,43.560492],[-114.594239,43.563198],[-114.599869,43.56475],[-114.601154,43.567019],[-114.602227,43.567453],[-114.607355,43.565696],[-114.609259,43.565943],[-114.611,43.565087],[-114.610497,43.567007],[-114.611597,43.568264],[-114.616856,43.569345],[-114.620875,43.574462],[-114.622688,43.575399],[-114.625751,43.574703],[-114.630169,43.574518],[-114.63491,43.573377],[-114.636134,43.573608],[-114.636801,43.575968],[-114.638001,43.576821],[-114.642072,43.578249],[-114.642786,43.580315],[-114.642495,43.583187],[-114.645189,43.585901],[-114.647294,43.587066],[-114.647831,43.588716],[-114.651649,43.592996],[-114.655712,43.59346],[-114.658673,43.592969],[-114.662451,43.594635],[-114.664609,43.594058],[-114.668078,43.593919],[-114.671384,43.593057],[-114.673754,43.593138],[-114.67869,43.591863],[-114.682355,43.590349],[-114.68314,43.593367],[-114.682125,43.596474],[-114.681739,43.6002],[-114.680456,43.602727],[-114.681241,43.606982],[-114.681998,43.608914],[-114.680817,43.613078],[-114.679692,43.613951],[-114.679081,43.616262],[-114.675163,43.62062],[-114.673034,43.620436],[-114.672374,43.622452],[-114.670856,43.623982],[-114.671083,43.626711],[-114.668697,43.629489],[-114.670976,43.632533],[-114.671338,43.634855],[-114.672512,43.636425],[-114.669846,43.640269],[-114.666313,43.643097],[-114.662701,43.644523],[-114.663816,43.646392],[-114.662619,43.64909],[-114.663315,43.650756],[-114.662279,43.654184],[-114.661137,43.655476],[-114.662751,43.657923],[-114.662311,43.660705],[-114.666662,43.66486],[-114.666891,43.666316],[-114.66856,43.668626],[-114.673294,43.669032],[-114.675646,43.668425],[-114.67915,43.669946],[-114.679612,43.672747],[-114.679156,43.674172],[-114.682054,43.675836],[-114.684953,43.680891],[-114.687503,43.683419],[-114.688032,43.686059],[-114.686727,43.689099],[-114.687796,43.690982],[-114.686458,43.692407],[-114.68103,43.695126],[-114.679018,43.696771],[-114.676211,43.698058],[-114.677305,43.701173],[-114.679361,43.702675],[-114.681407,43.705062],[-114.682227,43.708461],[-114.681372,43.710924],[-114.681885,43.713626],[-114.681482,43.716441],[-114.680002,43.71931],[-114.680102,43.724105],[-114.676331,43.725721],[-114.675277,43.727146],[-114.674983,43.729829],[-114.673192,43.731859],[-114.66969,43.733898],[-114.666068,43.738957],[-114.666655,43.740403],[-114.66983,43.744126],[-114.672034,43.744563],[-114.675049,43.744106],[-114.676366,43.744482],[-114.680302,43.742321],[-114.68282,43.743644],[-114.685104,43.746105],[-114.690171,43.75038],[-114.690847,43.751362],[-114.690966,43.754432],[-114.689933,43.759725],[-114.68868,43.763181],[-114.689429,43.764709],[-114.689138,43.76632],[-114.691572,43.768372],[-114.691801,43.769683],[-114.69364,43.771524],[-114.693837,43.773836],[-114.695412,43.775293],[-114.695319,43.777287],[-114.694178,43.779807],[-114.693995,43.782113],[-114.692627,43.78426],[-114.694052,43.788713],[-114.695546,43.791282],[-114.698149,43.794169],[-114.699029,43.799736],[-114.700521,43.80183],[-114.70205,43.805413],[-114.704673,43.807781],[-114.707598,43.808492],[-114.713272,43.812683],[-114.714648,43.814669],[-114.716335,43.815392],[-114.7195,43.814799],[-114.720281,43.810573],[-114.722464,43.807],[-114.724843,43.805801],[-114.728113,43.806217],[-114.730516,43.807408],[-114.732851,43.807172],[-114.736361,43.805929],[-114.740374,43.806837],[-114.74158,43.806523],[-114.742824,43.804988],[-114.744493,43.804686],[-114.75006,43.801235],[-114.752711,43.801422],[-114.755093,43.800638],[-114.756143,43.799009],[-114.75677,43.796261],[-114.758292,43.793744],[-114.760227,43.791641],[-114.764265,43.793133],[-114.771437,43.793585],[-114.774908,43.792412],[-114.778688,43.797036],[-114.780457,43.800691],[-114.783367,43.800541],[-114.786877,43.802608],[-114.794134,43.801646],[-114.795967,43.802301],[-114.797921,43.802083],[-114.800474,43.802732],[-114.802559,43.80043],[-114.806407,43.800211],[-114.809411,43.799215],[-114.815102,43.79853],[-114.816923,43.796239],[-114.818988,43.795087],[-114.822805,43.790953],[-114.827333,43.788177],[-114.828909,43.788002],[-114.831437,43.790533],[-114.831565,43.79197],[-114.831773,43.793056],[-114.83538,43.793978],[-114.839812,43.79455],[-114.844398,43.792811],[-114.847729,43.792838],[-114.851506,43.791082],[-114.854389,43.791655],[-114.855964,43.795513],[-114.854565,43.80004],[-114.854456,43.803073],[-114.853736,43.805884],[-114.851121,43.807111],[-114.848013,43.810119],[-114.847644,43.811189],[-114.848675,43.814238],[-114.847781,43.816381],[-114.850118,43.817818],[-114.85211,43.81807],[-114.857275,43.817436],[-114.859493,43.818039],[-114.861332,43.819888],[-114.865352,43.821998],[-114.867717,43.822458],[-114.871479,43.822497],[-114.875994,43.823145],[-114.881982,43.823135],[-114.8858,43.824279],[-114.888261,43.82808],[-114.894404,43.82986],[-114.900796,43.828552],[-114.9025,43.828894],[-114.908549,43.831528],[-114.911117,43.831809],[-114.912101,43.833553],[-114.915036,43.835469],[-114.91604,43.836727],[-114.924127,43.837084],[-114.927666,43.83946],[-114.93103,43.840038],[-114.93325,43.841125],[-114.934227,43.842615],[-114.941617,43.846609],[-114.943679,43.848991],[-114.947299,43.850432],[-114.951885,43.854275],[-114.958956,43.853742],[-114.961252,43.852096],[-114.962489,43.852157],[-114.969282,43.848585],[-114.970234,43.848601],[-114.971411,43.849557],[-114.97304,43.852996],[-114.974739,43.854022],[-114.979216,43.854969],[-114.981266,43.854938],[-114.986394,43.857607],[-114.989258,43.858563],[-114.989451,43.86166],[-114.987181,43.861708],[-114.982115,43.86509],[-114.977377,43.864247],[-114.976053,43.866737],[-114.973887,43.867358],[-114.972837,43.871617],[-114.974815,43.876549],[-114.974074,43.878704],[-114.976805,43.879752],[-114.978275,43.881402],[-114.980679,43.881913],[-114.982901,43.88449],[-114.985515,43.885804],[-114.988376,43.885826],[-114.989224,43.888852],[-114.988682,43.890897],[-114.989555,43.894702],[-114.987808,43.895604],[-114.989189,43.898976],[-114.988515,43.900984],[-114.990874,43.903694],[-114.995821,43.908369],[-114.996418,43.910482],[-114.996687,43.914407]]]}},{"type":"Feature","properties":{"fips":"16000","lea_geoid":"1603030","district_name":"South Lemhi School District 292","state_fips":"16","state_abbr":"ID","county_name":"","county_fips":"000"},"geometry":{"type":"Polygon","coordinates":[[[-113.88184,44.806785],[-113.87645,44.808308],[-113.871284,44.810815],[-113.866332,44.815201],[-113.863875,44.819159],[-113.860934,44.822014],[-113.862321,44.824095],[-113.864963,44.831555],[-113.866584,44.833176],[-113.867114,44.835527],[-113.866251,44.839204],[-113.867308,44.843833],[-113.866273,44.845859],[-113.862896,44.848176],[-113.86551,44.850681],[-113.865574,44.851534],[-113.860922,44.854607],[-113.857078,44.855852],[-113.854314,44.857262],[-113.855119,44.858701],[-113.854104,44.863025],[-113.851389,44.865139],[-113.850412,44.868927],[-113.84919,44.870034],[-113.848349,44.873253],[-113.846441,44.876465],[-113.844467,44.876807],[-113.843283,44.876141],[-113.840599,44.876082],[-113.839152,44.877592],[-113.832891,44.877612],[-113.830731,44.878254],[-113.827055,44.877964],[-113.822639,44.879014],[-113.815986,44.877527],[-113.814952,44.877731],[-113.816477,44.88064],[-113.815637,44.881513],[-113.815421,44.884059],[-113.813552,44.885771],[-113.814843,44.888781],[-113.812505,44.890663],[-113.812378,44.892673],[-113.810643,44.893548],[-113.809807,44.894923],[-113.810292,44.897199],[-113.806691,44.900154],[-113.803308,44.901168],[-113.800627,44.901476],[-113.799781,44.903804],[-113.797931,44.904226],[-113.796735,44.90617],[-113.79852,44.906918],[-113.799631,44.909338],[-113.798861,44.91266],[-113.80298,44.916417],[-113.805721,44.920191],[-113.80501,44.923084],[-113.808144,44.923477],[-113.812305,44.925365],[-113.670772,44.925584],[-113.668801,45.019992],[-113.660362,45.019909],[-113.64961,45.019807],[-113.649425,45.027867],[-113.647568,45.029424],[-113.644906,45.030592],[-113.643041,45.032456],[-113.640519,45.033442],[-113.639591,45.033255],[-113.638971,45.033891],[-113.631149,45.035785],[-113.627574,45.037572],[-113.623982,45.039878],[-113.621755,45.040713],[-113.619258,45.042282],[-113.61622,45.045109],[-113.610188,45.047607],[-113.60762,45.047954],[-113.603458,45.049118],[-113.599778,45.052915],[-113.594797,45.056191],[-113.59236,45.058171],[-113.587726,45.059917],[-113.584105,45.062155],[-113.580159,45.063884],[-113.579114,45.064937],[-113.574479,45.066336],[-113.572452,45.070478],[-113.570006,45.073226],[-113.568637,45.075776],[-113.567189,45.076555],[-113.563265,45.077394],[-113.561368,45.079556],[-113.558364,45.080971],[-113.555926,45.084037],[-113.552906,45.086768],[-113.548733,45.088391],[-113.539169,45.091127],[-113.537504,45.092399],[-113.535281,45.094927],[-113.532647,45.09655],[-113.527117,45.09837],[-113.520804,45.10134],[-113.519169,45.103051],[-113.51902,45.1044],[-113.516904,45.107285],[-113.513471,45.110256],[-113.512819,45.111457],[-113.509092194545,45.1137725281092],[-113.505924,45.109159],[-113.506908,45.106918],[-113.511653,45.099889],[-113.522637,45.09268],[-113.522502,45.091736],[-113.517868435891,45.0879059409213],[-113.514123,45.08481],[-113.50715,45.083372],[-113.502035,45.081244],[-113.495949,45.080818],[-113.487097,45.074652],[-113.488715,45.071966],[-113.487347,45.070195],[-113.485308,45.063547],[-113.475117,45.061794],[-113.465019,45.062816],[-113.461828,45.064691],[-113.459766,45.064641],[-113.452044,45.059174],[-113.450595,45.053669],[-113.451011,45.048508],[-113.449856,45.047124],[-113.449833,45.045501],[-113.45579,45.040169],[-113.454653,45.038263],[-113.446239,45.033461],[-113.448743,45.020711],[-113.443097,45.01496],[-113.438991,45.00983],[-113.437882,45.007343],[-113.439543,45.004649],[-113.446225,44.999297],[-113.44663,44.99782],[-113.445093,44.992097],[-113.446782,44.986939],[-113.446512,44.983228],[-113.445436572369,44.9747463859566],[-113.44517,44.972644],[-113.449175,44.970952],[-113.449444,44.970017],[-113.443949,44.960165],[-113.444388,44.958745],[-113.446787,44.955413],[-113.452252,44.952241],[-113.460443,44.952253],[-113.46521,44.947866],[-113.472461,44.948181],[-113.480836,44.95031],[-113.483469,44.947847],[-113.487657,44.946919],[-113.493814,44.948509],[-113.496445,44.947319],[-113.497417,44.94546],[-113.498373,44.941685],[-113.496235,44.937503],[-113.495039,44.93141],[-113.492559,44.930592],[-113.491119,44.926751],[-113.491542,44.924541],[-113.488501,44.920728],[-113.484609,44.920045],[-113.476706,44.911777],[-113.471948,44.909456],[-113.474481,44.9056],[-113.475777,44.898625],[-113.47804,44.896272],[-113.477988,44.895222],[-113.47289,44.892402],[-113.467032,44.89076],[-113.4612,44.886754],[-113.462556,44.881858],[-113.458343,44.876556],[-113.45629,44.872323],[-113.455071,44.865424],[-113.452104,44.863343],[-113.443666,44.861756],[-113.439398,44.855508],[-113.430319,44.855281],[-113.42875,44.854213],[-113.425951,44.848389],[-113.422376,44.842595],[-113.422245,44.837826],[-113.421579,44.837554],[-113.413514,44.840441],[-113.409413,44.840757],[-113.39431,44.83694],[-113.390461,44.83766],[-113.384335,44.837503],[-113.377115,44.834829],[-113.376157,44.83039],[-113.367677,44.825075],[-113.356062,44.819798],[-113.3461,44.800611],[-113.346692,44.798898],[-113.354422,44.795427],[-113.354435,44.793032],[-113.352992,44.790877],[-113.346424,44.788528],[-113.341822,44.784944],[-113.340003,44.784842],[-113.329491,44.788645],[-113.319481,44.794404],[-113.30086,44.799512],[-113.299377,44.802639],[-113.285308,44.808255],[-113.279933,44.812073],[-113.272655,44.814351],[-113.26343,44.816395],[-113.25912,44.819269],[-113.247603,44.822861],[-113.246481,44.822665],[-113.240114,44.816663],[-113.239337,44.814606],[-113.237711,44.813874],[-113.231871,44.814329],[-113.221707,44.810646],[-113.209171,44.809032],[-113.203801,44.804132],[-113.195325,44.802296],[-113.190334,44.79979],[-113.183395,44.793565],[-113.179538,44.787165],[-113.17397,44.784706],[-113.163409,44.778779],[-113.159429,44.780884],[-113.149831,44.77882],[-113.147321,44.777076],[-113.140618,44.776698],[-113.131831,44.773038],[-113.132082,44.770543],[-113.131418,44.765272],[-113.133813,44.763474],[-113.137704,44.760109],[-113.13428,44.752267],[-113.130271,44.749904],[-113.124624,44.749225],[-113.121503,44.747173],[-113.11638,44.739409],[-113.117374,44.73331],[-113.116011,44.732328],[-113.112112,44.733288],[-113.101597,44.729388],[-113.102274,44.72581],[-113.099757,44.717717],[-113.101469,44.716258],[-113.101279,44.706221],[-113.097023,44.701464],[-113.097833,44.698868],[-113.093951,44.695307],[-113.083237,44.692156],[-113.07994,44.688876],[-113.079894,44.687159],[-113.081894,44.68425],[-113.081406,44.683372],[-113.076277,44.680632],[-113.067761,44.678786],[-113.067185,44.673847],[-113.069726,44.669039],[-113.068144,44.658269],[-113.06446,44.653375],[-113.064607345934,44.6528370372537],[-113.065589,44.649253],[-113.058987139999,44.6434863912962],[-113.051504,44.63695],[-113.049808,44.629066],[-113.05342,44.622013],[-113.057122,44.618609],[-113.059783,44.617824],[-113.06417,44.618189],[-113.070417,44.616334],[-113.07467,44.613982],[-113.078769,44.608017],[-113.083896,44.603637],[-113.087595,44.600088],[-113.087542,44.59951],[-113.079794,44.59651],[-113.073876,44.593932],[-113.06634,44.588675],[-113.062703,44.586433],[-113.06261,44.58548],[-113.06688,44.580875],[-113.067168,44.579062],[-113.045401,44.568892],[-113.041318,44.567817],[-113.037792,44.565083],[-113.036827,44.560362],[-113.045096,44.555984],[-113.047765,44.548283],[-113.04422,44.54337],[-113.037915,44.539408],[-113.030853,44.536976],[-113.025493,44.538006],[-113.022694,44.534816],[-113.013247,44.528166],[-113.007952,44.52718],[-113.005408,44.520142],[-113.015578,44.516203],[-113.015936,44.513804],[-113.015532,44.508528],[-113.017047,44.50398],[-113.026499,44.496166],[-113.0265,44.494593],[-113.019987,44.483696],[-113.006702,44.471651],[-113.006419,44.470318],[-113.008779,44.465862],[-113.006146,44.457244],[-113.005059,44.45372],[-113.001978,44.449857],[-112.992667,44.445616],[-112.986168,44.440324],[-112.979377,44.433559],[-112.9642,44.423787],[-112.952963,44.424677],[-112.95215,44.424348],[-112.953279,44.42228],[-112.951109,44.417442],[-112.93958,44.412502],[-112.93057,44.413312],[-112.925763,44.410465],[-112.9229,44.410839],[-112.918568,44.40896],[-112.916538,44.404171],[-112.912601,44.402115],[-112.902662,44.399101],[-112.897619,44.400441],[-112.891254,44.405525],[-112.889154,44.405205],[-112.888254,44.40374],[-112.884667,44.402106],[-112.88367,44.399948],[-112.885419,44.396833],[-112.884221,44.393726],[-112.882679,44.387067],[-112.88152,44.379629],[-112.876713,44.377472],[-112.873153,44.374375],[-112.873281,44.372349],[-112.863515,44.369455],[-112.855086,44.35997],[-112.845176,44.357962],[-112.841881,44.360848],[-112.829938,44.365548],[-112.820489,44.370946],[-112.813804186466,44.3761865074476],[-112.813792,44.230281],[-112.934701,44.230246],[-112.934725,44.234166],[-112.995091,44.234126],[-113.320609,44.233164],[-113.320362,44.235994],[-113.321853,44.23703],[-113.324848,44.241089],[-113.328954,44.243001],[-113.331176,44.245578],[-113.330477,44.246171],[-113.332685,44.247352],[-113.332099,44.248165],[-113.333868,44.250321],[-113.332745,44.250854],[-113.33447,44.253113],[-113.334817,44.255647],[-113.334353,44.257077],[-113.33481,44.259795],[-113.332989,44.262157],[-113.333126,44.26436],[-113.331183,44.266543],[-113.331392,44.267415],[-113.329531,44.269216],[-113.326414,44.270924],[-113.326052,44.272363],[-113.329571,44.277477],[-113.328951,44.280631],[-113.330279,44.283171],[-113.329934,44.284323],[-113.331878,44.286334],[-113.33212,44.28798],[-113.333552,44.290953],[-113.336739,44.293463],[-113.336926,44.296086],[-113.33777,44.296799],[-113.339164,44.301983],[-113.338599,44.302515],[-113.339636,44.304726],[-113.33856,44.305615],[-113.337795,44.30813],[-113.339411,44.31154],[-113.339024,44.313608],[-113.340162,44.315268],[-113.339617,44.316313],[-113.340821,44.318165],[-113.343454,44.319487],[-113.344365,44.32127],[-113.348073,44.323415],[-113.348896,44.323124],[-113.352945,44.325483],[-113.352451,44.326328],[-113.356434,44.329123],[-113.356475,44.334302],[-113.358268,44.336981],[-113.35834,44.339393],[-113.360473,44.341937],[-113.361015,44.345409],[-113.363088,44.347469],[-113.368579,44.351124],[-113.370885,44.351908],[-113.37354,44.353796],[-113.373556,44.355216],[-113.375476,44.357799],[-113.375286,44.358567],[-113.377617,44.358902],[-113.377152,44.361141],[-113.381896,44.3649],[-113.385942,44.366645],[-113.391645,44.370851],[-113.393202,44.373314],[-113.395494,44.374486],[-113.39593,44.376243],[-113.399342,44.379049],[-113.402251,44.379661],[-113.403484,44.38049],[-113.404779,44.382518],[-113.405499,44.38503],[-113.404763,44.386771],[-113.406114,44.389361],[-113.408559,44.392307],[-113.408724,44.394001],[-113.410403,44.396504],[-113.410549,44.400201],[-113.4122,44.401209],[-113.411878,44.402838],[-113.414175,44.404885],[-113.414548,44.407552],[-113.418115,44.411236],[-113.419078,44.413799],[-113.420215,44.414738],[-113.421014,44.417485],[-113.423746,44.418949],[-113.425443,44.422896],[-113.428735,44.424731],[-113.43428,44.425684],[-113.43585,44.426762],[-113.43687,44.430742],[-113.438069,44.431679],[-113.43668,44.434991],[-113.437002,44.439305],[-113.438929,44.442334],[-113.442709,44.443419],[-113.444645,44.444705],[-113.446726,44.451066],[-113.44977,44.452524],[-113.451832,44.454936],[-113.45449,44.454969],[-113.456806,44.45369],[-113.461984,44.453398],[-113.465174,44.454925],[-113.466499,44.452891],[-113.473491,44.448797],[-113.477446,44.447969],[-113.478631,44.448069],[-113.486451,44.451266],[-113.487834,44.452374],[-113.491375,44.457033],[-113.495654,44.459055],[-113.496611,44.460258],[-113.502714,44.461619],[-113.504735,44.46098],[-113.510607,44.461203],[-113.513092,44.462074],[-113.521497,44.462935],[-113.524896,44.461189],[-113.527937,44.461381],[-113.53342,44.46435],[-113.535306,44.46581],[-113.536967,44.468311],[-113.539431,44.470071],[-113.544329,44.472508],[-113.548275,44.47591],[-113.550181,44.478597],[-113.548427,44.484519],[-113.547364,44.486526],[-113.548308,44.489256],[-113.547709,44.492763],[-113.545807,44.494766],[-113.545701,44.496248],[-113.549704,44.501542],[-113.545694,44.505901],[-113.545294,44.511818],[-113.542819,44.513531],[-113.540075,44.518788],[-113.534135,44.520982],[-113.531935,44.52119],[-113.527952,44.52057],[-113.522759,44.522159],[-113.519435,44.522505],[-113.521553,44.525639],[-113.519691,44.529288],[-113.516244,44.535148],[-113.511906,44.541312],[-113.510131,44.542956],[-113.511071,44.543821],[-113.512803,44.543548],[-113.514391,44.541939],[-113.520192,44.539379],[-113.520852,44.54078],[-113.525871,44.5425],[-113.528215,44.542959],[-113.534161,44.541935],[-113.536788,44.543129],[-113.537082,44.546837],[-113.53835,44.547568],[-113.538546,44.54994],[-113.540144,44.551404],[-113.539777,44.553679],[-113.538103,44.557295],[-113.538956,44.559798],[-113.538921,44.56334],[-113.542069,44.565401],[-113.550033,44.564502],[-113.553299,44.56078],[-113.553947,44.558505],[-113.552958,44.557373],[-113.554216,44.555363],[-113.560674,44.553333],[-113.567453,44.549564],[-113.570683,44.548916],[-113.573691,44.551411],[-113.577165,44.552901],[-113.57778,44.554435],[-113.580554,44.556496],[-113.591484,44.559359],[-113.596682,44.558636],[-113.599066,44.557423],[-113.604707,44.561041],[-113.606451,44.563206],[-113.608236,44.564201],[-113.613602,44.569023],[-113.61484,44.572961],[-113.613354,44.575775],[-113.610463,44.579029],[-113.608885,44.582277],[-113.610959,44.584641],[-113.613305,44.585233],[-113.617023,44.587857],[-113.620871,44.588809],[-113.622426,44.590306],[-113.622386,44.59171],[-113.619068,44.59383],[-113.617487,44.59661],[-113.619411,44.59697],[-113.622487,44.60247],[-113.621977,44.603475],[-113.618139,44.605129],[-113.61613,44.606541],[-113.615342,44.608483],[-113.613703,44.609025],[-113.613522,44.610229],[-113.615457,44.61276],[-113.616031,44.61513],[-113.619694,44.615949],[-113.625165,44.62184],[-113.625366,44.624479],[-113.624332,44.627169],[-113.625876,44.626445],[-113.632474,44.628188],[-113.634819,44.632177],[-113.635761,44.635831],[-113.64039,44.638378],[-113.643294,44.641898],[-113.646662,44.644009],[-113.649838,44.644009],[-113.655437,44.641963],[-113.657206,44.639582],[-113.663317,44.637334],[-113.665511,44.636931],[-113.668363,44.638071],[-113.66977,44.640451],[-113.669594,44.643702],[-113.67156,44.645478],[-113.672548,44.647858],[-113.67308,44.654361],[-113.673784,44.655868],[-113.684579,44.656602],[-113.688081,44.656231],[-113.691455,44.659347],[-113.692213,44.662632],[-113.697773,44.66293],[-113.705217,44.667182],[-113.707363,44.666276],[-113.71176,44.667915],[-113.714565,44.668248],[-113.715271,44.669555],[-113.717796,44.669989],[-113.721126,44.673405],[-113.724671,44.671659],[-113.728174,44.671254],[-113.734951,44.671918],[-113.737798,44.670977],[-113.741165,44.671745],[-113.744681,44.674289],[-113.750883,44.671484],[-113.754198,44.668485],[-113.756824,44.667773],[-113.760629,44.670314],[-113.761523,44.672059],[-113.768239,44.675298],[-113.77218,44.67495],[-113.784855,44.678371],[-113.787247,44.678162],[-113.790851,44.67496],[-113.79431,44.670314],[-113.800454,44.670025],[-113.802327,44.668844],[-113.802322,44.667131],[-113.803866,44.665446],[-113.813849,44.662592],[-113.816392,44.666076],[-113.81766,44.66661],[-113.820771,44.671536],[-113.824819,44.675385],[-113.826235,44.678101],[-113.830985,44.681846],[-113.831563,44.686379],[-113.828893,44.687665],[-113.828244,44.689984],[-113.829852,44.693673],[-113.833953,44.699],[-113.833966,44.702963],[-113.831529,44.703912],[-113.827773,44.703724],[-113.820571,44.711877],[-113.826413,44.718239],[-113.828152,44.718602],[-113.82952,44.720613],[-113.828178,44.726529],[-113.830811,44.727762],[-113.832509,44.72994],[-113.832045,44.731587],[-113.835907,44.734838],[-113.836241,44.736687],[-113.839873,44.739816],[-113.842242,44.742972],[-113.841664,44.745492],[-113.838717,44.749689],[-113.84078,44.750915],[-113.841786,44.753683],[-113.841678,44.755899],[-113.843488,44.757408],[-113.845157,44.759722],[-113.847412,44.760247],[-113.851569,44.762495],[-113.853323,44.764133],[-113.855443,44.767542],[-113.854894,44.770863],[-113.858348,44.777021],[-113.862352,44.778312],[-113.870071,44.782876],[-113.871431,44.784499],[-113.872608,44.787378],[-113.87308,44.793646],[-113.875228,44.796126],[-113.875371,44.798302],[-113.879447,44.801466],[-113.880676,44.805521],[-113.88184,44.806785]]]}},{"type":"Feature","properties":{"fips":"16000","lea_geoid":"1602640","district_name":"Pocatello School District 25","state_fips":"16","state_abbr":"ID","county_name":"","county_fips":"000"},"geometry":{"type":"Polygon","coordinates":[[[-112.752341,42.958],[-112.750157,42.961086],[-112.751066,42.963382],[-112.746804,42.966383],[-112.745021,42.969863],[-112.743499,42.971125],[-112.740771,42.972215],[-112.737568,42.972503],[-112.735659,42.973234],[-112.734204,42.975502],[-112.734651,42.977211],[-112.736487,42.978795],[-112.741501,42.980826],[-112.74284,42.984574],[-112.742602,42.98646],[-112.741566,42.988858],[-112.736676,42.991552],[-112.730342,42.992504],[-112.726418,42.992635],[-112.72305,42.992206],[-112.71761,42.99086],[-112.716175,42.990744],[-112.711012,42.992203],[-112.707547,42.990549],[-112.706747,42.990683],[-112.705701,42.992074],[-112.705841,42.995499],[-112.704496,42.997663],[-112.703159,42.997908],[-112.698348,42.995911],[-112.695965,42.997467],[-112.69531,42.999713],[-112.693185,42.999739],[-112.691505,43.002987],[-112.693312,43.005842],[-112.694733,43.00682],[-112.69482,43.008109],[-112.691807,43.009612],[-112.687649,43.007581],[-112.686258,43.007634],[-112.683636,43.010022],[-112.680409,43.012267],[-112.679632,43.01389],[-112.679995,43.015558],[-112.681375,43.015447],[-112.681266,43.016963],[-112.682232,43.018733],[-112.680582,43.020787],[-112.678364,43.02173],[-112.676152,43.022012],[-112.67342,43.021515],[-112.667584,43.019191],[-112.667334,43.016226],[-112.665635,43.01553],[-112.664762,43.015624],[-112.662024,43.017924],[-112.658128,43.02011],[-112.656552,43.021944],[-112.63485,43.021992],[-112.633973,43.021993],[-112.496234,43.022017],[-112.491086,43.022147],[-112.476483,43.022059],[-112.456678,43.022057],[-112.442694,43.021984],[-112.408233,43.022153],[-112.397595,43.022129],[-112.388836,43.022041],[-112.387123,43.022027],[-112.385631,43.022051],[-112.17938,43.021614],[-112.179378,43.022391],[-112.063023,43.022364],[-112.064807,43.021471],[-112.065949,43.019392],[-112.062776,43.018692],[-112.060735,43.015393],[-112.062446,43.013968],[-112.062377,43.011787],[-112.060468,43.010668],[-112.058861,43.010908],[-112.055963,43.00797],[-112.057282,43.005285],[-112.058735,43.003588],[-112.053353,43.00045],[-112.054801,42.998207],[-112.052208,42.995093],[-112.051822,42.993448],[-112.052883,42.991044],[-112.057074,42.986187],[-112.05876,42.983398],[-112.062844,42.98038],[-112.063849,42.97988],[-112.068069,42.980534],[-112.069516,42.980079],[-112.07502,42.98028],[-112.078502,42.977734],[-112.082863,42.976662],[-112.085518,42.974881],[-112.088706,42.973477],[-112.086296,42.97095],[-112.087937,42.966281],[-112.086026,42.963899],[-112.085044,42.961157],[-112.083684,42.955256],[-112.084024,42.952981],[-112.082187,42.951414],[-112.082053,42.950425],[-112.087977,42.948653],[-112.092626,42.950792],[-112.099129,42.952063],[-112.102742,42.951641],[-112.104354,42.950383],[-112.107369,42.949201],[-112.109255,42.946949],[-112.11493,42.947664],[-112.120757,42.945182],[-112.122684,42.94386],[-112.124509,42.944698],[-112.127424,42.944498],[-112.12916,42.940447],[-112.12938,42.936631],[-112.130675,42.933957],[-112.130751,42.931683],[-112.132453,42.929009],[-112.132198,42.92785],[-112.135299,42.925122],[-112.136362,42.922622],[-112.142147,42.919863],[-112.143623,42.91766],[-112.142191,42.915963],[-112.140534,42.915159],[-112.13662,42.914429],[-112.134329,42.913552],[-112.133913,42.912678],[-112.136509,42.905785],[-112.250893,42.905453],[-112.300768,42.905779],[-112.300736,42.905303],[-112.300946,42.891314],[-112.301273,42.889141],[-112.30176,42.876588],[-112.301945,42.861826],[-112.338974,42.86204],[-112.339212,42.847464],[-112.340856,42.847479],[-112.341098,42.833394],[-112.330117,42.833081],[-112.304181,42.832941],[-112.304166,42.810363],[-112.302213,42.809149],[-112.301864,42.807766],[-112.301935,42.793137],[-112.302071,42.764742],[-112.30229,42.763721],[-112.302051,42.761541],[-112.301552,42.718889],[-112.41392,42.718997],[-112.457728,42.718649],[-112.457753,42.732965],[-112.49691,42.733013],[-112.497079,42.75996],[-112.497227,42.790727],[-112.516739,42.790824],[-112.516775,42.794706],[-112.516926,42.848033],[-112.515478,42.848054],[-112.51547,42.907239],[-112.515519,42.909975],[-112.518106,42.909569],[-112.520638,42.91275],[-112.521987,42.914519],[-112.519999,42.918026],[-112.522626,42.919374],[-112.5249,42.919582],[-112.527335,42.921026],[-112.527419,42.921836],[-112.529732,42.923565],[-112.530169,42.925513],[-112.532093,42.929873],[-112.535829,42.931422],[-112.537837,42.932413],[-112.540126,42.932197],[-112.544465,42.93452],[-112.546775,42.936155],[-112.54469,42.93833],[-112.546155,42.939833],[-112.543578,42.940538],[-112.545168,42.941894],[-112.544231,42.943339],[-112.544672,42.945427],[-112.546393,42.946786],[-112.548794,42.951999],[-112.550835,42.952871],[-112.549284,42.95387],[-112.549897,42.954604],[-112.553954,42.955976],[-112.553726,42.957218],[-112.55695,42.959033],[-112.557695,42.960545],[-112.559335,42.961004],[-112.559563,42.959759],[-112.563203,42.959997],[-112.562842,42.958575],[-112.564602,42.958879],[-112.56536,42.960634],[-112.566424,42.959093],[-112.567948,42.960361],[-112.567327,42.961467],[-112.569681,42.962196],[-112.568477,42.963306],[-112.569271,42.963917],[-112.573498,42.96419],[-112.574878,42.964983],[-112.578832,42.965496],[-112.580072,42.967676],[-112.578042,42.969233],[-112.579287,42.972451],[-112.581137,42.973329],[-112.58371,42.972871],[-112.585079,42.970597],[-112.58896,42.971628],[-112.58812,42.972761],[-112.58905,42.973603],[-112.590392,42.972819],[-112.592741,42.973313],[-112.594853,42.972787],[-112.595607,42.971175],[-112.597366,42.970808],[-112.595043,42.968172],[-112.596751,42.967332],[-112.598786,42.964517],[-112.597999,42.962956],[-112.599648,42.962744],[-112.600379,42.964163],[-112.602808,42.96451],[-112.605677,42.963776],[-112.602808,42.963249],[-112.600903,42.962317],[-112.600647,42.961226],[-112.601848,42.960021],[-112.60404,42.959464],[-112.60707,42.959966],[-112.609186,42.959009],[-112.611684,42.960239],[-112.615899,42.958937],[-112.617962,42.960911],[-112.61952,42.960961],[-112.61942,42.958342],[-112.621733,42.957911],[-112.621655,42.956403],[-112.623157,42.954953],[-112.623507,42.95346],[-112.625569,42.952892],[-112.626918,42.953625],[-112.627465,42.952249],[-112.629679,42.951918],[-112.632939,42.949377],[-112.634924,42.948522],[-112.638441,42.945397],[-112.643896,42.94196],[-112.646089,42.941546],[-112.649002,42.940072],[-112.650531,42.94272],[-112.65612,42.940707],[-112.659675,42.941469],[-112.6607,42.94038],[-112.663667,42.940359],[-112.667875,42.939332],[-112.672642,42.940111],[-112.679155,42.938706],[-112.681169,42.940036],[-112.684614,42.941485],[-112.688429,42.94105],[-112.69183,42.938516],[-112.694981,42.938655],[-112.698034,42.937761],[-112.699331,42.935968],[-112.702152,42.935337],[-112.703646,42.931937],[-112.701896,42.927753],[-112.702152,42.925953],[-112.704508,42.923225],[-112.706777,42.922048],[-112.71074,42.922326],[-112.713154,42.920252],[-112.713837,42.918273],[-112.720886,42.916452],[-112.722516,42.917068],[-112.727384,42.915831],[-112.730549,42.914257],[-112.733442,42.912237],[-112.73351,42.910021],[-112.731879,42.908524],[-112.732248,42.906631],[-112.734171,42.905837],[-112.737496,42.905408],[-112.739723,42.908495],[-112.739976,42.910611],[-112.739103,42.912984],[-112.740322,42.914825],[-112.742368,42.91496],[-112.74518,42.912516],[-112.746769,42.91239],[-112.747927,42.913232],[-112.747923,42.916389],[-112.748376,42.918804],[-112.747418,42.920458],[-112.744967,42.921668],[-112.742114,42.921243],[-112.741304,42.922077],[-112.744057,42.924273],[-112.744854,42.926098],[-112.743983,42.928565],[-112.742183,42.929114],[-112.739822,42.928178],[-112.736887,42.925264],[-112.734572,42.925916],[-112.733503,42.927424],[-112.733377,42.92914],[-112.735751,42.93045],[-112.739715,42.931295],[-112.739932,42.932643],[-112.737136,42.932982],[-112.733417,42.93644],[-112.732226,42.938226],[-112.732083,42.940087],[-112.732458,42.940748],[-112.737034,42.944041],[-112.740461,42.945102],[-112.743745,42.945412],[-112.748427,42.946961],[-112.750736,42.949763],[-112.750562,42.951528],[-112.749732,42.953068],[-112.751747,42.955001],[-112.752341,42.958]]]}},{"type":"Feature","properties":{"fips":"16000","lea_geoid":"1603300","district_name":"Wallace School District 393","state_fips":"16","state_abbr":"ID","county_name":"","county_fips":"000"},"geometry":{"type":"Polygon","coordinates":[[[-116.329601,48.017722],[-116.327739,48.018704],[-116.324176,48.022277],[-116.322633,48.023206],[-116.315708,48.030024],[-116.313127,48.030823],[-116.313152,48.03179],[-116.309635,48.034461],[-116.307085,48.038097],[-116.302158,48.041494],[-116.297921,48.041855],[-116.291131,48.045316],[-116.289202,48.0498],[-116.286882,48.052623],[-116.285152,48.055538],[-116.284944,48.057312],[-116.282236,48.059386],[-116.278908,48.058428],[-116.277088,48.059898],[-116.273131,48.061867],[-116.266389,48.062415],[-116.261817,48.062162],[-116.258953,48.063526],[-116.251476,48.064607],[-116.2473,48.065537],[-116.243458,48.067139],[-116.241965,48.068778],[-116.233113,48.06889],[-116.229103,48.066918],[-116.229503,48.064681],[-116.225423,48.060029],[-116.221047,48.058032],[-116.220634,48.056206],[-116.219291,48.055187],[-116.212513,48.051841],[-116.207126,48.046415],[-116.207336,48.042332],[-116.206621,48.041091],[-116.204901,48.04071],[-116.202797,48.041463],[-116.197011,48.040636],[-116.192795,48.040337],[-116.187904,48.036211],[-116.182313,48.032355],[-116.177959,48.031539],[-116.172963,48.029582],[-116.17085,48.026343],[-116.167938,48.024822],[-116.164726,48.023766],[-116.161863,48.021577],[-116.154514,48.019995],[-116.1477,48.023838],[-116.141635,48.02443],[-116.135861,48.025378],[-116.130772,48.026735],[-116.128452,48.0294],[-116.12609,48.030221],[-116.120163,48.033448],[-116.118178,48.031489],[-116.11556,48.030237],[-116.113023,48.028249],[-116.109404,48.027434],[-116.107477,48.025125],[-116.104121,48.02311],[-116.101989,48.017012],[-116.101868,48.013417],[-116.103429,48.012277],[-116.098348,48.011252],[-116.09558,48.008502],[-116.093176,48.007414],[-116.092587,48.00571],[-116.087353,48.002353],[-116.082136,48.000807],[-116.079644,48.000652],[-116.074454,47.997597],[-116.070801,47.996804],[-116.062132,47.995549],[-116.061495,47.994236],[-116.06192,47.991022],[-116.060942,47.988329],[-116.057889,47.984782],[-116.053378,47.980904],[-116.052944,47.979585],[-116.050896,47.978853],[-116.049108961716,47.9773352748329],[-116.049108,47.976842],[-116.038281,47.971387],[-116.030387,47.972619],[-116.028343,47.970565],[-116.027806,47.968644],[-116.022159337534,47.9648524289307],[-116.019758,47.96324],[-116.013752,47.95627],[-116.007484,47.950783],[-116.006549,47.943326],[-116.004966,47.942628],[-116.003276,47.940768],[-115.999599,47.939223],[-115.995002,47.933101],[-115.993403,47.929082],[-115.993678,47.926183],[-115.98919,47.923861],[-115.984844,47.922705],[-115.983078,47.920339],[-115.983058,47.91629],[-115.982267,47.915561],[-115.978309,47.914524],[-115.969076,47.914256],[-115.96542,47.910852],[-115.9675,47.902923],[-115.968485,47.899659],[-115.966364,47.898317],[-115.960243,47.898046],[-115.954671032734,47.8948121533004],[-115.953363,47.894053],[-115.952506,47.891772],[-115.948233,47.888618],[-115.94562,47.885846],[-115.943163,47.885488],[-115.936697,47.879519],[-115.935481,47.874153],[-115.931327,47.87183],[-115.928312,47.868129],[-115.925234,47.866853],[-115.924988,47.864876],[-115.919291,47.857406],[-115.918772,47.853656],[-115.910081,47.853017],[-115.906483,47.850486],[-115.906821,47.846383],[-115.901401,47.843097],[-115.900934,47.843064],[-115.897859,47.844525],[-115.882028,47.849395],[-115.88123,47.84935],[-115.875262,47.843272],[-115.870861,47.834939],[-115.86496,47.833374],[-115.859299,47.83105],[-115.855324,47.82821],[-115.852312,47.827857],[-115.850639,47.825345],[-115.850761,47.821423],[-115.845082,47.814903],[-115.848638,47.810692],[-115.847328,47.803441],[-115.848945,47.800187],[-115.845795,47.793164],[-115.847487,47.785227],[-115.840544,47.780355],[-115.840685,47.77858],[-115.837438,47.774846],[-115.835415,47.770575],[-115.83545,47.761713],[-115.831944,47.755983],[-115.824993,47.752373],[-115.814741,47.756085],[-115.810947,47.756043],[-115.803984,47.758247],[-115.797332,47.757128],[-115.79373,47.751944],[-115.785803,47.748369],[-115.780853,47.742472],[-115.78356,47.736603],[-115.78253,47.734826],[-115.784171,47.732039],[-115.784258,47.729963],[-115.780465,47.723934],[-115.773957,47.717904],[-115.763665,47.717565],[-115.76040750517,47.7187248655834],[-115.759177,47.719163],[-115.753026,47.71695],[-115.751716,47.715355],[-115.744823,47.711872],[-115.742339,47.711706],[-115.740391,47.709238],[-115.73173,47.705204],[-115.723803,47.696096],[-115.722789,47.694725],[-115.725593,47.688423],[-115.7253,47.687412],[-115.728282,47.681708],[-115.726511,47.673226],[-115.729246,47.671535],[-115.732347,47.667859],[-115.731226,47.6661],[-115.731318,47.661986],[-115.736497,47.654738],[-115.730393,47.642331],[-115.724542,47.639591],[-115.711989,47.635247],[-115.707926,47.634831],[-115.694444,47.623761],[-115.693513,47.618252],[-115.692471,47.617451],[-115.692463,47.616898],[-115.695577218194,47.6148639271388],[-115.697373,47.613691],[-115.6988,47.611794],[-115.697217,47.603741],[-115.693625,47.602107],[-115.691979,47.597833],[-115.688416,47.595606],[-115.68855,47.594333],[-115.691827,47.593342],[-115.696464,47.588897],[-115.702827,47.586483],[-115.70507,47.584391],[-115.704589,47.581584],[-115.705693,47.578034],[-115.70672,47.577507],[-115.71138,47.577736],[-115.721195,47.576254],[-115.722037,47.575381],[-115.722505,47.571649],[-115.726811,47.569569],[-115.731152,47.569334],[-115.738768,47.564468],[-115.744408,47.560078],[-115.74428,47.558997],[-115.751251,47.553815],[-115.75187055409,47.5535710731627],[-115.754337,47.5526],[-115.755663,47.5483],[-115.751793,47.541987],[-115.744398,47.539178],[-115.741378,47.538253],[-115.736848,47.539689],[-115.734529,47.539254],[-115.730483,47.535812],[-115.722176,47.533641],[-115.716661,47.533708],[-115.711368,47.532371],[-115.706937,47.534882],[-115.702302,47.534214],[-115.698724,47.531653],[-115.69554,47.527585],[-115.700472,47.525726],[-115.70174,47.52632],[-115.711211,47.523274],[-115.711398,47.516771],[-115.710988954503,47.5165558788564],[-115.709063,47.515543],[-115.698633,47.502273],[-115.794271,47.501805],[-115.794271,47.50263],[-115.815377,47.502865],[-115.815552,47.501923],[-115.825454,47.501868],[-115.836833,47.501805],[-115.836713,47.499136],[-115.836484,47.494027],[-115.842239,47.494145],[-115.858376,47.494031],[-115.858239,47.478845],[-115.857514,47.46862],[-115.857365,47.461856],[-115.857156,47.461313],[-115.85715,47.458717],[-115.862681,47.458717],[-115.862543,47.418936],[-115.862831,47.417462],[-115.862554,47.415325],[-115.862376,47.370989],[-116.042558,47.370662],[-116.04283,47.372255],[-116.04283,47.413416],[-116.043431,47.437261],[-116.043431,47.45675],[-116.031949,47.457096],[-116.032342,47.480581],[-116.032374,47.488303],[-116.03249,47.513683],[-116.032399,47.515003],[-116.032469,47.515213],[-116.033849,47.51585],[-116.033518,47.516578],[-116.032707,47.5166],[-116.032568,47.516885],[-116.032899,47.557167],[-116.014267,47.557297],[-116.013936,47.55964],[-116.013742,47.571381],[-116.013927,47.572478],[-116.032297,47.57253],[-116.032422,47.588301],[-116.032489,47.589015],[-116.032419,47.589016],[-116.032526,47.60127],[-116.029718,47.601375],[-116.029391,47.608437],[-116.02011,47.608502],[-116.019422,47.622268],[-116.007672,47.622489],[-116.007852,47.630819],[-116.156875,47.631056],[-116.158198,47.630917],[-116.158168,47.660336],[-116.154614,47.661833],[-116.152436,47.662097],[-116.146798,47.660675],[-116.140597,47.656787],[-116.136942,47.654891],[-116.133098,47.653409],[-116.13005,47.652895],[-116.125418,47.653959],[-116.125167,47.65491],[-116.122284,47.65514],[-116.1202,47.654117],[-116.12078,47.652692],[-116.1197,47.648328],[-116.116864,47.647174],[-116.111164,47.646683],[-116.102667,47.64796],[-116.100282,47.650079],[-116.097191,47.652143],[-116.093937,47.653254],[-116.093874,47.6594],[-116.115421,47.659687],[-116.113949,47.670665],[-116.115862,47.674209],[-116.157684,47.674435],[-116.157303,47.67657],[-116.157871,47.6775],[-116.157882,47.700691],[-116.156493,47.718218],[-116.060969,47.717966],[-116.057476,47.718454],[-116.055814,47.717686],[-116.054347,47.717943],[-116.045422,47.717789],[-116.03169,47.718276],[-116.015077,47.717921],[-116.007985,47.71761],[-116.007974,47.804292],[-116.324501,47.80474],[-116.329502,47.804725],[-116.329538,47.890393],[-116.329601,48.017722]]]}},{"type":"Feature","properties":{"fips":"16000","lea_geoid":"1601410","district_name":"Hansen School District 415","state_fips":"16","state_abbr":"ID","county_name":"","county_fips":"000"},"geometry":{"type":"Polygon","coordinates":[[[-114.326157,42.35747],[-114.325046,42.365332],[-114.325894,42.373658],[-114.324846,42.378602],[-114.325205,42.460438],[-114.325507,42.518931],[-114.32557,42.53342],[-114.325691,42.572492],[-114.319693,42.572009],[-114.318358,42.572232],[-114.314932,42.571395],[-114.311569,42.571388],[-114.310381,42.570777],[-114.307325,42.571755],[-114.298757,42.566264],[-114.294906,42.565995],[-114.293464,42.565064],[-114.291187,42.5648],[-114.287207,42.561808],[-114.284454,42.561743],[-114.281173,42.562846],[-114.277541,42.563268],[-114.274437,42.563079],[-114.267892,42.560722],[-114.261994,42.561282],[-114.257496,42.561316],[-114.25131,42.560062],[-114.249976,42.560212],[-114.244703,42.559244],[-114.241745,42.557828],[-114.237371,42.557259],[-114.233397,42.555304],[-114.22866,42.551362],[-114.224898,42.549669],[-114.220146,42.548911],[-114.218977,42.548021],[-114.210529,42.546508],[-114.205226,42.54422],[-114.200851,42.543102],[-114.200736,42.533037],[-114.202019,42.532988],[-114.229868,42.533126],[-114.229743,42.475121],[-114.229463,42.417337],[-114.285331,42.41738],[-114.285448,42.417333],[-114.285836,42.374577],[-114.286653,42.332346],[-114.32554,42.332202],[-114.325208,42.354539],[-114.326157,42.35747]]]}},{"type":"Feature","properties":{"fips":"16000","lea_geoid":"1600180","district_name":"Basin School District 72","state_fips":"16","state_abbr":"ID","county_name":"","county_fips":"000"},"geometry":{"type":"Polygon","coordinates":[[[-116.141328,43.705027],[-116.097145,43.704852],[-116.035827,43.704533],[-116.03514,43.70455],[-116.035174,43.707803],[-116.035163,43.715437],[-116.034157,43.717826],[-116.035197,43.725645],[-116.035203,43.771151],[-116.035263,43.807436],[-116.038236,43.807429],[-116.038433,43.833569],[-116.038239,43.833669],[-116.037598,43.844798],[-116.038016,43.857704],[-116.037796,43.877576],[-116.037962,43.903235],[-116.038352,43.905164],[-116.038002,43.906287],[-116.037943,43.979802],[-115.972197,43.979897],[-115.958796,43.980213],[-115.958865,43.994387],[-115.958531,43.994548],[-115.911259,43.994154],[-115.90339,43.994088],[-115.899712,43.994046],[-115.899667,44.037219],[-115.857241,44.036992],[-115.846792,44.036687],[-115.800634,44.036966],[-115.800334,44.066321],[-115.632012,44.066015],[-115.608659,44.06603],[-115.528779,44.066143],[-115.528852,44.051691],[-115.508706,44.051754],[-115.508577,44.057407],[-115.508712,44.066148],[-115.346915,44.066371],[-115.20781,44.067441],[-115.207857,44.074047],[-115.201599,44.07412],[-115.197717,44.070791],[-115.197067,44.068552],[-115.202101,44.063082],[-115.205661,44.061619],[-115.207262,44.059858],[-115.207708,44.058329],[-115.209853,44.056278],[-115.209472,44.051417],[-115.213988,44.043229],[-115.216062,44.034879],[-115.21589,44.032599],[-115.219621,44.029301],[-115.22322,44.026861],[-115.224421,44.024532],[-115.226936,44.022238],[-115.22714,44.020592],[-115.229507,44.017952],[-115.230854,44.017411],[-115.232575,44.015191],[-115.232472,44.012291],[-115.233094,44.008928],[-115.234203,44.008431],[-115.234241,44.00682],[-115.240062,44.004317],[-115.242184,44.00284],[-115.241878,44.00187],[-115.24616,44.000142],[-115.246476,43.999183],[-115.251898,43.995724],[-115.254725,43.99218],[-115.256305,43.98802],[-115.260512,43.983348],[-115.262674,43.982102],[-115.264057,43.980164],[-115.263088,43.979044],[-115.264403,43.97703],[-115.266103,43.976527],[-115.266347,43.974716],[-115.268385,43.97356],[-115.267695,43.972612],[-115.2688,43.971492],[-115.268354,43.970219],[-115.271717,43.967202],[-115.272407,43.964686],[-115.275942,43.960692],[-115.275995,43.95829],[-115.275141,43.956657],[-115.27686,43.956336],[-115.276491,43.95495],[-115.277292,43.953307],[-115.276121,43.949787],[-115.278196,43.948446],[-115.277065,43.944859],[-115.278334,43.941881],[-115.280964,43.942298],[-115.282621,43.940964],[-115.285998,43.940171],[-115.28743,43.939118],[-115.285894,43.93747],[-115.286534,43.935879],[-115.29337,43.933628],[-115.296574,43.933962],[-115.298552,43.93337],[-115.299302,43.931817],[-115.3031,43.931103],[-115.305346,43.931146],[-115.307988,43.929534],[-115.314232,43.929362],[-115.315504,43.930888],[-115.317734,43.930313],[-115.319322,43.929051],[-115.318611,43.92723],[-115.32235,43.92733],[-115.325095,43.925727],[-115.326508,43.926564],[-115.33029,43.926056],[-115.33639,43.923974],[-115.337786,43.921],[-115.339647,43.921541],[-115.342208,43.921363],[-115.343751,43.921993],[-115.347519,43.920827],[-115.349395,43.919726],[-115.351721,43.921203],[-115.354005,43.921019],[-115.355811,43.919426],[-115.357989,43.920851],[-115.358681,43.923693],[-115.363631,43.921947],[-115.366852,43.924892],[-115.370824,43.923195],[-115.373466,43.924352],[-115.375482,43.923008],[-115.377293,43.922781],[-115.378562,43.923981],[-115.381951,43.922913],[-115.381837,43.921218],[-115.386193,43.920621],[-115.386222,43.918742],[-115.390759,43.916074],[-115.393651,43.916494],[-115.397274,43.915909],[-115.400714,43.913921],[-115.406506,43.912797],[-115.408078,43.911575],[-115.412572,43.911294],[-115.414083,43.91236],[-115.415539,43.912187],[-115.416056,43.910925],[-115.425201,43.909395],[-115.429726,43.906249],[-115.431794,43.906245],[-115.434947,43.905047],[-115.43563,43.904169],[-115.440673,43.903028],[-115.442024,43.901805],[-115.445799,43.902108],[-115.449427,43.901273],[-115.452376,43.901181],[-115.453851,43.901969],[-115.455536,43.901417],[-115.458944,43.902288],[-115.460633,43.901583],[-115.462126,43.89998],[-115.465629,43.898848],[-115.465738,43.898025],[-115.468065,43.896827],[-115.468927,43.895397],[-115.470985,43.894029],[-115.474548,43.893975],[-115.476281,43.893268],[-115.477277,43.893886],[-115.480107,43.893226],[-115.483393,43.893713],[-115.486652,43.891753],[-115.489366,43.892267],[-115.493109,43.892061],[-115.496338,43.891277],[-115.49751,43.890114],[-115.500374,43.889902],[-115.501178,43.887005],[-115.503232,43.885938],[-115.505544,43.886214],[-115.508722,43.884855],[-115.509606,43.882862],[-115.511238,43.882667],[-115.514196,43.88038],[-115.514482,43.877713],[-115.518217,43.872515],[-115.518749,43.870518],[-115.520568,43.8686],[-115.519215,43.867695],[-115.519376,43.862926],[-115.52447,43.861342],[-115.524717,43.86023],[-115.522384,43.859501],[-115.522871,43.858457],[-115.525667,43.857316],[-115.529197,43.856762],[-115.530543,43.857442],[-115.532878,43.857155],[-115.533625,43.855415],[-115.537085,43.854062],[-115.537054,43.852653],[-115.536323,43.851063],[-115.533327,43.849593],[-115.534605,43.847675],[-115.537103,43.847958],[-115.539093,43.84741],[-115.539219,43.845821],[-115.536763,43.843853],[-115.536956,43.841387],[-115.535494,43.840081],[-115.531975,43.840262],[-115.533239,43.837371],[-115.531219,43.835259],[-115.534047,43.834562],[-115.534156,43.833738],[-115.531803,43.831131],[-115.532358,43.828183],[-115.534741,43.825955],[-115.533419,43.822532],[-115.534152,43.820235],[-115.5337,43.818351],[-115.530279,43.818043],[-115.529667,43.816504],[-115.532334,43.814543],[-115.533187,43.812292],[-115.535531,43.811596],[-115.536332,43.809376],[-115.537828,43.807454],[-115.541328,43.806166],[-115.546768,43.802799],[-115.546408,43.800269],[-115.547169,43.797429],[-115.546767,43.795515],[-115.547538,43.792667],[-115.555182,43.794261],[-115.557681,43.794418],[-115.560406,43.793921],[-115.56361,43.794298],[-115.565385,43.793498],[-115.56897,43.794083],[-115.572145,43.793714],[-115.576274,43.795222],[-115.578862,43.797193],[-115.580614,43.796743],[-115.583987,43.797671],[-115.585109,43.796636],[-115.585639,43.794639],[-115.589358,43.795128],[-115.590355,43.797559],[-115.592796,43.798289],[-115.593317,43.794829],[-115.594264,43.793729],[-115.5968,43.794171],[-115.599296,43.7935],[-115.604423,43.789178],[-115.605693,43.787079],[-115.607753,43.785658],[-115.608347,43.784082],[-115.611103,43.782277],[-115.613436,43.782831],[-115.614139,43.780899],[-115.615549,43.780662],[-115.616029,43.776352],[-115.618666,43.774914],[-115.617687,43.773598],[-115.619832,43.771904],[-115.620615,43.76955],[-115.617819,43.765972],[-115.616603,43.763474],[-115.616591,43.762106],[-115.617575,43.761292],[-115.620343,43.761135],[-115.6225,43.757691],[-115.624355,43.756475],[-115.623302,43.754555],[-115.624937,43.754034],[-115.627549,43.754907],[-115.628508,43.75325],[-115.627753,43.751715],[-115.632109,43.751133],[-115.632215,43.750368],[-115.629116,43.747757],[-115.630125,43.745861],[-115.633183,43.746372],[-115.633945,43.745652],[-115.632385,43.742898],[-115.629705,43.74221],[-115.626696,43.742354],[-115.626449,43.740601],[-115.627881,43.73665],[-115.628011,43.733672],[-115.625146,43.733401],[-115.624166,43.729398],[-115.622811,43.729612],[-115.620942,43.731249],[-115.618012,43.730868],[-115.614684,43.728792],[-115.616364,43.725785],[-115.622089,43.727097],[-115.625615,43.728255],[-115.629357,43.727567],[-115.63012,43.726812],[-115.627926,43.724943],[-115.627317,43.722865],[-115.631768,43.722793],[-115.634515,43.72348],[-115.635141,43.722012],[-115.634567,43.720221],[-115.637688,43.717934],[-115.637919,43.715494],[-115.635166,43.71317],[-115.635129,43.710944],[-115.637699,43.709221],[-115.640441,43.708653],[-115.642131,43.707594],[-115.642488,43.705337],[-115.644764,43.703914],[-115.644014,43.701827],[-115.645802,43.70026],[-115.648034,43.700444],[-115.651122,43.701466],[-115.653752,43.701493],[-115.655115,43.699349],[-115.657501,43.698455],[-115.658803,43.696674],[-115.66053,43.696265],[-115.662954,43.69766],[-115.664538,43.69733],[-115.665688,43.694929],[-115.668443,43.695212],[-115.667438,43.693102],[-115.669234,43.690235],[-115.672264,43.688866],[-115.674895,43.686832],[-115.675583,43.684441],[-115.674774,43.682345],[-115.675901,43.680928],[-115.680075,43.682339],[-115.68125,43.682086],[-115.683591,43.679867],[-115.683744,43.676881],[-115.687255,43.674635],[-115.688056,43.673055],[-115.690425,43.671903],[-115.693525,43.672383],[-115.695285,43.672027],[-115.695549,43.668967],[-115.697508,43.665373],[-115.699017,43.665513],[-115.699936,43.667627],[-115.701631,43.66825],[-115.704189,43.667483],[-115.705211,43.664726],[-115.707251,43.663571],[-115.711845,43.661783],[-115.71337,43.664182],[-115.71879,43.664755],[-115.721589,43.66391],[-115.724776,43.667523],[-115.726387,43.667988],[-115.730661,43.666059],[-115.731097,43.664869],[-115.726624,43.662963],[-115.725819,43.661714],[-115.727231,43.657194],[-115.728404,43.655449],[-115.730542,43.653722],[-115.733635,43.653503],[-115.738219,43.655271],[-115.740916,43.654029],[-115.743934,43.649596],[-115.744533,43.646465],[-115.745644,43.645685],[-115.748945,43.644895],[-115.753289,43.643088],[-115.754319,43.643019],[-115.755564,43.644552],[-115.754035,43.646506],[-115.757774,43.649951],[-115.758763,43.650414],[-115.760127,43.650483],[-115.763836,43.649032],[-115.770019,43.650272],[-115.775272,43.648738],[-115.782024,43.64837],[-115.783002,43.645421],[-115.787896,43.643789],[-115.789938,43.642375],[-115.790186,43.640951],[-115.79147,43.640231],[-115.796294,43.639871],[-115.797108,43.638608],[-115.795275,43.63611],[-115.794878,43.63407],[-115.797631,43.632127],[-115.799322,43.628553],[-115.800215,43.627669],[-115.805766,43.625914],[-115.80664,43.622844],[-115.80975,43.621439],[-115.812682,43.619276],[-115.816358,43.619251],[-115.818968,43.620136],[-115.821859,43.620009],[-115.823592,43.618689],[-115.824255,43.616086],[-115.822203,43.611926],[-115.822024,43.611131],[-115.82792,43.607667],[-115.829316,43.605645],[-115.830872,43.60525],[-115.831268,43.606701],[-115.83511,43.608424],[-115.841131,43.60685],[-115.845106,43.608351],[-115.847213,43.607992],[-115.85309,43.602741],[-115.8567,43.601601],[-115.859393,43.602643],[-115.864519,43.602281],[-115.865899,43.601052],[-115.866515,43.598545],[-115.869787,43.596708],[-115.872321,43.594566],[-115.873549,43.592065],[-115.875927,43.591265],[-115.880107,43.592324],[-115.882579,43.593524],[-115.88522,43.597399],[-115.887355,43.597897],[-115.889556,43.597155],[-115.897201,43.598803],[-115.897119,43.633246],[-115.975696,43.632749],[-115.975822,43.617943],[-116.023165,43.617735],[-116.024877,43.619],[-116.045262,43.634077],[-116.048691,43.636614],[-116.054347,43.64078],[-116.060172,43.645089],[-116.078653,43.658702],[-116.094167,43.670194],[-116.105088,43.678265],[-116.141328,43.705027]]]}},{"type":"Feature","properties":{"fips":"16000","lea_geoid":"1602250","district_name":"Mountain Home School District 193","state_fips":"16","state_abbr":"ID","county_name":"","county_fips":"000"},"geometry":{"type":"Polygon","coordinates":[[[-115.978792,43.02759],[-115.977953,43.03085],[-115.978185,43.113192],[-115.978714,43.113432],[-115.978583,43.200415],[-115.977159,43.20044],[-115.976467,43.285711],[-115.974913,43.285773],[-115.974934,43.292167],[-115.974881,43.36502],[-115.974845,43.546016],[-115.976036,43.546],[-115.975719,43.591438],[-115.971993,43.591137],[-115.968001,43.589938],[-115.963507,43.589185],[-115.958774,43.589696],[-115.956502,43.589547],[-115.954284,43.591369],[-115.95346,43.593366],[-115.955168,43.595799],[-115.955944,43.598608],[-115.955784,43.601667],[-115.950825,43.606543],[-115.944834,43.608774],[-115.941229,43.607247],[-115.939289,43.608056],[-115.935128,43.608236],[-115.933535,43.606797],[-115.933653,43.603594],[-115.931076,43.597392],[-115.929883,43.595567],[-115.927792,43.595005],[-115.922379,43.595689],[-115.920831,43.592843],[-115.919047,43.592254],[-115.912357,43.592097],[-115.906892,43.592971],[-115.903698,43.59427],[-115.903327,43.595442],[-115.901239,43.597139],[-115.897201,43.598803],[-115.889556,43.597155],[-115.887355,43.597897],[-115.88522,43.597399],[-115.882579,43.593524],[-115.880107,43.592324],[-115.875927,43.591265],[-115.873549,43.592065],[-115.872321,43.594566],[-115.869787,43.596708],[-115.866515,43.598545],[-115.865899,43.601052],[-115.864519,43.602281],[-115.859393,43.602643],[-115.8567,43.601601],[-115.855812,43.600596],[-115.851233,43.600288],[-115.844088,43.600379],[-115.841458,43.599537],[-115.840461,43.598832],[-115.837657,43.593975],[-115.834616,43.591098],[-115.834064,43.589328],[-115.832813,43.588521],[-115.82916,43.584742],[-115.826037,43.583054],[-115.822757,43.582963],[-115.820642,43.581255],[-115.818138,43.580544],[-115.816105,43.576965],[-115.81478,43.575534],[-115.807809,43.572755],[-115.807888,43.570782],[-115.807151,43.568531],[-115.80747,43.566804],[-115.809231,43.56322],[-115.809087,43.561021],[-115.810139,43.557936],[-115.80875,43.556447],[-115.806446,43.555325],[-115.803181,43.551186],[-115.801436,43.549904],[-115.798869,43.549335],[-115.79674,43.549638],[-115.79542,43.551134],[-115.794267,43.553638],[-115.79249,43.555094],[-115.789961,43.555497],[-115.785418,43.553258],[-115.781599,43.550293],[-115.778579,43.552267],[-115.777153,43.552701],[-115.775671,43.551832],[-115.773156,43.551546],[-115.769965,43.552362],[-115.766501,43.55163],[-115.764875,43.551667],[-115.761121,43.552628],[-115.758475,43.555724],[-115.757386,43.556361],[-115.752102,43.557661],[-115.743789,43.558307],[-115.741689,43.556767],[-115.741302,43.551199],[-115.73742,43.550134],[-115.731022,43.550705],[-115.726498,43.550095],[-115.722591,43.550281],[-115.719774,43.550022],[-115.717374,43.548896],[-115.717166,43.548244],[-115.717784,43.543265],[-115.716413,43.541845],[-115.712264,43.538962],[-115.709797,43.53844],[-115.70631,43.535075],[-115.704399,43.534528],[-115.699616,43.531551],[-115.695259,43.527567],[-115.69307,43.526545],[-115.692488,43.524395],[-115.690323,43.522533],[-115.691667,43.519278],[-115.690897,43.515941],[-115.691436,43.514281],[-115.690326,43.510828],[-115.688058,43.509092],[-115.687218,43.507782],[-115.689316,43.503403],[-115.692752,43.49933],[-115.693046,43.498259],[-115.688421,43.496277],[-115.687466,43.495247],[-115.685774,43.491545],[-115.682459,43.487157],[-115.682779,43.482849],[-115.681907,43.47997],[-115.675247,43.475009],[-115.671258,43.475526],[-115.668,43.474756],[-115.666978,43.473707],[-115.66554,43.473774],[-115.661831,43.477189],[-115.660145,43.477526],[-115.657658,43.476966],[-115.653412,43.475167],[-115.649936,43.47403],[-115.647105,43.474137],[-115.645345,43.472514],[-115.64455,43.470761],[-115.644353,43.468255],[-115.641057,43.464981],[-115.637679,43.463435],[-115.637382,43.462148],[-115.635974,43.461876],[-115.632624,43.463308],[-115.630275,43.463419],[-115.62813,43.465404],[-115.623625,43.465813],[-115.62087,43.464865],[-115.620097,43.463559],[-115.62108,43.46041],[-115.620461,43.456127],[-115.620675,43.453366],[-115.619081,43.44865],[-115.619349,43.445664],[-115.618954,43.443732],[-115.617656,43.441006],[-115.616064,43.438993],[-115.617063,43.436512],[-115.616794,43.435106],[-115.616083,43.434174],[-115.611487,43.431015],[-115.60875,43.427081],[-115.606937,43.423875],[-115.604649,43.421384],[-115.601955,43.420023],[-115.599881,43.418487],[-115.597185,43.414392],[-115.597303,43.413332],[-115.595895,43.410149],[-115.594845,43.409395],[-115.593914,43.407463],[-115.590113,43.405444],[-115.586931,43.404282],[-115.585667,43.403121],[-115.585678,43.40073],[-115.585061,43.400024],[-115.583598,43.399876],[-115.575786,43.402875],[-115.571769,43.404806],[-115.567293,43.405264],[-115.566161,43.405009],[-115.561246,43.402446],[-115.55804,43.401563],[-115.553874,43.39937],[-115.552912,43.398441],[-115.552421,43.396548],[-115.547745,43.392227],[-115.545573,43.391996],[-115.544298,43.391122],[-115.543832,43.388944],[-115.545279,43.384188],[-115.545415,43.381407],[-115.550289,43.379515],[-115.551428,43.378174],[-115.550521,43.377851],[-115.551601,43.375547],[-115.553504,43.373628],[-115.554107,43.369984],[-115.553865,43.368848],[-115.550959,43.364824],[-115.547365,43.364274],[-115.546095,43.36262],[-115.541489,43.359468],[-115.54085,43.357814],[-115.539101,43.356841],[-115.538263,43.354487],[-115.534219,43.351146],[-115.535858,43.350227],[-115.535601,43.346886],[-115.537695,43.343478],[-115.53687,43.339527],[-115.537565,43.337571],[-115.537302,43.337155],[-115.53728,43.336286],[-115.537417,43.335952],[-115.537198,43.335604],[-115.537,43.335089],[-115.536688,43.334637],[-115.533587,43.333379],[-115.529079,43.330385],[-115.526004,43.329099],[-115.524846,43.328973],[-115.519562,43.329541],[-115.516389,43.32907],[-115.515951,43.329481],[-115.515243,43.329376],[-115.514576,43.32946],[-115.512413,43.329581],[-115.507267,43.329707],[-115.505163,43.330142],[-115.500257,43.330333],[-115.494859,43.33331],[-115.487402,43.334599],[-115.485408,43.335235],[-115.481759,43.337513],[-115.478388,43.341448],[-115.475618,43.345387],[-115.47082,43.348726],[-115.469371,43.351412],[-115.467987,43.352203],[-115.460726,43.353312],[-115.45654,43.353266],[-115.454454,43.35451],[-115.452972,43.356234],[-115.44901,43.357463],[-115.447518,43.359919],[-115.443098,43.35961],[-115.441501,43.360185],[-115.441979,43.370423],[-115.44048,43.370423],[-115.439587,43.426409],[-115.4399,43.430539],[-115.439513,43.572882],[-115.43983,43.575082],[-115.44016,43.611023],[-115.798032,43.609891],[-115.798224,43.611988],[-115.822203,43.611926],[-115.824255,43.616086],[-115.823592,43.618689],[-115.821859,43.620009],[-115.818968,43.620136],[-115.816358,43.619251],[-115.812682,43.619276],[-115.80975,43.621439],[-115.80664,43.622844],[-115.805766,43.625914],[-115.800215,43.627669],[-115.799322,43.628553],[-115.797631,43.632127],[-115.794878,43.63407],[-115.795275,43.63611],[-115.797108,43.638608],[-115.796294,43.639871],[-115.79147,43.640231],[-115.790186,43.640951],[-115.789938,43.642375],[-115.787896,43.643789],[-115.783002,43.645421],[-115.782024,43.64837],[-115.775272,43.648738],[-115.770019,43.650272],[-115.763836,43.649032],[-115.760127,43.650483],[-115.758763,43.650414],[-115.757774,43.649951],[-115.754035,43.646506],[-115.755564,43.644552],[-115.754319,43.643019],[-115.753289,43.643088],[-115.748945,43.644895],[-115.745644,43.645685],[-115.744533,43.646465],[-115.743934,43.649596],[-115.740916,43.654029],[-115.738219,43.655271],[-115.733635,43.653503],[-115.730542,43.653722],[-115.728404,43.655449],[-115.727231,43.657194],[-115.725819,43.661714],[-115.726624,43.662963],[-115.731097,43.664869],[-115.730661,43.666059],[-115.726387,43.667988],[-115.724776,43.667523],[-115.721589,43.66391],[-115.71879,43.664755],[-115.71337,43.664182],[-115.711845,43.661783],[-115.707251,43.663571],[-115.705211,43.664726],[-115.704189,43.667483],[-115.701631,43.66825],[-115.699936,43.667627],[-115.699017,43.665513],[-115.697508,43.665373],[-115.695549,43.668967],[-115.695285,43.672027],[-115.693525,43.672383],[-115.690425,43.671903],[-115.688056,43.673055],[-115.687255,43.674635],[-115.683744,43.676881],[-115.683591,43.679867],[-115.68125,43.682086],[-115.680075,43.682339],[-115.675901,43.680928],[-115.674774,43.682345],[-115.675583,43.684441],[-115.674895,43.686832],[-115.672264,43.688866],[-115.669234,43.690235],[-115.667438,43.693102],[-115.668443,43.695212],[-115.665688,43.694929],[-115.664538,43.69733],[-115.662954,43.69766],[-115.66053,43.696265],[-115.658803,43.696674],[-115.657501,43.698455],[-115.655115,43.699349],[-115.653752,43.701493],[-115.651122,43.701466],[-115.648034,43.700444],[-115.645802,43.70026],[-115.644014,43.701827],[-115.644764,43.703914],[-115.642488,43.705337],[-115.642131,43.707594],[-115.640441,43.708653],[-115.637699,43.709221],[-115.635129,43.710944],[-115.635166,43.71317],[-115.637919,43.715494],[-115.637688,43.717934],[-115.634567,43.720221],[-115.635141,43.722012],[-115.634515,43.72348],[-115.631768,43.722793],[-115.627317,43.722865],[-115.627926,43.724943],[-115.63012,43.726812],[-115.629357,43.727567],[-115.625615,43.728255],[-115.622089,43.727097],[-115.616364,43.725785],[-115.614684,43.728792],[-115.618012,43.730868],[-115.620942,43.731249],[-115.622811,43.729612],[-115.624166,43.729398],[-115.625146,43.733401],[-115.628011,43.733672],[-115.627881,43.73665],[-115.626449,43.740601],[-115.626696,43.742354],[-115.629705,43.74221],[-115.632385,43.742898],[-115.633945,43.745652],[-115.633183,43.746372],[-115.630125,43.745861],[-115.629116,43.747757],[-115.632215,43.750368],[-115.632109,43.751133],[-115.627753,43.751715],[-115.628508,43.75325],[-115.627549,43.754907],[-115.624937,43.754034],[-115.623302,43.754555],[-115.624355,43.756475],[-115.6225,43.757691],[-115.620343,43.761135],[-115.617575,43.761292],[-115.616591,43.762106],[-115.616603,43.763474],[-115.617819,43.765972],[-115.620615,43.76955],[-115.619832,43.771904],[-115.617687,43.773598],[-115.618666,43.774914],[-115.616029,43.776352],[-115.615549,43.780662],[-115.614139,43.780899],[-115.613436,43.782831],[-115.611103,43.782277],[-115.608347,43.784082],[-115.607753,43.785658],[-115.605693,43.787079],[-115.604423,43.789178],[-115.599296,43.7935],[-115.5968,43.794171],[-115.594264,43.793729],[-115.593317,43.794829],[-115.592796,43.798289],[-115.590355,43.797559],[-115.589358,43.795128],[-115.585639,43.794639],[-115.585109,43.796636],[-115.583987,43.797671],[-115.580614,43.796743],[-115.578862,43.797193],[-115.576274,43.795222],[-115.572145,43.793714],[-115.56897,43.794083],[-115.565385,43.793498],[-115.56361,43.794298],[-115.560406,43.793921],[-115.557681,43.794418],[-115.555182,43.794261],[-115.547538,43.792667],[-115.546767,43.795515],[-115.547169,43.797429],[-115.546408,43.800269],[-115.546768,43.802799],[-115.541328,43.806166],[-115.537828,43.807454],[-115.536332,43.809376],[-115.535531,43.811596],[-115.533187,43.812292],[-115.532334,43.814543],[-115.529667,43.816504],[-115.530279,43.818043],[-115.5337,43.818351],[-115.534152,43.820235],[-115.533419,43.822532],[-115.534741,43.825955],[-115.532358,43.828183],[-115.531803,43.831131],[-115.534156,43.833738],[-115.534047,43.834562],[-115.531219,43.835259],[-115.533239,43.837371],[-115.531975,43.840262],[-115.535494,43.840081],[-115.536956,43.841387],[-115.536763,43.843853],[-115.539219,43.845821],[-115.539093,43.84741],[-115.537103,43.847958],[-115.534605,43.847675],[-115.533327,43.849593],[-115.536323,43.851063],[-115.537054,43.852653],[-115.537085,43.854062],[-115.533625,43.855415],[-115.532878,43.857155],[-115.530543,43.857442],[-115.529197,43.856762],[-115.525667,43.857316],[-115.522871,43.858457],[-115.522384,43.859501],[-115.524717,43.86023],[-115.52447,43.861342],[-115.519376,43.862926],[-115.519215,43.867695],[-115.520568,43.8686],[-115.518749,43.870518],[-115.518217,43.872515],[-115.514482,43.877713],[-115.514196,43.88038],[-115.511238,43.882667],[-115.509606,43.882862],[-115.508722,43.884855],[-115.505544,43.886214],[-115.503232,43.885938],[-115.501178,43.887005],[-115.500374,43.889902],[-115.49751,43.890114],[-115.496338,43.891277],[-115.493109,43.892061],[-115.489366,43.892267],[-115.486652,43.891753],[-115.483393,43.893713],[-115.480107,43.893226],[-115.477277,43.893886],[-115.476281,43.893268],[-115.474548,43.893975],[-115.470985,43.894029],[-115.468927,43.895397],[-115.468065,43.896827],[-115.465738,43.898025],[-115.465629,43.898848],[-115.462126,43.89998],[-115.460633,43.901583],[-115.458944,43.902288],[-115.455536,43.901417],[-115.453851,43.901969],[-115.452376,43.901181],[-115.449427,43.901273],[-115.445799,43.902108],[-115.442024,43.901805],[-115.440673,43.903028],[-115.43563,43.904169],[-115.434947,43.905047],[-115.431794,43.906245],[-115.429726,43.906249],[-115.425201,43.909395],[-115.416056,43.910925],[-115.415539,43.912187],[-115.414083,43.91236],[-115.412572,43.911294],[-115.408078,43.911575],[-115.406506,43.912797],[-115.400714,43.913921],[-115.397274,43.915909],[-115.393651,43.916494],[-115.390759,43.916074],[-115.386222,43.918742],[-115.386193,43.920621],[-115.381837,43.921218],[-115.381951,43.922913],[-115.378562,43.923981],[-115.377293,43.922781],[-115.375482,43.923008],[-115.373466,43.924352],[-115.370824,43.923195],[-115.366852,43.924892],[-115.363631,43.921947],[-115.358681,43.923693],[-115.357989,43.920851],[-115.355811,43.919426],[-115.354005,43.921019],[-115.351721,43.921203],[-115.349395,43.919726],[-115.347519,43.920827],[-115.343751,43.921993],[-115.342208,43.921363],[-115.339647,43.921541],[-115.337786,43.921],[-115.33639,43.923974],[-115.33029,43.926056],[-115.326508,43.926564],[-115.325095,43.925727],[-115.32235,43.92733],[-115.318611,43.92723],[-115.319322,43.929051],[-115.317734,43.930313],[-115.315504,43.930888],[-115.314232,43.929362],[-115.307988,43.929534],[-115.305346,43.931146],[-115.3031,43.931103],[-115.299302,43.931817],[-115.298552,43.93337],[-115.296574,43.933962],[-115.29337,43.933628],[-115.286534,43.935879],[-115.285894,43.93747],[-115.28743,43.939118],[-115.285998,43.940171],[-115.282621,43.940964],[-115.280964,43.942298],[-115.278334,43.941881],[-115.277065,43.944859],[-115.278196,43.948446],[-115.276121,43.949787],[-115.277292,43.953307],[-115.276491,43.95495],[-115.27686,43.956336],[-115.275141,43.956657],[-115.275995,43.95829],[-115.275942,43.960692],[-115.272407,43.964686],[-115.271717,43.967202],[-115.268354,43.970219],[-115.2688,43.971492],[-115.267695,43.972612],[-115.268385,43.97356],[-115.266347,43.974716],[-115.266103,43.976527],[-115.264403,43.97703],[-115.263088,43.979044],[-115.264057,43.980164],[-115.262674,43.982102],[-115.260512,43.983348],[-115.256305,43.98802],[-115.254725,43.99218],[-115.251898,43.995724],[-115.246476,43.999183],[-115.24616,44.000142],[-115.241878,44.00187],[-115.242184,44.00284],[-115.240062,44.004317],[-115.234241,44.00682],[-115.234203,44.008431],[-115.233094,44.008928],[-115.232472,44.012291],[-115.232575,44.015191],[-115.230854,44.017411],[-115.229507,44.017952],[-115.22714,44.020592],[-115.226936,44.022238],[-115.224421,44.024532],[-115.22322,44.026861],[-115.219621,44.029301],[-115.21589,44.032599],[-115.216062,44.034879],[-115.213988,44.043229],[-115.209472,44.051417],[-115.209853,44.056278],[-115.207708,44.058329],[-115.207262,44.059858],[-115.205661,44.061619],[-115.202101,44.063082],[-115.197067,44.068552],[-115.197717,44.070791],[-115.201599,44.07412],[-115.203888,44.076344],[-115.207273,44.083298],[-115.212996,44.086595],[-115.213064,44.087633],[-115.214837,44.089665],[-115.218829,44.092006],[-115.226691,44.094457],[-115.229913,44.094472],[-115.232896,44.095842],[-115.233239,44.09664],[-115.230528,44.098766],[-115.227235,44.097826],[-115.222567,44.098071],[-115.215726,44.096357],[-115.210267,44.096527],[-115.204575,44.094576],[-115.202282,44.094416],[-115.200358,44.093012],[-115.198294,44.092409],[-115.193681,44.091948],[-115.190788,44.089698],[-115.185368,44.089892],[-115.182283,44.091858],[-115.181931,44.090533],[-115.178461,44.087785],[-115.173832,44.085122],[-115.172487,44.083633],[-115.173461,44.080968],[-115.172081,44.078802],[-115.169155,44.077543],[-115.166269,44.077923],[-115.165528,44.076235],[-115.164384,44.075854],[-115.164242,44.072964],[-115.162396,44.066928],[-115.159428,44.065164],[-115.155955,44.062113],[-115.156938,44.060796],[-115.157085,44.058663],[-115.156191,44.057679],[-115.156617,44.055116],[-115.154798,44.053049],[-115.152448,44.052153],[-115.151605,44.049033],[-115.150656,44.047658],[-115.151372,44.04535],[-115.149124,44.041164],[-115.150353,44.035997],[-115.151627,44.033755],[-115.150723,44.030673],[-115.149319,44.029846],[-115.146904,44.025013],[-115.146459,44.022198],[-115.146825,44.019583],[-115.145601,44.017562],[-115.14468,44.01376],[-115.148074,44.009707],[-115.143146,44.005803],[-115.143976,44.004603],[-115.147842,44.002842],[-115.148021,44.001881],[-115.146364,43.999425],[-115.141664,43.996202],[-115.138731,43.9934],[-115.137407,43.989879],[-115.1371,43.985443],[-115.137421,43.984661],[-115.136209,43.983859],[-115.123952,43.980225],[-115.122016,43.980407],[-115.116036,43.979039],[-115.116185,43.977026],[-115.115149,43.975455],[-115.10952,43.971004],[-115.107223,43.970984],[-115.10591,43.970248],[-115.104549,43.970858],[-115.102118,43.973711],[-115.100244,43.974152],[-115.097677,43.972983],[-115.095795,43.974041],[-115.093766,43.974047],[-115.092519,43.972809],[-115.090398,43.974163],[-115.090491,43.976199],[-115.088582,43.977087],[-115.08547,43.976593],[-115.082638,43.972685],[-115.08283,43.970876],[-115.08514,43.968725],[-115.085635,43.966209],[-115.087073,43.965541],[-115.092575,43.960563],[-115.092213,43.958055],[-115.08856,43.956205],[-115.086399,43.954167],[-115.086769,43.953425],[-115.084593,43.952863],[-115.082748,43.953893],[-115.077763,43.955097],[-115.075546,43.954808],[-115.074154,43.953493],[-115.074735,43.951637],[-115.07469,43.948416],[-115.076327,43.945925],[-115.074481,43.944036],[-115.072607,43.943213],[-115.069602,43.942844],[-115.067428,43.940416],[-115.066125,43.942499],[-115.062174,43.946183],[-115.060899,43.945873],[-115.055568,43.946214],[-115.053816,43.949091],[-115.049388,43.95004],[-115.047328,43.949506],[-115.043936,43.952644],[-115.04236,43.954705],[-115.038453,43.957675],[-115.031287,43.954019],[-115.025382,43.953528],[-115.019105,43.953411],[-115.016652,43.952836],[-115.013485,43.951386],[-115.011955,43.949823],[-115.009998,43.949874],[-115.008606,43.950873],[-115.006173,43.951148],[-115.003072,43.950703],[-114.996903,43.948808],[-114.990777,43.949723],[-114.987647,43.948664],[-114.986443,43.946953],[-114.983912,43.946037],[-114.978878,43.94682],[-114.976529,43.945],[-114.975026,43.942411],[-114.972006,43.940215],[-114.971351,43.938308],[-114.972515,43.937591],[-114.974288,43.93509],[-114.977478,43.933079],[-114.979486,43.932946],[-114.978312,43.929507],[-114.97914,43.927692],[-114.980962,43.926003],[-114.981054,43.92473],[-114.983755,43.921017],[-114.990559,43.921551],[-114.991938,43.920267],[-114.993423,43.917258],[-114.996687,43.914407],[-114.996418,43.910482],[-114.995821,43.908369],[-114.990874,43.903694],[-114.988515,43.900984],[-114.989189,43.898976],[-114.987808,43.895604],[-114.989555,43.894702],[-114.988682,43.890897],[-114.989224,43.888852],[-114.988376,43.885826],[-114.985515,43.885804],[-114.982901,43.88449],[-114.980679,43.881913],[-114.978275,43.881402],[-114.976805,43.879752],[-114.974074,43.878704],[-114.974815,43.876549],[-114.972837,43.871617],[-114.973887,43.867358],[-114.976053,43.866737],[-114.977377,43.864247],[-114.982115,43.86509],[-114.987181,43.861708],[-114.989451,43.86166],[-114.989258,43.858563],[-114.992593,43.855892],[-114.997392,43.853581],[-115.000501,43.851244],[-115.000697,43.849819],[-114.99909,43.847679],[-114.999911,43.845265],[-115.001099,43.844695],[-115.003372,43.842145],[-115.003341,43.836962],[-115.002876,43.833344],[-115.001959,43.831256],[-115.004164,43.828757],[-115.009547,43.827209],[-115.012498,43.82751],[-115.017051,43.824158],[-115.019756,43.822956],[-115.019426,43.819519],[-115.018701,43.817578],[-115.019075,43.816691],[-115.02183,43.815451],[-115.022703,43.81443],[-115.021934,43.81231],[-115.022178,43.809384],[-115.025326,43.808224],[-115.026848,43.805425],[-115.027015,43.802961],[-115.030047,43.796881],[-115.030508,43.794663],[-115.029465,43.793466],[-115.02971,43.790469],[-115.028801,43.788434],[-115.029346,43.784994],[-115.030565,43.783907],[-115.029946,43.782484],[-115.032866,43.776907],[-115.035999,43.773105],[-115.0359,43.771637],[-115.038188,43.767995],[-115.037907,43.766774],[-115.035938,43.765918],[-115.035232,43.761906],[-115.035393,43.760276],[-115.039008,43.758004],[-115.038958,43.756503],[-115.037849,43.754233],[-115.037709,43.752477],[-115.036568,43.751208],[-115.038581,43.749953],[-115.039219,43.748503],[-115.04234,43.745582],[-115.042029,43.743979],[-115.040391,43.7413],[-115.038272,43.739768],[-115.036069,43.739229],[-115.032156,43.735411],[-115.031475,43.732144],[-115.030102,43.728779],[-115.028851,43.727987],[-115.025391,43.728326],[-115.021169,43.727858],[-115.018149,43.72827],[-115.015343,43.726686],[-115.015461,43.723116],[-115.012474,43.718094],[-115.009699,43.715585],[-115.010006,43.712261],[-115.010872,43.709917],[-115.011598,43.705863],[-115.010971,43.703301],[-115.00995,43.70204],[-115.010106,43.700329],[-115.00884,43.696912],[-115.010213,43.695037],[-115.015745,43.693603],[-115.02065,43.690284],[-115.022122,43.68989],[-115.021791,43.687458],[-115.023223,43.685681],[-115.026628,43.684645],[-115.028741,43.681748],[-115.029095,43.679966],[-115.031256,43.678652],[-115.034387,43.677735],[-115.036089,43.675375],[-115.036263,43.673038],[-115.033645,43.670289],[-115.032911,43.665638],[-115.030074,43.66058],[-115.031232,43.657217],[-115.032972,43.654738],[-115.034691,43.648834],[-115.036922,43.646802],[-115.036269,43.642679],[-115.034744,43.639654],[-115.034812,43.637545],[-115.033132,43.634768],[-115.035139,43.633549],[-115.034233,43.630899],[-115.036058,43.626393],[-115.032499,43.622031],[-115.033834,43.618636],[-115.038772,43.619998],[-115.041165,43.619766],[-115.046914,43.617556],[-115.051559,43.614839],[-115.054084,43.611479],[-115.05689,43.61071],[-115.058404,43.60856],[-115.062218,43.605707],[-115.063636,43.601673],[-115.065595,43.599765],[-115.067455,43.601917],[-115.071551,43.604185],[-115.073511,43.605933],[-115.075706,43.606952],[-115.077914,43.606654],[-115.079944,43.604219],[-115.083071,43.604399],[-115.08359,43.370454],[-115.086574,43.370329],[-115.145591,43.370127],[-115.145495,43.318675],[-115.145197,43.314193],[-115.273425,43.315212],[-115.285716,43.314628],[-115.300798,43.315247],[-115.333172,43.315184],[-115.374616,43.315061],[-115.393427,43.31504],[-115.431806,43.314968],[-115.440646,43.314959],[-115.440707,43.311764],[-115.440699,43.305941],[-115.44022,43.292002],[-115.440601,43.284426],[-115.443082,43.284518],[-115.473593,43.284896],[-115.474259,43.284706],[-115.49971,43.285101],[-115.499791,43.278316],[-115.501939,43.276096],[-115.504509,43.274709],[-115.505705,43.272926],[-115.505799,43.269342],[-115.506814,43.26741],[-115.505233,43.263831],[-115.506721,43.262636],[-115.506775,43.261692],[-115.508421,43.259782],[-115.508866,43.257192],[-115.511287,43.253126],[-115.514413,43.251135],[-115.516062,43.249394],[-115.517221,43.246326],[-115.516616,43.242621],[-115.515776,43.240799],[-115.514621,43.239887],[-115.514359,43.238537],[-115.512035,43.23521],[-115.50953,43.233019],[-115.509728,43.230297],[-115.510555,43.227976],[-115.509161,43.225972],[-115.505081,43.223484],[-115.503461,43.221737],[-115.504176,43.220377],[-115.501859,43.218257],[-115.501201,43.216215],[-115.49994,43.21571],[-115.5006,43.143584],[-115.500406,43.141157],[-115.512319,43.141078],[-115.559135,43.140767],[-115.559682,43.062981],[-115.561111,43.057952],[-115.560764,43.05366],[-115.559983,42.998726],[-115.555116,42.983308],[-115.560134,42.982938],[-115.560419,42.97223],[-115.560984,42.966492],[-115.5604,42.956226],[-115.56063,42.934684],[-115.56661,42.934498],[-115.570315,42.935651],[-115.577927,42.936921],[-115.581164,42.937192],[-115.58367,42.936661],[-115.590702,42.936611],[-115.59661,42.937603],[-115.603065,42.937271],[-115.60443,42.937697],[-115.606341,42.941132],[-115.608214,42.943329],[-115.611707,42.946596],[-115.61239,42.949724],[-115.613672,42.951005],[-115.616475,42.952525],[-115.620315,42.953838],[-115.622852,42.955698],[-115.625893,42.956236],[-115.634278,42.956117],[-115.638069,42.955743],[-115.641349,42.955191],[-115.647668,42.953246],[-115.656208,42.948009],[-115.659061,42.94729],[-115.66552,42.944739],[-115.670963,42.943477],[-115.674796,42.943113],[-115.677949,42.94239],[-115.68152,42.942176],[-115.686587,42.940438],[-115.694474,42.939357],[-115.697827,42.939332],[-115.703531,42.939935],[-115.705814,42.939678],[-115.717841,42.940002],[-115.72251,42.940691],[-115.728674,42.938857],[-115.731537,42.938634],[-115.732861,42.939034],[-115.736455,42.941883],[-115.739866,42.943249],[-115.740817,42.943003],[-115.748183,42.938699],[-115.749365,42.938273],[-115.752273,42.937602],[-115.755796,42.937644],[-115.761357,42.939054],[-115.765571,42.938964],[-115.768025,42.938593],[-115.771505,42.938664],[-115.776014,42.94105],[-115.778067,42.941549],[-115.781341,42.943348],[-115.784078,42.944043],[-115.788152,42.944494],[-115.793356,42.94654],[-115.79631,42.948712],[-115.797103,42.950555],[-115.796755,42.951603],[-115.789337,42.957219],[-115.786071,42.960395],[-115.786336,42.962306],[-115.788358,42.965543],[-115.788538,42.969263],[-115.78933,42.970796],[-115.790867,42.971924],[-115.794484,42.973047],[-115.799668,42.973702],[-115.804302,42.973687],[-115.808278,42.974146],[-115.814536,42.973036],[-115.817147,42.972358],[-115.822854,42.972928],[-115.832122,42.972959],[-115.837008,42.971037],[-115.839483,42.970685],[-115.842578,42.969631],[-115.846266,42.969258],[-115.854706,42.971884],[-115.855342,42.972591],[-115.860385,42.973916],[-115.8647,42.974781],[-115.86592,42.976439],[-115.867561,42.982954],[-115.869343,42.984455],[-115.871353,42.985184],[-115.874866,42.987284],[-115.878432,42.98891],[-115.880118,42.989122],[-115.88244,42.988397],[-115.887293,42.987626],[-115.889392,42.986535],[-115.890948,42.98436],[-115.893469,42.982665],[-115.899049,42.981829],[-115.906719,42.982283],[-115.908437,42.982936],[-115.911783,42.985009],[-115.915352,42.985895],[-115.917101,42.987405],[-115.916478,42.993283],[-115.91744,42.995231],[-115.921648,42.997553],[-115.923217,42.999389],[-115.926,43.001326],[-115.92898,43.001859],[-115.933457,43.001513],[-115.935655,43.001733],[-115.93906,43.00024],[-115.942742,42.995251],[-115.945019,42.993838],[-115.950623,42.992965],[-115.951658,42.99323],[-115.953709,42.992358],[-115.955121,42.990811],[-115.95757,42.989295],[-115.961652,42.988871],[-115.961882,42.98811],[-115.964482,42.985462],[-115.967473,42.980205],[-115.966793,42.977263],[-115.969205,42.974206],[-115.97146,42.972258],[-115.97211,42.970485],[-115.967777,42.964802],[-115.967287,42.963137],[-115.965103,42.960237],[-115.964264,42.95976],[-115.961853,42.956304],[-115.962003,42.95519],[-115.960932,42.951924],[-115.963139,42.949384],[-115.964966,42.943673],[-115.965575,42.94352],[-115.967461,42.944649],[-115.973678,42.945662],[-115.977292,42.947154],[-115.978327,42.982951],[-115.977998,42.98597],[-115.978329,43.008699],[-115.97856,43.01354],[-115.978792,43.02759]]]}},{"type":"Feature","properties":{"fips":"16000","lea_geoid":"1601110","district_name":"Fremont County Joint School District 215","state_fips":"16","state_abbr":"ID","county_name":"","county_fips":"000"},"geometry":{"type":"Polygon","coordinates":[[[-112.155935,44.05778],[-112.034317,44.057358],[-112.033664,44.144049],[-112.010709,44.143968],[-112.000155,44.143814],[-111.996053,44.144266],[-111.913601,44.144337],[-111.913744,44.18779],[-111.857851,44.187759],[-111.857871,44.231422],[-111.852457,44.231441],[-111.852276,44.316996],[-111.791541,44.317021],[-111.791624,44.40161],[-111.617437,44.401254],[-111.617592,44.409591],[-111.617585,44.487369],[-111.617207,44.492259],[-111.617299725144,44.5502806204968],[-111.616191,44.550109],[-111.614577,44.548772],[-111.612669,44.548768],[-111.611538,44.549503],[-111.604664,44.553022],[-111.601083,44.554085],[-111.591864,44.559263],[-111.592592,44.560863],[-111.588631,44.56247],[-111.586507,44.562657],[-111.580111,44.559718],[-111.568629,44.557667],[-111.564798,44.557607],[-111.562814,44.555209],[-111.555185,44.555123],[-111.551371,44.556176],[-111.547052,44.557176],[-111.545942,44.556585],[-111.544,44.553883],[-111.536366,44.550594],[-111.523594,44.547864],[-111.518443,44.543567],[-111.51527,44.537016],[-111.50872,44.536162],[-111.500686,44.540467],[-111.499586,44.542041],[-111.497506,44.542058],[-111.494558,44.540857],[-111.489224,44.540829],[-111.485641,44.541663],[-111.48378,44.540846],[-111.479745,44.54209],[-111.469596,44.540035],[-111.468269,44.538976],[-111.466646,44.540557],[-111.463673,44.541591],[-111.467649,44.544623],[-111.466948,44.546978],[-111.468363,44.55152],[-111.469185,44.552043],[-111.467984,44.55495],[-111.469318,44.557552],[-111.475465,44.556361],[-111.475792,44.554624],[-111.478653,44.553395],[-111.481378,44.555946],[-111.485798,44.557535],[-111.492024,44.56081],[-111.502083,44.561019],[-111.504801,44.561963],[-111.507408,44.562079],[-111.509975,44.565159],[-111.508364,44.567464],[-111.505701,44.569],[-111.502577,44.568717],[-111.500924,44.571286],[-111.50134,44.57249],[-111.507023,44.576764],[-111.517814,44.582166],[-111.519262,44.584204],[-111.519424,44.588712],[-111.522646,44.59025],[-111.523789,44.594567],[-111.523952,44.598499],[-111.520513,44.600283],[-111.519337,44.601768],[-111.521415,44.60362],[-111.524859,44.604138],[-111.525198,44.6052],[-111.520145,44.612278],[-111.52243,44.613129],[-111.521585,44.615021],[-111.519287,44.615862],[-111.515937,44.620382],[-111.513176,44.621267],[-111.50826,44.624923],[-111.504556,44.625312],[-111.502489,44.62682],[-111.503454,44.6294],[-111.507574,44.632543],[-111.509351,44.633583],[-111.511696,44.638871],[-111.516461,44.640896],[-111.516167,44.644059],[-111.51108,44.644287],[-111.508109,44.645544],[-111.505777,44.644309],[-111.504392,44.644528],[-111.502482,44.646374],[-111.501391,44.648814],[-111.500888,44.649189],[-111.50024,44.64882],[-111.495275,44.644323],[-111.491934,44.643134],[-111.491407,44.643755],[-111.491411,44.647862],[-111.490612,44.649652],[-111.488029,44.651091],[-111.487515,44.653685],[-111.486207,44.654637],[-111.482247,44.655828],[-111.47756,44.660308],[-111.47855,44.661849],[-111.473318,44.665004],[-111.472255,44.666896],[-111.472988,44.668111],[-111.475892,44.669504],[-111.476511,44.673724],[-111.471737,44.67501],[-111.470453,44.677043],[-111.468514,44.678733],[-111.468809,44.67941],[-111.470266,44.680008],[-111.472169,44.680285],[-111.473894,44.681483],[-111.476133,44.68131],[-111.476872,44.681671],[-111.478728,44.683853],[-111.481473,44.685443],[-111.484898,44.687578],[-111.482607,44.691174],[-111.483765,44.694464],[-111.486773,44.695939],[-111.487246,44.697941],[-111.489894,44.700559],[-111.488784,44.705643],[-111.485278,44.70777],[-111.479477,44.706806],[-111.474880236007,44.7085555454992],[-111.471692,44.709769],[-111.466146,44.71346],[-111.455698,44.716131],[-111.44646,44.717737],[-111.442733,44.720232],[-111.431733,44.720694],[-111.426183,44.717461],[-111.424991,44.714705],[-111.418461,44.712607],[-111.415787,44.710871],[-111.414273,44.710739],[-111.410639,44.7148],[-111.407681,44.71647],[-111.403767,44.721318],[-111.399852,44.721993],[-111.397759,44.724077],[-111.398425,44.725912],[-111.397039,44.727934],[-111.398553,44.730663],[-111.399383,44.734267],[-111.395534,44.740024],[-111.394524,44.744797],[-111.397362,44.746847],[-111.392475,44.752369],[-111.387886,44.753116],[-111.385106,44.754898],[-111.377149066519,44.7511577867496],[-111.374252,44.749796],[-111.375087,44.748453],[-111.36627,44.742234],[-111.366703,44.738524],[-111.361902,44.734936],[-111.355153,44.727195],[-111.348067,44.725314],[-111.341599,44.729383],[-111.337355,44.73317],[-111.33253,44.731309],[-111.328847,44.731506],[-111.323052,44.728555],[-111.322716,44.726942],[-111.323729,44.724619],[-111.322484,44.718776],[-111.318519,44.715731],[-111.317875,44.714477],[-111.306802,44.707705],[-111.301089,44.705723],[-111.300262,44.703923],[-111.296038,44.702053],[-111.294843,44.70006],[-111.2951,44.697567],[-111.297243,44.693601],[-111.296337,44.691059],[-111.290467,44.686021],[-111.288131,44.686135],[-111.280302,44.682974],[-111.276183,44.678311],[-111.276844,44.675884],[-111.26968,44.668832],[-111.266804,44.667512],[-111.26721,44.664643],[-111.27178,44.662542],[-111.275613,44.656672],[-111.277577,44.655275],[-111.279918,44.655191],[-111.280473,44.654778],[-111.278477,44.651265],[-111.276368,44.649554],[-111.271266,44.64731],[-111.268824,44.647177],[-111.262584,44.64969],[-111.253183,44.651173],[-111.25276,44.650923],[-111.253139,44.649983],[-111.251347,44.648591],[-111.249236,44.644104],[-111.247684,44.643557],[-111.24299,44.643404],[-111.242367,44.643026],[-111.229122,44.631106],[-111.224046,44.624888],[-111.220145,44.622996],[-111.220102,44.622071],[-111.227229,44.618343],[-111.239994,44.614847],[-111.240332,44.613687],[-111.235091,44.605415],[-111.235598,44.601036],[-111.234109,44.600475],[-111.232269,44.597549],[-111.232571,44.589362],[-111.230812,44.587706],[-111.232058,44.585043],[-111.229483,44.582382],[-111.230182,44.581217],[-111.227504,44.577172],[-111.22568,44.576371],[-111.220445,44.576873],[-111.219032,44.57542],[-111.207295,44.575087],[-111.201491,44.575896],[-111.193745,44.573076],[-111.18103,44.569231],[-111.180194,44.566414],[-111.180747,44.554883],[-111.173755,44.549333],[-111.158894,44.546264],[-111.155114,44.542402],[-111.150571,44.534971],[-111.140806,44.535844],[-111.131382,44.532429],[-111.138568,44.518853],[-111.138618,44.516854],[-111.130659,44.500131],[-111.128377,44.499728],[-111.127383,44.49762],[-111.119675,44.494349],[-111.115061,44.493848],[-111.112837,44.490466],[-111.107213,44.486929],[-111.104475,44.486718],[-111.100918,44.487783],[-111.097117,44.486464],[-111.096196064567,44.4864593515198],[-111.091966,44.486438],[-111.077279,44.483258],[-111.074787,44.483448],[-111.070163,44.482197],[-111.064672,44.478638],[-111.055782,44.476798],[-111.052434,44.478411],[-111.048974,44.474072],[-111.049194,44.438058],[-111.049216,44.435811],[-111.049148,44.374925],[-111.049695,44.353626],[-111.049137751772,44.1323684628888],[-111.049119,44.124923],[-111.048452,44.114831],[-111.048633,44.062903],[-111.048751,44.060838],[-111.048751,44.060403],[-111.049077,44.020072],[-111.047349,43.999921],[-111.047063914504,43.9834606121932],[-111.049555,43.982474],[-111.054313,43.983818],[-111.05854,43.984307],[-111.061125,43.983589],[-111.06436,43.981535],[-111.066671,43.981439],[-111.070604,43.98017],[-111.070855,43.978826],[-111.073691,43.977293],[-111.078669,43.976939],[-111.083423,43.974014],[-111.087246,43.974425],[-111.090729,43.973599],[-111.093199,43.97198],[-111.096622,43.972459],[-111.099926,43.970982],[-111.102884,43.968443],[-111.10684,43.968439],[-111.109685,43.969044],[-111.113677,43.968572],[-111.11742,43.966141],[-111.118908,43.963862],[-111.122474,43.96258],[-111.127714,43.959788],[-111.132165,43.958068],[-111.138862,43.958334],[-111.141342,43.954115],[-111.140891,43.95171],[-111.143327,43.950279],[-111.144977,43.950944],[-111.14531,43.952325],[-111.147726,43.953527],[-111.15006,43.952607],[-111.151638,43.951124],[-111.156122,43.950857],[-111.156713,43.949789],[-111.160601,43.948586],[-111.162838,43.947012],[-111.161551,43.946231],[-111.162172,43.944442],[-111.169007,43.943544],[-111.171661,43.942142],[-111.17107,43.940446],[-111.171916,43.939094],[-111.173102,43.938898],[-111.177449,43.939684],[-111.1788,43.939153],[-111.17969,43.937078],[-111.181444,43.935455],[-111.183179,43.935119],[-111.184886,43.933117],[-111.187256,43.932114],[-111.195303,43.933001],[-111.198867,43.934427],[-111.20137,43.933756],[-111.202377,43.934351],[-111.203233,43.938421],[-111.202849,43.941852],[-111.204401,43.943679],[-111.206482,43.943795],[-111.208522,43.942747],[-111.208912,43.94108],[-111.211813,43.940836],[-111.213854,43.940022],[-111.217281,43.939489],[-111.220055,43.940722],[-111.220521,43.942058],[-111.226141,43.944545],[-111.228709,43.945094],[-111.231288,43.947182],[-111.232615,43.949133],[-111.235109,43.948617],[-111.236044,43.949077],[-111.237362,43.948646],[-111.237942,43.945453],[-111.24103,43.942876],[-111.243078,43.943538],[-111.245617,43.943234],[-111.249498,43.941692],[-111.250741,43.94014],[-111.254069,43.938607],[-111.256316,43.939746],[-111.25977,43.940098],[-111.267123,43.938384],[-111.271279,43.938802],[-111.273054,43.937848],[-111.274496,43.935841],[-111.276107,43.935136],[-111.275078,43.933458],[-111.27619,43.931407],[-111.278228,43.930353],[-111.279669,43.928591],[-111.280123,43.926774],[-111.284532,43.925192],[-111.285681,43.925408],[-111.291313,43.923316],[-111.294479,43.923834],[-111.298311,43.92242],[-111.302499,43.919334],[-111.307378,43.919654],[-111.308826,43.919173],[-111.30943,43.921247],[-111.313981,43.921874],[-111.317885,43.924726],[-111.323226,43.924995],[-111.325196,43.923513],[-111.327975,43.925409],[-111.327594,43.928125],[-111.328785,43.929076],[-111.328115,43.932259],[-111.330532,43.934932],[-111.332794,43.93874],[-111.335902,43.940107],[-111.339061,43.939049],[-111.343081,43.938847],[-111.347296,43.937934],[-111.348155,43.938265],[-111.349547,43.939544],[-111.348442,43.942262],[-111.349975,43.945021],[-111.354543,43.948104],[-111.36059,43.944943],[-111.367364,43.941869],[-111.371501,43.939141],[-111.373533,43.93728],[-111.375418,43.932934],[-111.381205,43.930628],[-111.384617,43.927996],[-111.387183,43.927321],[-111.39187,43.928404],[-111.393843,43.927681],[-111.395872,43.925383],[-111.398781,43.92289],[-111.399926,43.922222],[-111.401755,43.91974],[-111.403658,43.91849],[-111.405697,43.917911],[-111.409849,43.917802],[-111.413201,43.916313],[-111.4207,43.914332],[-111.423002,43.91188],[-111.42522,43.910358],[-111.42873,43.912871],[-111.431122,43.915626],[-111.433758,43.915521],[-111.435982,43.913132],[-111.43723,43.912699],[-111.441191,43.913539],[-111.44402,43.912862],[-111.445618,43.914999],[-111.448158,43.915308],[-111.452022,43.9165],[-111.454192,43.915775],[-111.459805,43.917229],[-111.463166,43.917171],[-111.467182,43.916533],[-111.46825,43.918149],[-111.469135,43.921815],[-111.47402,43.922794],[-111.475425,43.925408],[-111.477099,43.926123],[-111.478723,43.927886],[-111.482192,43.928908],[-111.484684,43.929083],[-111.486713,43.927265],[-111.488096,43.927115],[-111.48969,43.928495],[-111.495109,43.930137],[-111.501232,43.929206],[-111.502737,43.927866],[-111.503393,43.926136],[-111.505943,43.925039],[-111.507299,43.925271],[-111.509024,43.922927],[-111.510931,43.922495],[-111.513345,43.923365],[-111.519891,43.921978],[-111.5212,43.920873],[-111.525019,43.920334],[-111.525803,43.919614],[-111.529615,43.918309],[-111.531732,43.919254],[-111.533234,43.917676],[-111.532693,43.916103],[-111.535039,43.913138],[-111.536307,43.913736],[-111.538403,43.913406],[-111.539138,43.911912],[-111.537988,43.911315],[-111.539544,43.908498],[-111.540724,43.907727],[-111.542374,43.908102],[-111.543745,43.906619],[-111.547889,43.905789],[-111.547285,43.904603],[-111.548714,43.903808],[-111.554282,43.903643],[-111.557114,43.903936],[-111.56096,43.901919],[-111.562449,43.901963],[-111.56701,43.904013],[-111.569178,43.905762],[-111.570399,43.910788],[-111.572313,43.912883],[-111.575722,43.914648],[-111.575873,43.916491],[-111.576892,43.918348],[-111.577077,43.92013],[-111.578228,43.92142],[-111.580744,43.922111],[-111.583104,43.923318],[-111.584683,43.922663],[-111.587752,43.925863],[-111.589388,43.927068],[-111.591336,43.932542],[-111.594096,43.934189],[-111.598423,43.935471],[-111.609095,43.933625],[-111.612037,43.931753],[-111.610755,43.929474],[-111.611005,43.928],[-111.612767,43.926997],[-111.614736,43.926843],[-111.616129,43.925794],[-111.618107,43.923275],[-111.618215,43.92091],[-111.618888,43.920296],[-111.618359,43.91681],[-111.617552,43.914061],[-111.618178,43.913041],[-111.618454,43.912091],[-111.618511,43.890684],[-111.627749,43.890721],[-111.62811,43.883297],[-111.628501,43.883299],[-111.628763,43.868921],[-111.688074,43.869108],[-111.687841,43.876207],[-111.707937,43.876313],[-111.708083,43.890709],[-111.707892,43.897984],[-111.728094,43.898089],[-111.728383,43.903452],[-111.728513,43.905514],[-111.737839,43.905246],[-111.737536,43.938596],[-111.741263,43.938846],[-111.74416,43.939947],[-111.751035,43.93763],[-111.751005,43.936355],[-111.748919,43.93445],[-111.74896,43.932294],[-111.750471,43.931697],[-111.755551,43.931572],[-111.757252,43.932581],[-111.758394,43.934433],[-111.759796,43.933873],[-111.760923,43.932211],[-111.760083,43.930639],[-111.760797,43.929313],[-111.76269,43.928535],[-111.770427,43.927179],[-111.773554,43.928538],[-111.775571,43.928358],[-111.782095,43.925698],[-111.783271,43.924075],[-111.781899,43.922662],[-111.78592,43.920423],[-111.787515,43.920179],[-111.790124,43.922316],[-111.791756,43.922804],[-111.792912,43.921733],[-111.792806,43.920129],[-111.793776,43.919143],[-111.797108,43.920112],[-111.800674,43.91716],[-111.799818,43.914003],[-111.805365,43.910957],[-111.807075,43.911101],[-111.812308,43.909719],[-111.821867,43.909369],[-111.825246,43.910697],[-111.827953,43.908841],[-111.83107,43.908953],[-111.831858,43.907218],[-111.834758,43.90594],[-111.835787,43.904226],[-111.837639,43.904222],[-111.838267,43.904429],[-111.839118,43.904222],[-111.839611,43.903717],[-111.839496,43.903263],[-111.839199,43.903141],[-111.838486,43.902976],[-111.837946,43.90266],[-111.837499,43.902554],[-111.836955,43.902425],[-111.836046,43.90193],[-111.835773,43.901508],[-111.835745,43.90101],[-111.83616,43.900403],[-111.836702,43.900088],[-111.83759,43.899781],[-111.837592,43.898621],[-111.839134,43.898711],[-111.839225,43.897718],[-111.841944,43.896594],[-111.842074,43.89234],[-111.843163,43.891663],[-111.845277,43.894185],[-111.846564,43.894622],[-111.848084,43.893962],[-111.848205,43.92717],[-111.847418,43.934454],[-111.857479,43.934455],[-111.857485,43.94174],[-111.867608,43.941796],[-111.867441,43.945838],[-111.867027,43.950262],[-111.867542,43.95051],[-111.86764,43.956206],[-111.877155,43.95619],[-111.883355,43.956459],[-111.883344,43.97167],[-111.917001,43.971577],[-111.917004,44.000382],[-111.997107,44.000155],[-112.00093,43.999991],[-112.023283,44.000117],[-112.032938,44.000042],[-112.036272,44.000303],[-112.10789,44.000301],[-112.107398,43.97129],[-112.15637,43.971247],[-112.155935,44.05778]]]}},{"type":"Feature","properties":{"fips":"16000","lea_geoid":"1603000","district_name":"Soda Springs Joint School District 150","state_fips":"16","state_abbr":"ID","county_name":"","county_fips":"000"},"geometry":{"type":"Polygon","coordinates":[[[-111.944087,42.969357],[-111.94378,42.973872],[-111.943726,42.982717],[-111.943722,42.982977],[-111.94362,42.990388],[-111.943902,43.001412],[-111.943814,43.007472],[-111.943815,43.010686],[-111.943839,43.013041],[-111.943831,43.015181],[-111.943838,43.015369],[-111.94381,43.021],[-111.90567,43.020929],[-111.904921,43.02084],[-111.825599,43.020591],[-111.703889,43.020766],[-111.589489,43.020052],[-111.470569,43.020418],[-111.470145,43.178881],[-111.469345,43.194339],[-111.450961,43.194295],[-111.44317,43.193637],[-111.436012,43.19422],[-111.375782,43.193995],[-111.36269,43.193632],[-111.356409,43.193879],[-111.234343,43.19328],[-111.234428,43.190188],[-111.234907,43.188985],[-111.235421,43.020717],[-111.235399,43.020541],[-111.235412,43.019525],[-111.044142896217,43.019408],[-111.044129,43.018702],[-111.04405131308,43.0021645391154],[-111.043959352999,42.9825887050428],[-111.043924,42.975063],[-111.043957,42.969482],[-111.043957577107,42.96803],[-111.043959,42.96445],[-111.044135,42.874924],[-111.044069127323,42.857354107218],[-111.043890165813,42.8096205907178],[-111.043804223432,42.7866976054985],[-111.043564,42.722624],[-111.044713852526,42.6570449057422],[-111.044862770065,42.6485517493511],[-111.046017,42.582723],[-111.046710501596,42.5139239264854],[-111.047879,42.511915],[-111.050107,42.51123],[-111.05235,42.5114],[-111.056602,42.5102],[-111.057778,42.510822],[-111.061879,42.510228],[-111.066734,42.508935],[-111.063143,42.505705],[-111.062858,42.500817],[-111.066373,42.49794],[-111.07276,42.496756],[-111.071673,42.492256],[-111.073257,42.492098],[-111.081014,42.493506],[-111.087009,42.49169],[-111.089766,42.491355],[-111.090988,42.490212],[-111.095301,42.489301],[-111.095626,42.491348],[-111.098781,42.491397],[-111.101612,42.490201],[-111.103866,42.490149],[-111.104384,42.491626],[-111.107088,42.491479],[-111.109793,42.491571],[-111.114168,42.489905],[-111.115774,42.4879],[-111.12028,42.486941],[-111.121049,42.485031],[-111.122527,42.483795],[-111.126966,42.481787],[-111.130892,42.481404],[-111.131864,42.484069],[-111.137988,42.487542],[-111.144038,42.486058],[-111.145736,42.488392],[-111.149062,42.490765],[-111.151384,42.488809],[-111.154344,42.488338],[-111.156346,42.490281],[-111.159373,42.490612],[-111.160392,42.486036],[-111.160896,42.481794],[-111.161986,42.480076],[-111.162325,42.477453],[-111.163585,42.476044],[-111.167708,42.477065],[-111.168737,42.47673],[-111.169759,42.474013],[-111.171174,42.4732],[-111.171658,42.476905],[-111.174019,42.477767],[-111.176788,42.4781],[-111.180258,42.475614],[-111.182704,42.475803],[-111.189298,42.479367],[-111.191028,42.478744],[-111.19501,42.478737],[-111.197139,42.48026],[-111.198439,42.479669],[-111.202034,42.480823],[-111.209431,42.479049],[-111.216321,42.479127],[-111.22083,42.479546],[-111.223337,42.478663],[-111.226425,42.478294],[-111.228728,42.477309],[-111.230676,42.478572],[-111.233382,42.479048],[-111.234827,42.478329],[-111.236089,42.479759],[-111.237195,42.48285],[-111.241195,42.485084],[-111.243261,42.487167],[-111.245279,42.492226],[-111.246762,42.492745],[-111.248946,42.495291],[-111.249364,42.499224],[-111.248927,42.501229],[-111.246868,42.503277],[-111.243008,42.504474],[-111.240569,42.506722],[-111.238318,42.507582],[-111.236714,42.509112],[-111.237085,42.511043],[-111.236267,42.51181],[-111.236101,42.517224],[-111.231689,42.526134],[-111.232148,42.52852],[-111.229377,42.535825],[-111.227836,42.538768],[-111.227277,42.544348],[-111.227925,42.545252],[-111.228082,42.548731],[-111.227692,42.552304],[-111.22614,42.556909],[-111.22648,42.558313],[-111.225275,42.561364],[-111.225861,42.56289],[-111.224582,42.564803],[-111.223615,42.569034],[-111.222218,42.571763],[-111.222382,42.572643],[-111.227382,42.573468],[-111.23139,42.575304],[-111.231885,42.576902],[-111.230501,42.579847],[-111.235231,42.580633],[-111.237634,42.581953],[-111.237799,42.583168],[-111.240774,42.585043],[-111.238982,42.588979],[-111.239051,42.589979],[-111.24215,42.591976],[-111.241149,42.598886],[-111.241099,42.602457],[-111.242455,42.60303],[-111.245747,42.603352],[-111.247228,42.602687],[-111.24851,42.600586],[-111.249012,42.59696],[-111.251065,42.594384],[-111.251781,42.590839],[-111.253876,42.587754],[-111.258057,42.585174],[-111.262104,42.581301],[-111.264089,42.57801],[-111.262984,42.575869],[-111.261238,42.574634],[-111.263361,42.57358],[-111.264498,42.571701],[-111.268465,42.568294],[-111.273366,42.561359],[-111.276839,42.559581],[-111.278376,42.557199],[-111.277788,42.555292],[-111.279388,42.552861],[-111.284682,42.554847],[-111.29228,42.556539],[-111.295908,42.559267],[-111.296925,42.559477],[-111.299838,42.559882],[-111.300626,42.559332],[-111.305386,42.55997],[-111.308626,42.560886],[-111.311656,42.56064],[-111.314366,42.561105],[-111.316681,42.560004],[-111.318685,42.561287],[-111.322882,42.562558],[-111.326819,42.563263],[-111.329541,42.566164],[-111.331223,42.56719],[-111.335925,42.566573],[-111.338654,42.570429],[-111.341752,42.571036],[-111.341832,42.5739],[-111.340938,42.575099],[-111.341331,42.576518],[-111.339668,42.579049],[-111.339548,42.580715],[-111.338396,42.582367],[-111.339499,42.583624],[-111.340223,42.586148],[-111.343703,42.58571],[-111.349158,42.585699],[-111.350606,42.586166],[-111.355057,42.586436],[-111.356809,42.588385],[-111.359641,42.587282],[-111.363519,42.588648],[-111.367808,42.593862],[-111.36749,42.596707],[-111.367926,42.598584],[-111.368062,42.590294],[-111.46634,42.590126],[-111.466067,42.56132],[-111.481654,42.561432],[-111.486834,42.561269],[-111.493997,42.561555],[-111.496387,42.561404],[-111.524932,42.561401],[-111.525215,42.561271],[-111.525278,42.532669],[-111.575366,42.532517],[-111.583154,42.5326],[-111.582876,42.575769],[-111.603055,42.576537],[-111.603241,42.580001],[-111.603122,42.590274],[-111.603631,42.590753],[-111.636906,42.590931],[-111.644182,42.590714],[-111.651591,42.590828],[-111.700851,42.590456],[-111.700878,42.59699],[-111.700674,42.600177],[-111.700713,42.620288],[-111.700742,42.634625],[-111.707165,42.634641],[-111.720416,42.634677],[-111.720323,42.648974],[-111.720345,42.650674],[-111.720345,42.65705],[-111.720345,42.667954],[-111.720225,42.668047],[-111.720844,42.730641],[-111.720673,42.733011],[-111.720363,42.764662],[-111.740056,42.764573],[-111.757358,42.764649],[-111.771711,42.765689],[-111.798239,42.765312],[-111.7984,42.767605],[-111.798891,42.769924],[-111.798602,42.772361],[-111.798782,42.796847],[-111.798521,42.847297],[-111.826657,42.847199],[-111.826436,42.849273],[-111.826125,42.879859],[-111.826089,42.900161],[-111.826345,42.931573],[-111.826235,42.93368],[-111.829327,42.933826],[-111.87362,42.9342],[-111.943856,42.93479],[-111.943802,42.955725],[-111.944517,42.964674],[-111.944087,42.969357]]]}},{"type":"Feature","properties":{"fips":"16000","lea_geoid":"1601900","district_name":"Mackay Joint School District 182","state_fips":"16","state_abbr":"ID","county_name":"","county_fips":"000"},"geometry":{"type":"Polygon","coordinates":[[[-114.417247,43.911781],[-114.416342,43.912503],[-114.414455,43.916604],[-114.408456,43.917842],[-114.403847,43.919114],[-114.403055,43.920078],[-114.401585,43.923573],[-114.397831,43.925769],[-114.396476,43.930884],[-114.393743,43.935166],[-114.393182,43.937106],[-114.391023,43.93965],[-114.382878,43.941663],[-114.380219,43.943151],[-114.37776,43.942202],[-114.37589,43.942274],[-114.373307,43.943457],[-114.371277,43.943773],[-114.367889,43.943182],[-114.365573,43.945566],[-114.361737,43.94781],[-114.361105,43.949872],[-114.358455,43.953984],[-114.355106,43.957211],[-114.353691,43.959219],[-114.353213,43.96107],[-114.354102,43.96344],[-114.353043,43.965285],[-114.34905,43.967675],[-114.343817,43.971725],[-114.342577,43.970099],[-114.338831,43.969703],[-114.334908,43.971019],[-114.333333,43.971098],[-114.330169,43.96906],[-114.328143,43.966905],[-114.327089,43.964585],[-114.328099,43.963685],[-114.328328,43.956314],[-114.327658,43.95475],[-114.325729,43.953459],[-114.322087,43.951721],[-114.320501,43.950113],[-114.320896,43.94744],[-114.320253,43.94649],[-114.316739,43.945253],[-114.31475,43.945091],[-114.310679,43.945736],[-114.305062,43.945661],[-114.299388,43.948976],[-114.295931,43.949675],[-114.295425,43.951009],[-114.290043,43.951094],[-114.285517,43.955995],[-114.280707,43.958361],[-114.27577,43.960098],[-114.273248,43.960688],[-114.268423,43.960673],[-114.263966,43.962521],[-114.262693,43.962598],[-114.259173,43.962255],[-114.257197,43.960502],[-114.254371,43.960366],[-114.250887,43.965795],[-114.249961,43.968384],[-114.245552,43.968147],[-114.241746,43.968752],[-114.240745,43.969512],[-114.240335,43.971212],[-114.237982,43.973229],[-114.237729,43.974808],[-114.231792,43.977263],[-114.231055,43.978371],[-114.231117,43.980646],[-114.22953,43.983749],[-114.22723,43.985896],[-114.225331,43.98619],[-114.222955,43.985481],[-114.220105,43.985261],[-114.217598,43.984489],[-114.215921,43.983393],[-114.212565,43.982571],[-114.20978,43.982342],[-114.205347,43.981292],[-114.204398,43.980309],[-114.200417,43.981486],[-114.199043,43.982623],[-114.196015,43.986724],[-114.195214,43.989283],[-114.190082,43.992297],[-114.189585,43.99531],[-114.1882,43.999027],[-114.186231,44.000334],[-114.180312,44.002971],[-114.175368,44.004659],[-114.17111,44.007509],[-114.169009,44.010315],[-114.167575,44.013686],[-114.166757,44.019192],[-114.164278,44.021595],[-114.160703,44.023817],[-114.158348,44.028249],[-114.157336,44.029551],[-114.15449,44.031251],[-114.153107,44.0331],[-114.151312,44.039079],[-114.150479,44.040389],[-114.148654,44.045458],[-114.145466,44.048454],[-114.140486,44.049674],[-114.135592,44.051489],[-114.132842,44.051337],[-114.130308,44.050695],[-114.128463,44.05077],[-114.125882,44.051801],[-114.122838,44.05236],[-114.115984,44.054424],[-114.112974,44.055641],[-114.109111,44.058089],[-114.108382,44.059159],[-114.108542,44.06325],[-114.108147,44.064392],[-114.105598,44.066641],[-114.107787,44.069899],[-114.107604,44.073353],[-114.105975,44.078914],[-114.106368,44.080599],[-114.108064,44.082229],[-114.11383,44.0851],[-114.119914,44.086651],[-114.120865,44.088255],[-114.119238,44.090925],[-114.11618,44.094865],[-114.114872,44.095828],[-114.105368,44.099174],[-114.104361,44.100138],[-114.105135,44.103666],[-114.104973,44.104858],[-114.103043,44.107809],[-114.098529,44.112936],[-114.094706,44.117791],[-114.089993,44.124916],[-114.08923,44.125509],[-114.086092,44.125895],[-114.083607,44.12679],[-114.079219,44.127679],[-114.074875,44.128939],[-114.072976,44.130366],[-114.069952,44.135772],[-114.068999,44.136033],[-114.065281,44.13642],[-114.062487,44.137648],[-114.060437,44.139191],[-114.058479,44.138007],[-114.052749,44.136341],[-114.05119,44.136197],[-114.046985,44.138023],[-114.039116,44.139647],[-114.033712,44.14159],[-114.029211,44.143694],[-114.025599,44.14612],[-114.014168,44.150643],[-114.011704,44.153225],[-114.010138,44.157258],[-114.00835,44.164175],[-114.006341,44.166918],[-114.003432,44.16966],[-113.992446,44.177728],[-113.984207,44.185466],[-113.981441,44.188865],[-113.980115,44.193715],[-113.979688,44.19824],[-113.980818,44.201787],[-113.980599,44.205316],[-113.981945,44.208524],[-113.984858,44.211709],[-113.986881,44.215073],[-113.986881,44.216676],[-113.9842,44.221163],[-113.982637,44.222765],[-113.980556,44.223094],[-113.978293,44.225163],[-113.97468,44.226901],[-113.973002,44.229109],[-113.971703,44.232062],[-113.96899,44.233621],[-113.960405,44.23939],[-113.957859,44.240344],[-113.960066,44.249144],[-113.956889,44.252194],[-113.95446,44.253432],[-113.950833,44.254152],[-113.945088,44.258059],[-113.940032,44.258584],[-113.938454,44.259203],[-113.935878,44.258929],[-113.929828,44.259659],[-113.928989,44.260089],[-113.927459,44.262657],[-113.924673,44.264285],[-113.921166,44.265093],[-113.917477,44.26659],[-113.911386,44.270336],[-113.909708,44.271385],[-113.906947,44.27445],[-113.906409,44.272802],[-113.901894,44.266234],[-113.898388,44.262819],[-113.895805,44.261914],[-113.89268,44.258395],[-113.887115,44.256311],[-113.884962,44.254389],[-113.87885,44.252512],[-113.878116,44.249427],[-113.878924,44.248269],[-113.879463,44.243059],[-113.877308,44.237656],[-113.877577,44.236112],[-113.876769,44.233411],[-113.88054,44.23206],[-113.883772,44.228972],[-113.882156,44.225113],[-113.879732,44.223955],[-113.879463,44.220482],[-113.877041,44.220194],[-113.874688,44.221232],[-113.866513,44.223446],[-113.8645,44.223451],[-113.86366,44.224544],[-113.856759,44.228496],[-113.854983,44.228673],[-113.848887,44.226943],[-113.846158,44.225724],[-113.841912,44.222539],[-113.839927,44.220446],[-113.836179,44.219948],[-113.832506,44.217388],[-113.828564,44.215846],[-113.828814,44.213764],[-113.827571,44.209619],[-113.825377,44.207536],[-113.819321,44.203959],[-113.81819,44.201365],[-113.817059,44.197957],[-113.816603,44.194393],[-113.818597,44.189202],[-113.821046,44.185146],[-113.824385,44.181089],[-113.824605,44.179795],[-113.823705,44.178505],[-113.817886,44.177864],[-113.814079,44.178351],[-113.811558,44.179153],[-113.809993,44.178997],[-113.805517,44.177079],[-113.80304,44.175315],[-113.797222,44.173079],[-113.793181,44.170837],[-113.788239,44.166504],[-113.785551,44.165707],[-113.783076,44.162656],[-113.782175,44.160404],[-113.781487,44.157026],[-113.777878,44.152528],[-113.778321,44.151078],[-113.781429,44.147206],[-113.783204,44.143981],[-113.784082,44.141081],[-113.784503,44.137377],[-113.784491,44.134641],[-113.783346,44.13062],[-113.781325,44.12835],[-113.778405,44.125944],[-113.77594,44.124503],[-113.773919,44.122577],[-113.773652,44.11469],[-113.774306,44.111307],[-113.774482,44.103258],[-113.774026,44.101649],[-113.771106,44.099241],[-113.770629,44.092795],[-113.769718,44.090541],[-113.76501,44.088297],[-113.75272,44.088005],[-113.740639,44.086584],[-113.736609,44.085305],[-113.73369,44.083379],[-113.730092,44.079037],[-113.725595,44.074375],[-113.722675,44.071965],[-113.719544,44.070684],[-113.71507,44.070534],[-113.706564,44.06846],[-113.701624,44.065895],[-113.698072,44.068641],[-113.694729,44.070743],[-113.691153,44.071717],[-113.684892,44.071571],[-113.68175,44.07029],[-113.679286,44.067558],[-113.678364,44.063047],[-113.679229,44.058673],[-113.678541,44.054163],[-113.676076,44.052396],[-113.672712,44.050793],[-113.666216,44.048393],[-113.664629,44.045657],[-113.658578,44.042772],[-113.653437,44.042139],[-113.642923,44.040232],[-113.638226,44.040243],[-113.634651,44.041218],[-113.630421,44.043322],[-113.627069,44.043813],[-113.62438,44.043336],[-113.617652,44.039648],[-113.614966,44.03901],[-113.609825,44.039344],[-113.606472,44.038225],[-113.603551,44.035976],[-113.600632,44.033243],[-113.597888,44.029479],[-113.594771,44.024402],[-113.589141,44.016693],[-113.586223,44.014448],[-113.582193,44.012851],[-113.576832,44.012707],[-113.571247,44.014658],[-113.565674,44.017094],[-113.561911,44.019201],[-113.560579,44.019206],[-113.55586,44.015196],[-113.550021,44.009741],[-113.54284,44.00429],[-113.540153,44.003814],[-113.537243,44.004146],[-113.52007,44.010648],[-113.513376,44.012764],[-113.507348,44.014879],[-113.500431,44.016514],[-113.497757,44.017489],[-113.491756,44.017007],[-113.483706,44.01709],[-113.479152,44.018169],[-113.472382,44.021039],[-113.468539,44.022249],[-113.46312,44.02313],[-113.458707,44.024154],[-113.456626,44.025033],[-113.456154,44.023337],[-113.455616,44.021483],[-113.456381,44.02075],[-113.455463,44.016981],[-113.454554,44.005569],[-113.453125,44.00414],[-113.451517,44.000267],[-113.452133,43.998576],[-113.455606,43.995344],[-113.454656,43.99085],[-113.452048,43.988375],[-113.446054,43.983504],[-113.445747,43.982704],[-113.446876,43.979039],[-113.44699,43.976975],[-113.445192,43.973869],[-113.445549,43.969884],[-113.444995,43.969038],[-113.446082,43.968058],[-113.445795,43.966815],[-113.44684,43.964756],[-113.445946,43.960845],[-113.444873,43.959832],[-113.444185,43.956141],[-113.444759,43.952443],[-113.443763,43.951173],[-113.446442,43.94967],[-113.444944,43.945248],[-113.417264,43.944949],[-113.38587,43.94495],[-113.356289,43.944994],[-113.355165,43.887021],[-113.355311,43.827779],[-113.345305,43.827691],[-113.345687,43.79867],[-113.351726,43.79877],[-113.361989,43.798798],[-113.360773,43.796985],[-113.364512,43.796024],[-113.36399,43.794649],[-113.367141,43.795267],[-113.367635,43.795803],[-113.366123,43.796976],[-113.363618,43.797486],[-113.366011,43.798819],[-113.3782,43.798851],[-113.37834,43.798881],[-113.409064,43.798944],[-113.411528,43.798839],[-113.445401,43.798884],[-113.445431,43.798745],[-113.453484,43.798702],[-113.458841,43.797973],[-113.469922,43.798411],[-113.485828,43.798184],[-113.488113,43.798135],[-113.493547,43.798449],[-113.500345,43.798643],[-113.507245,43.798173],[-113.515029,43.79835],[-113.533269,43.797902],[-113.540392,43.797271],[-113.546398,43.796315],[-113.553962,43.796975],[-113.561525,43.796183],[-113.56623,43.795224],[-113.574247,43.792822],[-113.57693,43.790571],[-113.579393,43.786382],[-113.582518,43.78252],[-113.58498,43.780429],[-113.588314,43.778824],[-113.604778,43.778532],[-113.607893,43.778054],[-113.611006,43.778221],[-113.620138,43.778078],[-113.627469,43.778575],[-113.633254,43.778424],[-113.639263,43.779241],[-113.643922,43.780378],[-113.651265,43.781521],[-113.655925,43.782497],[-113.65926,43.784598],[-113.663312,43.788724],[-113.667206,43.793385],[-113.67045,43.795609],[-113.678782,43.804133],[-113.682326,43.807363],[-113.695202,43.815928],[-113.70186,43.819808],[-113.707192,43.822074],[-113.720301,43.82516],[-113.727412,43.826303],[-113.732756,43.825506],[-113.737879,43.822614],[-113.745918,43.816504],[-113.74948,43.812969],[-113.751934,43.80606],[-113.749507,43.798499],[-113.747722,43.795762],[-113.749291,43.791907],[-113.753083,43.785644],[-113.756857,43.781635],[-113.759539,43.777782],[-113.762656,43.770231],[-113.764923,43.766666],[-113.767393,43.764561],[-113.770103,43.760836],[-113.774599,43.752931],[-113.783093,43.74425],[-113.785988,43.740713],[-113.789874,43.733555],[-113.791352,43.729289],[-113.797588,43.723183],[-113.804842,43.71446],[-113.810422,43.706805],[-113.813478,43.702155],[-113.818577,43.6991],[-113.821683,43.697976],[-113.829672,43.698145],[-113.835225,43.698956],[-113.839666,43.6988],[-113.841219,43.698318],[-113.852349,43.696718],[-113.853902,43.69672],[-113.856788,43.695595],[-113.857444,43.693503],[-113.857209,43.688032],[-113.857855,43.682258],[-113.856464,43.661984],[-113.856439,43.652972],[-113.858215,43.648137],[-113.85954,43.64572],[-113.862703,43.645249],[-113.865036,43.645288],[-113.868827,43.646589],[-113.871773,43.64914],[-113.873434,43.649322],[-113.875329,43.650504],[-113.880215,43.650527],[-113.883381,43.648513],[-113.886132,43.649047],[-113.887245,43.650362],[-113.890644,43.650006],[-113.892655,43.649027],[-113.893351,43.647983],[-113.896599,43.648355],[-113.899189,43.649519],[-113.902674,43.650056],[-113.904918,43.649719],[-113.907737,43.654794],[-113.90859,43.658325],[-113.907439,43.662708],[-113.907982,43.664572],[-113.910076,43.666204],[-113.910815,43.669914],[-113.911904,43.671724],[-113.913887,43.672356],[-113.915709,43.673879],[-113.924104,43.675884],[-113.927032,43.676291],[-113.928464,43.677173],[-113.933516,43.679365],[-113.936367,43.681726],[-113.940159,43.68632],[-113.942932,43.686727],[-113.946088,43.68924],[-113.948317,43.69396],[-113.95024,43.69433],[-113.951617,43.695778],[-113.951987,43.697743],[-113.953724,43.698275],[-113.956564,43.701274],[-113.958289,43.701824],[-113.961675,43.704076],[-113.967012,43.704573],[-113.970027,43.705366],[-113.972435,43.707159],[-113.974222,43.707825],[-113.974804,43.710662],[-113.976739,43.712382],[-113.976131,43.713669],[-113.978599,43.719054],[-113.981925,43.721153],[-113.982655,43.723069],[-113.98596,43.724882],[-113.986209,43.72573],[-113.984971,43.728205],[-113.984716,43.732282],[-113.984107,43.733687],[-113.985584,43.735407],[-113.985696,43.73718],[-113.98849,43.738522],[-113.989731,43.741061],[-113.993258,43.743034],[-113.997095,43.742575],[-113.99563,43.746788],[-113.99743,43.748373],[-113.996632,43.750486],[-113.993542,43.753676],[-113.993632,43.755832],[-113.99747,43.756596],[-113.999548,43.757628],[-114.000686,43.761082],[-114.003082,43.762527],[-114.004151,43.764994],[-114.008127,43.766642],[-114.011904,43.766416],[-114.01873,43.767083],[-114.019553,43.768725],[-114.021435,43.770215],[-114.024934,43.772179],[-114.026903,43.772212],[-114.029718,43.773361],[-114.031176,43.771527],[-114.031821,43.76879],[-114.03315,43.766961],[-114.041881,43.76524],[-114.047289,43.763009],[-114.051546,43.762723],[-114.053446,43.762146],[-114.053458,43.760831],[-114.051839,43.756573],[-114.053326,43.755037],[-114.053855,43.753319],[-114.052629,43.750612],[-114.053128,43.74646],[-114.056484,43.741858],[-114.061326,43.740415],[-114.062829,43.740347],[-114.065159,43.736983],[-114.067404,43.735518],[-114.070019,43.734696],[-114.074769,43.735392],[-114.076842,43.734697],[-114.079127,43.735236],[-114.081525,43.735123],[-114.083326,43.736178],[-114.086096,43.736753],[-114.088894,43.738321],[-114.092969,43.737315],[-114.095488,43.737375],[-114.099233,43.736157],[-114.101792,43.735774],[-114.105028,43.736808],[-114.107175,43.736474],[-114.108242,43.737244],[-114.112404,43.738756],[-114.113187,43.739449],[-114.116996,43.740347],[-114.11746,43.741447],[-114.11984,43.743056],[-114.120337,43.744005],[-114.124778,43.747152],[-114.128377,43.74753],[-114.129983,43.749064],[-114.132732,43.750757],[-114.133564,43.753883],[-114.135546,43.75455],[-114.137707,43.756291],[-114.135017,43.758612],[-114.134692,43.761182],[-114.136647,43.768055],[-114.140008,43.770126],[-114.141566,43.772113],[-114.142407,43.774368],[-114.14798,43.775205],[-114.150139,43.776063],[-114.153069,43.77627],[-114.156028,43.77592],[-114.159001,43.774499],[-114.160124,43.774529],[-114.163889,43.776333],[-114.16501,43.776436],[-114.166518,43.778809],[-114.171076,43.780217],[-114.171012,43.782629],[-114.17338,43.785232],[-114.176298,43.786557],[-114.180502,43.790068],[-114.181939,43.790042],[-114.184153,43.78908],[-114.188821,43.788816],[-114.190972,43.789397],[-114.195425,43.789586],[-114.202207,43.792691],[-114.204096,43.793855],[-114.205653,43.797735],[-114.209721,43.798062],[-114.213703,43.799171],[-114.21666,43.800587],[-114.218922,43.802254],[-114.221036,43.802618],[-114.222154,43.80466],[-114.225722,43.806217],[-114.228975,43.806076],[-114.235791,43.808267],[-114.238311,43.810422],[-114.24162,43.810776],[-114.242681,43.811755],[-114.243137,43.813459],[-114.246455,43.815053],[-114.249165,43.819223],[-114.252047,43.820788],[-114.254881,43.820284],[-114.25672,43.820604],[-114.260666,43.823354],[-114.263028,43.825856],[-114.266087,43.828002],[-114.268303,43.830618],[-114.271023,43.829537],[-114.275725,43.831138],[-114.276938,43.833907],[-114.277947,43.834292],[-114.27777,43.836219],[-114.279152,43.83916],[-114.279642,43.843412],[-114.278948,43.846237],[-114.277996,43.847401],[-114.276125,43.851773],[-114.27716,43.852274],[-114.279621,43.855226],[-114.280481,43.85729],[-114.283485,43.861064],[-114.28257,43.862408],[-114.282817,43.86562],[-114.281973,43.866616],[-114.282086,43.870504],[-114.282553,43.87183],[-114.281256,43.875084],[-114.278814,43.878849],[-114.282856,43.881694],[-114.285074,43.88384],[-114.287778,43.884328],[-114.289365,43.885558],[-114.292484,43.887062],[-114.298783,43.88683],[-114.300808,43.886168],[-114.304818,43.886382],[-114.30589,43.885575],[-114.310059,43.885485],[-114.31297,43.885874],[-114.315982,43.88808],[-114.321859,43.88602],[-114.323514,43.885853],[-114.325894,43.886681],[-114.332393,43.886962],[-114.33578,43.888798],[-114.341624,43.889609],[-114.343532,43.890279],[-114.344235,43.88847],[-114.347875,43.885539],[-114.351397,43.885198],[-114.352362,43.884445],[-114.352563,43.878438],[-114.35407,43.876453],[-114.356651,43.874193],[-114.359293,43.874177],[-114.361175,43.875271],[-114.363838,43.8759],[-114.366845,43.877657],[-114.37053,43.879219],[-114.372289,43.881423],[-114.376783,43.881918],[-114.380909,43.882769],[-114.385305,43.88462],[-114.38845,43.884274],[-114.390799,43.88635],[-114.391785,43.887855],[-114.396063,43.88963],[-114.398035,43.891357],[-114.400696,43.891128],[-114.404506,43.892439],[-114.410002,43.895651],[-114.408955,43.901431],[-114.410056,43.902459],[-114.412623,43.903206],[-114.414887,43.90481],[-114.415891,43.908526],[-114.417115,43.909578],[-114.417247,43.911781]]]}},{"type":"Feature","properties":{"fips":"16000","lea_geoid":"1600240","district_name":"Bear Lake County School District 33","state_fips":"16","state_abbr":"ID","county_name":"","county_fips":"000"},"geometry":{"type":"Polygon","coordinates":[[[-111.634519,42.570342],[-111.630098,42.57234],[-111.628605,42.573588],[-111.627745,42.575545],[-111.625112,42.576753],[-111.620987,42.576892],[-111.618937,42.578214],[-111.61773,42.580035],[-111.61763,42.583037],[-111.614154,42.583625],[-111.610039,42.584923],[-111.604581,42.587346],[-111.603122,42.590274],[-111.603241,42.580001],[-111.603055,42.576537],[-111.582876,42.575769],[-111.583154,42.5326],[-111.575366,42.532517],[-111.525278,42.532669],[-111.525215,42.561271],[-111.524932,42.561401],[-111.496387,42.561404],[-111.493997,42.561555],[-111.486834,42.561269],[-111.481654,42.561432],[-111.466067,42.56132],[-111.46634,42.590126],[-111.368062,42.590294],[-111.367926,42.598584],[-111.36749,42.596707],[-111.367808,42.593862],[-111.363519,42.588648],[-111.359641,42.587282],[-111.356809,42.588385],[-111.355057,42.586436],[-111.350606,42.586166],[-111.349158,42.585699],[-111.343703,42.58571],[-111.340223,42.586148],[-111.339499,42.583624],[-111.338396,42.582367],[-111.339548,42.580715],[-111.339668,42.579049],[-111.341331,42.576518],[-111.340938,42.575099],[-111.341832,42.5739],[-111.341752,42.571036],[-111.338654,42.570429],[-111.335925,42.566573],[-111.331223,42.56719],[-111.329541,42.566164],[-111.326819,42.563263],[-111.322882,42.562558],[-111.318685,42.561287],[-111.316681,42.560004],[-111.314366,42.561105],[-111.311656,42.56064],[-111.308626,42.560886],[-111.305386,42.55997],[-111.300626,42.559332],[-111.299838,42.559882],[-111.296925,42.559477],[-111.295908,42.559267],[-111.29228,42.556539],[-111.284682,42.554847],[-111.279388,42.552861],[-111.277788,42.555292],[-111.278376,42.557199],[-111.276839,42.559581],[-111.273366,42.561359],[-111.268465,42.568294],[-111.264498,42.571701],[-111.263361,42.57358],[-111.261238,42.574634],[-111.262984,42.575869],[-111.264089,42.57801],[-111.262104,42.581301],[-111.258057,42.585174],[-111.253876,42.587754],[-111.251781,42.590839],[-111.251065,42.594384],[-111.249012,42.59696],[-111.24851,42.600586],[-111.247228,42.602687],[-111.245747,42.603352],[-111.242455,42.60303],[-111.241099,42.602457],[-111.241149,42.598886],[-111.24215,42.591976],[-111.239051,42.589979],[-111.238982,42.588979],[-111.240774,42.585043],[-111.237799,42.583168],[-111.237634,42.581953],[-111.235231,42.580633],[-111.230501,42.579847],[-111.231885,42.576902],[-111.23139,42.575304],[-111.227382,42.573468],[-111.222382,42.572643],[-111.222218,42.571763],[-111.223615,42.569034],[-111.224582,42.564803],[-111.225861,42.56289],[-111.225275,42.561364],[-111.22648,42.558313],[-111.22614,42.556909],[-111.227692,42.552304],[-111.228082,42.548731],[-111.227925,42.545252],[-111.227277,42.544348],[-111.227836,42.538768],[-111.229377,42.535825],[-111.232148,42.52852],[-111.231689,42.526134],[-111.236101,42.517224],[-111.236267,42.51181],[-111.237085,42.511043],[-111.236714,42.509112],[-111.238318,42.507582],[-111.240569,42.506722],[-111.243008,42.504474],[-111.246868,42.503277],[-111.248927,42.501229],[-111.249364,42.499224],[-111.248946,42.495291],[-111.246762,42.492745],[-111.245279,42.492226],[-111.243261,42.487167],[-111.241195,42.485084],[-111.237195,42.48285],[-111.236089,42.479759],[-111.234827,42.478329],[-111.233382,42.479048],[-111.230676,42.478572],[-111.228728,42.477309],[-111.226425,42.478294],[-111.223337,42.478663],[-111.22083,42.479546],[-111.216321,42.479127],[-111.209431,42.479049],[-111.202034,42.480823],[-111.198439,42.479669],[-111.197139,42.48026],[-111.19501,42.478737],[-111.191028,42.478744],[-111.189298,42.479367],[-111.182704,42.475803],[-111.180258,42.475614],[-111.176788,42.4781],[-111.174019,42.477767],[-111.171658,42.476905],[-111.171174,42.4732],[-111.169759,42.474013],[-111.168737,42.47673],[-111.167708,42.477065],[-111.163585,42.476044],[-111.162325,42.477453],[-111.161986,42.480076],[-111.160896,42.481794],[-111.160392,42.486036],[-111.159373,42.490612],[-111.156346,42.490281],[-111.154344,42.488338],[-111.151384,42.488809],[-111.149062,42.490765],[-111.145736,42.488392],[-111.144038,42.486058],[-111.137988,42.487542],[-111.131864,42.484069],[-111.130892,42.481404],[-111.126966,42.481787],[-111.122527,42.483795],[-111.121049,42.485031],[-111.12028,42.486941],[-111.115774,42.4879],[-111.114168,42.489905],[-111.109793,42.491571],[-111.107088,42.491479],[-111.104384,42.491626],[-111.103866,42.490149],[-111.101612,42.490201],[-111.098781,42.491397],[-111.095626,42.491348],[-111.095301,42.489301],[-111.090988,42.490212],[-111.089766,42.491355],[-111.087009,42.49169],[-111.081014,42.493506],[-111.073257,42.492098],[-111.071673,42.492256],[-111.07276,42.496756],[-111.066373,42.49794],[-111.062858,42.500817],[-111.063143,42.505705],[-111.066734,42.508935],[-111.061879,42.510228],[-111.057778,42.510822],[-111.056602,42.5102],[-111.05235,42.5114],[-111.050107,42.51123],[-111.047879,42.511915],[-111.046710501596,42.5139239264854],[-111.046801,42.504946],[-111.046903383955,42.447873],[-111.046987731513,42.4008542246723],[-111.047079914656,42.3494675743784],[-111.04708,42.34942],[-111.047074,42.280787],[-111.047097,42.194773],[-111.047058,42.182672],[-111.047107,42.148971],[-111.047109,42.142497],[-111.046714,42.001702],[-111.176285,42.001443],[-111.28269,42.001276],[-111.299958972868,42.0012338768405],[-111.316717,42.001193],[-111.448967,42.000228],[-111.478016,41.9996],[-111.50780068982,41.9995408086528],[-111.507805977738,41.9995407981441],[-111.508381,42.004078],[-111.507836,42.007845],[-111.509251,42.008983],[-111.50954,42.013129],[-111.51104,42.016907],[-111.509459,42.019038],[-111.508398,42.02233],[-111.510409,42.02461],[-111.509794,42.028998],[-111.511655,42.033826],[-111.507931,42.035774],[-111.508224,42.040537],[-111.509507,42.041054],[-111.512153,42.044096],[-111.513643,42.046521],[-111.51411,42.048802],[-111.512136,42.049959],[-111.511852,42.054342],[-111.510977,42.056922],[-111.511891,42.059156],[-111.513683,42.059436],[-111.51664,42.061328],[-111.517067,42.062978],[-111.515515,42.06448],[-111.515292,42.06853],[-111.518117,42.069855],[-111.521015,42.072269],[-111.521577,42.074437],[-111.526728,42.074674],[-111.53177,42.077008],[-111.537119,42.077148],[-111.539791,42.075046],[-111.541453,42.076038],[-111.548692,42.077336],[-111.551845,42.079465],[-111.552249,42.0818],[-111.557841,42.084583],[-111.561416,42.083686],[-111.566592,42.083063],[-111.572367,42.084939],[-111.575847,42.087637],[-111.57728,42.090544],[-111.581004,42.094801],[-111.581471,42.094044],[-111.584789,42.092884],[-111.587281,42.092538],[-111.592218,42.093606],[-111.594263,42.093456],[-111.595743,42.09421],[-111.599116,42.099006],[-111.598888,42.101961],[-111.600377,42.103908],[-111.600598,42.10696],[-111.598062,42.109324],[-111.596787,42.109857],[-111.59553,42.112386],[-111.593873,42.113115],[-111.593566,42.114544],[-111.594475,42.115773],[-111.593549,42.119547],[-111.590938,42.120993],[-111.590391,42.124089],[-111.59137,42.126183],[-111.590948,42.129044],[-111.592125,42.131659],[-111.589773,42.133437],[-111.589081,42.134796],[-111.589798,42.136152],[-111.588725,42.137824],[-111.588534,42.140124],[-111.587205,42.141976],[-111.590241,42.142523],[-111.593669,42.146093],[-111.596377,42.148128],[-111.597094,42.149367],[-111.601079,42.150868],[-111.602758,42.152287],[-111.606096,42.15308],[-111.607963,42.154119],[-111.609167,42.156139],[-111.610644,42.15649],[-111.612908,42.162199],[-111.613387,42.169217],[-111.612426,42.171969],[-111.613469,42.173724],[-111.613948,42.176914],[-111.615814,42.184339],[-111.617369,42.186141],[-111.622024,42.18772],[-111.623233,42.188153],[-111.625681,42.190675],[-111.625997,42.196775],[-111.625706,42.199727],[-111.624978,42.20066],[-111.625672,42.20273],[-111.625506,42.205086],[-111.626104,42.207542],[-111.624668,42.211508],[-111.622443,42.21338],[-111.618657,42.219642],[-111.615923,42.221989],[-111.615621,42.223895],[-111.613607,42.22777],[-111.614459,42.22972],[-111.614298,42.232958],[-111.613217,42.233869],[-111.6128,42.237064],[-111.613769,42.237919],[-111.614885,42.240584],[-111.614131,42.242253],[-111.614485,42.245683],[-111.612134,42.248463],[-111.609912,42.250283],[-111.603514,42.249975],[-111.599631,42.248482],[-111.597171,42.249179],[-111.597663,42.25059],[-111.596606,42.254117],[-111.596555,42.256192],[-111.595162,42.257561],[-111.591235,42.262917],[-111.588237,42.264882],[-111.584315,42.265351],[-111.580938,42.266496],[-111.578262,42.268509],[-111.573972,42.269534],[-111.572127,42.271304],[-111.566628,42.273574],[-111.564648,42.273305],[-111.562195,42.276792],[-111.565518,42.278533],[-111.568409,42.278902],[-111.574326,42.280205],[-111.578403,42.28052],[-111.579936,42.28323],[-111.580275,42.28517],[-111.582911,42.285592],[-111.586462,42.287916],[-111.587515,42.29072],[-111.587219,42.293392],[-111.583346,42.294531],[-111.584498,42.297648],[-111.58485,42.301028],[-111.586274,42.303655],[-111.585052,42.306854],[-111.582534,42.308821],[-111.582128,42.310014],[-111.585294,42.315575],[-111.589447,42.320269],[-111.589009,42.321514],[-111.590076,42.322391],[-111.589039,42.324751],[-111.5861,42.326392],[-111.581907,42.326656],[-111.580014,42.328089],[-111.578011,42.32832],[-111.574707,42.330642],[-111.573183,42.332599],[-111.572029,42.332844],[-111.568424,42.332006],[-111.567081,42.332612],[-111.568767,42.334436],[-111.572709,42.336988],[-111.570151,42.338243],[-111.569712,42.33941],[-111.567532,42.339873],[-111.56459,42.343596],[-111.562884,42.344475],[-111.560336,42.346962],[-111.559832,42.34816],[-111.555711,42.350702],[-111.552151,42.351386],[-111.552416,42.352245],[-111.555838,42.354182],[-111.558108,42.356504],[-111.558189,42.358507],[-111.559103,42.360074],[-111.559008,42.363794],[-111.560534,42.364629],[-111.562687,42.365582],[-111.565599,42.36781],[-111.570999,42.368022],[-111.572552,42.367164],[-111.57466,42.367582],[-111.576031,42.37019],[-111.57824,42.372095],[-111.578519,42.375131],[-111.582125,42.375829],[-111.582349,42.379209],[-111.57986,42.381275],[-111.579814,42.38318],[-111.582951,42.38655],[-111.584151,42.390142],[-111.584179,42.394229],[-111.585375,42.39354],[-111.590256,42.393038],[-111.599139,42.390754],[-111.599358,42.396949],[-111.599834,42.399612],[-111.598699,42.400984],[-111.600264,42.404234],[-111.600409,42.405999],[-111.603805,42.408413],[-111.603598,42.411677],[-111.599282,42.412867],[-111.599227,42.415395],[-111.597806,42.420026],[-111.596652,42.420385],[-111.594938,42.422731],[-111.595116,42.424635],[-111.592896,42.424478],[-111.586278,42.425421],[-111.583656,42.427006],[-111.582642,42.428583],[-111.579764,42.429908],[-111.580419,42.431692],[-111.582875,42.432968],[-111.584236,42.434726],[-111.583107,42.437208],[-111.582177,42.440978],[-111.584319,42.443493],[-111.5837,42.445545],[-111.582742,42.44636],[-111.584434,42.448162],[-111.5875,42.452816],[-111.589333,42.456192],[-111.58922,42.457814],[-111.591762,42.461183],[-111.593577,42.462601],[-111.595572,42.469408],[-111.597604,42.473211],[-111.597432,42.47545],[-111.598347,42.476873],[-111.597799,42.480217],[-111.597945,42.481927],[-111.602471,42.484002],[-111.603844,42.486188],[-111.603045,42.490145],[-111.603294,42.491135],[-111.607071,42.493654],[-111.606315,42.495324],[-111.606625,42.500847],[-111.607688,42.50333],[-111.609219,42.504927],[-111.608723,42.506483],[-111.610232,42.509789],[-111.612093,42.511484],[-111.616005,42.514008],[-111.617878,42.516176],[-111.621822,42.51838],[-111.622495,42.521098],[-111.624344,42.522619],[-111.625745,42.530329],[-111.625373,42.531763],[-111.626119,42.535569],[-111.62971,42.540272],[-111.630266,42.544223],[-111.631816,42.546785],[-111.630388,42.549941],[-111.630794,42.551888],[-111.630062,42.553333],[-111.631555,42.557035],[-111.632789,42.557884],[-111.634164,42.560024],[-111.634383,42.562545],[-111.632657,42.565031],[-111.63358,42.565935],[-111.634519,42.570342]]]}},{"type":"Feature","properties":{"fips":"16000","lea_geoid":"1600090","district_name":"Arbon Elementary School District 383","state_fips":"16","state_abbr":"ID","county_name":"","county_fips":"000"},"geometry":{"type":"Polygon","coordinates":[[[-112.653935,42.587765],[-112.653937,42.588459],[-112.536013,42.588523],[-112.53544,42.746187],[-112.534712,42.750001],[-112.534837,42.760141],[-112.497079,42.75996],[-112.49691,42.733013],[-112.457753,42.732965],[-112.457728,42.718649],[-112.457519,42.696761],[-112.437936,42.696782],[-112.437514,42.675077],[-112.418027,42.675126],[-112.418042,42.646234],[-112.37967,42.646273],[-112.37967,42.646142],[-112.37967,42.624494],[-112.389418,42.624382],[-112.389812,42.599314],[-112.389482,42.588171],[-112.386106,42.588152],[-112.386177,42.571779],[-112.390998,42.571761],[-112.391028,42.568179],[-112.415556,42.568187],[-112.415572,42.557272],[-112.419845,42.557301],[-112.419825,42.503038],[-112.498139,42.502967],[-112.497849,42.415998],[-112.510314,42.41603],[-112.653989,42.416169],[-112.653935,42.587765]]]}},{"type":"Feature","properties":{"fips":"16000","lea_geoid":"1601440","district_name":"Highland Joint School District 305","state_fips":"16","state_abbr":"ID","county_name":"","county_fips":"000"},"geometry":{"type":"Polygon","coordinates":[[[-116.744402,46.179999],[-116.702745,46.179767],[-116.702752,46.1816],[-116.702543,46.237792],[-116.694641,46.237836],[-116.690291,46.240691],[-116.685318,46.241615],[-116.683395,46.242955],[-116.684257,46.246533],[-116.683783,46.249631],[-116.684912,46.254454],[-116.686637,46.256582],[-116.68765,46.25954],[-116.68941,46.260823],[-116.690402,46.263983],[-116.693183,46.270404],[-116.695872,46.272444],[-116.695321,46.275313],[-116.697286,46.278395],[-116.697902,46.280816],[-116.681943,46.281075],[-116.681685,46.295459],[-116.671534,46.295459],[-116.67168,46.309943],[-116.661127,46.309941],[-116.661028,46.325328],[-116.641306,46.325267],[-116.640621,46.344895],[-116.640621,46.348022],[-116.629934,46.347958],[-116.630164,46.340292],[-116.610132,46.340302],[-116.609202,46.340315],[-116.608386,46.339242],[-116.606791,46.337571],[-116.604518,46.335693],[-116.599707,46.333083],[-116.594865,46.331],[-116.594866,46.325477],[-116.592984,46.32549],[-116.593291,46.319813],[-116.592991,46.296455],[-116.589051,46.296329],[-116.577445,46.296515],[-116.576989,46.299574],[-116.577194,46.318375],[-116.571926,46.318291],[-116.572279,46.325625],[-116.573716,46.325618],[-116.573233,46.329258],[-116.561967,46.329348],[-116.558103,46.329151],[-116.557823,46.339941],[-116.563951,46.339667],[-116.592945,46.339955],[-116.59319,46.369347],[-116.598355,46.369511],[-116.59838,46.376822],[-116.591361,46.37709],[-116.547328,46.376509],[-116.547599,46.398571],[-116.552494,46.398513],[-116.552786,46.410071],[-116.536743,46.410328],[-116.536435,46.406363],[-116.505324,46.406667],[-116.505213,46.409427],[-116.501929,46.409668],[-116.49423,46.409692],[-116.494341,46.406563],[-116.473385,46.406958],[-116.474209,46.428218],[-116.48394,46.427968],[-116.484022,46.435232],[-116.468927,46.435143],[-116.469297,46.446171],[-116.464406,46.446063],[-116.464387,46.449346],[-116.452905,46.449336],[-116.453098,46.456857],[-116.426596,46.45703],[-116.42718,46.442634],[-116.410566,46.442226],[-116.410774,46.434892],[-116.394652,46.434975],[-116.392419,46.433167],[-116.389973,46.432112],[-116.387396,46.429866],[-116.384972,46.42895],[-116.382931,46.427134],[-116.38279,46.425556],[-116.379454,46.424836],[-116.378789,46.424034],[-116.374977,46.4222],[-116.372676,46.420011],[-116.369676,46.418867],[-116.368851,46.417847],[-116.367947,46.416374],[-116.369671,46.412325],[-116.369402,46.410608],[-116.371563,46.408381],[-116.36953,46.403144],[-116.367625,46.401921],[-116.367976,46.4001],[-116.364506,46.396548],[-116.365215,46.395554],[-116.364799,46.393235],[-116.362826,46.392527],[-116.362898,46.391448],[-116.364604,46.389646],[-116.361808,46.387383],[-116.362828,46.383555],[-116.361703,46.381426],[-116.362353,46.376976],[-116.361452,46.373888],[-116.36027,46.372175],[-116.362171,46.371154],[-116.362506,46.369531],[-116.361067,46.368388],[-116.360462,46.36597],[-116.361398,46.363725],[-116.360239,46.362382],[-116.360637,46.361079],[-116.364124,46.358687],[-116.36185,46.35556],[-116.362274,46.354689],[-116.347684,46.353939],[-116.347801,46.31104],[-116.357237,46.311023],[-116.357146,46.288486],[-116.357395,46.26683],[-116.347192,46.26667],[-116.348042,46.252876],[-116.347942,46.223596],[-116.359704,46.223568],[-116.359575,46.221229],[-116.35945,46.185013],[-116.361722,46.184695],[-116.364362,46.185147],[-116.366771,46.18489],[-116.370161,46.183256],[-116.37184,46.184683],[-116.373653,46.185048],[-116.376925,46.186685],[-116.379629,46.188675],[-116.383137,46.187708],[-116.385825,46.18797],[-116.387427,46.190318],[-116.389529,46.190061],[-116.391168,46.188501],[-116.3933,46.187896],[-116.394734,46.1884],[-116.396054,46.190052],[-116.398845,46.190336],[-116.404772,46.192308],[-116.40694,46.193805],[-116.410559,46.195007],[-116.413917,46.198077],[-116.420449,46.20151],[-116.42374,46.201669],[-116.427606,46.202547],[-116.430055,46.201981],[-116.433827,46.199519],[-116.435288,46.199206],[-116.437328,46.197596],[-116.442062,46.196041],[-116.444556,46.196027],[-116.44817,46.196957],[-116.450163,46.196324],[-116.454117,46.192032],[-116.45358,46.190816],[-116.45482,46.186868],[-116.454735,46.185015],[-116.457512,46.179773],[-116.456912,46.176722],[-116.457446,46.174355],[-116.460304,46.173012],[-116.461382,46.171394],[-116.46366,46.169741],[-116.463256,46.165498],[-116.464638,46.164415],[-116.465702,46.160655],[-116.468448,46.160163],[-116.471648,46.155203],[-116.473876,46.152814],[-116.474543,46.150592],[-116.473637,46.148947],[-116.476614,46.147974],[-116.477106,46.146992],[-116.479865,46.1451],[-116.480542,46.142389],[-116.478233,46.140115],[-116.478746,46.13657],[-116.480608,46.135229],[-116.480172,46.134292],[-116.478448,46.13365],[-116.476566,46.131656],[-116.476614,46.129344],[-116.474614,46.128123],[-116.475164,46.12605],[-116.477568,46.122927],[-116.462586,46.119056],[-116.462751,46.110863],[-116.472979,46.110899],[-116.472995,46.110634],[-116.472947,46.106944],[-116.473087,46.103291],[-116.483498,46.103093],[-116.483499,46.093026],[-116.483216,46.088403],[-116.488412,46.088288],[-116.4884,46.084869],[-116.504033,46.084905],[-116.50416,46.081376],[-116.511931,46.081481],[-116.513833,46.080482],[-116.514572,46.081066],[-116.514461,46.050594],[-116.516683,46.046602],[-116.516771,46.044308],[-116.515597,46.041664],[-116.514751,46.038206],[-116.518202,46.034174],[-116.535344,46.03418],[-116.535451,46.026813],[-116.556193,46.026931],[-116.556306,46.013529],[-116.557084,46.00809],[-116.56199,46.012631],[-116.5634,46.013043],[-116.564849,46.016098],[-116.568034,46.017811],[-116.570483,46.019886],[-116.571531,46.02007],[-116.574201,46.022618],[-116.576196,46.02306],[-116.578949,46.025484],[-116.579908,46.027753],[-116.581034,46.028457],[-116.586133,46.029149],[-116.58764,46.030402],[-116.590158,46.030415],[-116.59394,46.032178],[-116.597183,46.032833],[-116.599595,46.033845],[-116.605953,46.034544],[-116.607675,46.035119],[-116.609409,46.034856],[-116.610651,46.033332],[-116.614823,46.033181],[-116.615093,46.032745],[-116.61962,46.036653],[-116.624947,46.037668],[-116.628897,46.036562],[-116.630456,46.03709],[-116.635187,46.036687],[-116.638977,46.03602],[-116.646147,46.032164],[-116.648516,46.030597],[-116.649214,46.028433],[-116.648096,46.026787],[-116.647733,46.024739],[-116.647438,46.017449],[-116.644405,46.010632],[-116.643088,46.006309],[-116.64323,46.003286],[-116.644607,46.000459],[-116.646396,45.998538],[-116.646383,45.997373],[-116.647644,45.995708],[-116.649832,45.995537],[-116.651408,45.994263],[-116.657575,45.992024],[-116.662595,45.991626],[-116.66658,45.994541],[-116.672478,45.996666],[-116.675006,45.996671],[-116.68381,45.998721],[-116.686746,45.999106],[-116.691704,45.998525],[-116.697165,45.999611],[-116.699081,45.999214],[-116.701819,45.996381],[-116.701934,45.997253],[-116.701581,46.063717],[-116.704296,46.063824],[-116.702665,46.12303],[-116.744129,46.122597],[-116.744405,46.17964],[-116.744402,46.179999]]]}},{"type":"Feature","properties":{"fips":"16000","lea_geoid":"1601620","district_name":"Kamiah Joint School District 304","state_fips":"16","state_abbr":"ID","county_name":"","county_fips":"000"},"geometry":{"type":"Polygon","coordinates":[[[-116.186152,46.173757],[-116.186258,46.178197],[-116.184537,46.178638],[-116.180055,46.182693],[-116.175987,46.184211],[-116.175594,46.185567],[-116.171477,46.186333],[-116.167236,46.187801],[-116.165231,46.19042],[-116.165437,46.192123],[-116.162993,46.193262],[-116.162921,46.195643],[-116.15802,46.201183],[-116.154885,46.203251],[-116.155104,46.204632],[-116.153848,46.205791],[-116.14911,46.20888],[-116.148979,46.209771],[-116.149184,46.224024],[-116.121453,46.224219],[-116.096967,46.224396],[-116.096892,46.252582],[-116.136616,46.252522],[-116.138429,46.252907],[-116.138752,46.289348],[-116.141038,46.289305],[-116.149159,46.289387],[-116.14905,46.296234],[-116.159563,46.296203],[-116.158556,46.303386],[-116.153574,46.304826],[-116.146105,46.300868],[-116.143113,46.300533],[-116.140429,46.301141],[-116.138831,46.300887],[-116.133527,46.301494],[-116.127391,46.30128],[-116.128475,46.305206],[-116.129787,46.306974],[-116.131826,46.308421],[-116.134631,46.313611],[-116.136185,46.317506],[-116.139035,46.322027],[-116.141172,46.326022],[-116.142319,46.329575],[-116.145427,46.333098],[-116.147399,46.334472],[-116.148007,46.337429],[-116.14942,46.33944],[-116.151206,46.340052],[-116.152208,46.341434],[-116.152365,46.344654],[-116.153309,46.348068],[-116.155541,46.350537],[-116.160575,46.352987],[-116.164455,46.357123],[-116.166386,46.36326],[-116.16687,46.367595],[-116.168157,46.37005],[-116.170272,46.371588],[-116.16501,46.372549],[-116.161454,46.372097],[-116.156676,46.370941],[-116.153729,46.370893],[-116.15027,46.369472],[-116.148102,46.369338],[-116.144244,46.367398],[-116.142294,46.362333],[-116.137828,46.360105],[-116.134058,46.356794],[-116.132466,46.354431],[-116.131005,46.354186],[-116.12267,46.354898],[-116.118563,46.357963],[-116.113393,46.363983],[-116.108696,46.364104],[-116.103013,46.362414],[-116.101959,46.361736],[-116.093381,46.360409],[-116.08974,46.359154],[-116.086013,46.360945],[-116.081959,46.361555],[-116.076088,46.361988],[-116.072226,46.360623],[-116.068442,46.360611],[-116.065609,46.359351],[-116.062217,46.35861],[-116.060587,46.356959],[-116.057549,46.356022],[-116.053104,46.355522],[-116.051959,46.353008],[-116.048787,46.352666],[-116.045502,46.350025],[-116.042779,46.348499],[-116.038657,46.34689],[-116.039788,46.343757],[-116.03931,46.341536],[-116.03577,46.340703],[-116.033095,46.34078],[-116.032884,46.337112],[-116.032255,46.335772],[-116.027945,46.332636],[-116.023634,46.327375],[-116.021299,46.325556],[-116.014652,46.318468],[-116.01242,46.316604],[-116.008526,46.31528],[-116.007129,46.314181],[-116.005911,46.311322],[-116.004605,46.310538],[-116.001439,46.310083],[-116.000039,46.309316],[-115.999438,46.30652],[-115.992092,46.304231],[-115.989571,46.302888],[-115.985108,46.301491],[-115.983424,46.300232],[-115.980767,46.299668],[-115.980712,46.295953],[-115.978704,46.294389],[-115.976614,46.294601],[-115.975226,46.293906],[-115.972558,46.294657],[-115.968716,46.293762],[-115.966107,46.291963],[-115.960657,46.291365],[-115.959385,46.289591],[-115.957268,46.288931],[-115.951692,46.291518],[-115.945792,46.291806],[-115.942873,46.29235],[-115.940598,46.291779],[-115.938055,46.292483],[-115.934868,46.290699],[-115.933009,46.290422],[-115.929529,46.288711],[-115.928219,46.290411],[-115.925376,46.290277],[-115.923054,46.290962],[-115.918738,46.290383],[-115.917985,46.290947],[-115.91536,46.290295],[-115.905652,46.290725],[-115.903613,46.289995],[-115.900648,46.290973],[-115.897452,46.290219],[-115.896233,46.288647],[-115.894538,46.288044],[-115.892564,46.288611],[-115.887852,46.286241],[-115.886977,46.28659],[-115.886265,46.284677],[-115.881365,46.284467],[-115.879613,46.283774],[-115.877829,46.284392],[-115.875881,46.283481],[-115.871617,46.284388],[-115.86592,46.282626],[-115.864205,46.280903],[-115.860168,46.280576],[-115.858795,46.281429],[-115.857204,46.280774],[-115.853843,46.281984],[-115.851056,46.281702],[-115.848474,46.282552],[-115.847589,46.280473],[-115.84316,46.27782],[-115.838674,46.278755],[-115.837286,46.278353],[-115.837722,46.27626],[-115.835868,46.274862],[-115.832868,46.274625],[-115.829488,46.273355],[-115.82769,46.271802],[-115.824617,46.272665],[-115.823267,46.273924],[-115.820879,46.273723],[-115.8192,46.271341],[-115.815437,46.268867],[-115.815782,46.266999],[-115.814741,46.265755],[-115.813149,46.266444],[-115.806838,46.26719],[-115.808248,46.26909],[-115.805847,46.269933],[-115.806808,46.271823],[-115.805283,46.272433],[-115.80361,46.272202],[-115.80304,46.270704],[-115.799108,46.268588],[-115.797624,46.267264],[-115.794021,46.266209],[-115.790182,46.26719],[-115.790109,46.268179],[-115.787705,46.268788],[-115.780818,46.26725],[-115.778831,46.267351],[-115.777175,46.270863],[-115.774598,46.272353],[-115.773802,46.27379],[-115.775068,46.274088],[-115.774868,46.276239],[-115.775949,46.277976],[-115.773458,46.280142],[-115.771076,46.280511],[-115.76848,46.281957],[-115.765546,46.282496],[-115.764154,46.194099],[-115.764958,46.193096],[-115.891404,46.193443],[-115.891139,46.207762],[-115.912579,46.208081],[-115.912394,46.211682],[-115.922677,46.211682],[-115.922578,46.208196],[-115.927607,46.208251],[-115.94329,46.208055],[-115.943342,46.200448],[-115.943392,46.19371],[-115.953849,46.193924],[-115.953684,46.201199],[-115.994651,46.201341],[-115.994548,46.186728],[-116.006074,46.187029],[-116.013349,46.187078],[-116.01381,46.168802],[-116.014616,46.156208],[-116.013196,46.149613],[-116.013992,46.136351],[-116.014525,46.095255],[-116.034874,46.09515],[-116.055957,46.095045],[-116.056108,46.111251],[-116.055847,46.128335],[-116.077042,46.12823],[-116.07689,46.120937],[-116.097463,46.120728],[-116.097414,46.112761],[-116.097483,46.106374],[-116.092779,46.106356],[-116.092887,46.098976],[-116.113765,46.099051],[-116.113711,46.102679],[-116.108229,46.10288],[-116.107924,46.106397],[-116.103136,46.106365],[-116.103029,46.120819],[-116.118674,46.120819],[-116.118678,46.131819],[-116.113543,46.131819],[-116.113479,46.150055],[-116.138711,46.150318],[-116.138742,46.157601],[-116.133602,46.157601],[-116.13349,46.17216],[-116.143568,46.172279],[-116.143568,46.179529],[-116.139597,46.179448],[-116.138659,46.179447],[-116.138545,46.180394],[-116.13823,46.18066],[-116.138366,46.183354],[-116.148963,46.183265],[-116.148834,46.17219],[-116.163387,46.172258],[-116.164894,46.17069],[-116.187334,46.170836],[-116.186152,46.173757]]]}},{"type":"Feature","properties":{"fips":"16000","lea_geoid":"1601950","district_name":"Marsh Valley Joint School District 21","state_fips":"16","state_abbr":"ID","county_name":"","county_fips":"000"},"geometry":{"type":"Polygon","coordinates":[[[-112.457728,42.718649],[-112.41392,42.718997],[-112.301552,42.718889],[-112.302051,42.761541],[-112.30229,42.763721],[-112.302071,42.764742],[-112.301935,42.793137],[-112.301864,42.807766],[-112.302213,42.809149],[-112.304166,42.810363],[-112.304181,42.832941],[-112.330117,42.833081],[-112.341098,42.833394],[-112.340856,42.847479],[-112.339212,42.847464],[-112.338974,42.86204],[-112.301945,42.861826],[-112.30176,42.876588],[-112.301273,42.889141],[-112.300946,42.891314],[-112.300736,42.905303],[-112.300768,42.905779],[-112.250893,42.905453],[-112.136509,42.905785],[-112.138064,42.904122],[-112.144916,42.903968],[-112.147416,42.903511],[-112.148182,42.900761],[-112.149649,42.89809],[-112.149835,42.895558],[-112.147831,42.89404],[-112.147093,42.892366],[-112.144221,42.888495],[-112.140754,42.887067],[-112.137792,42.881351],[-112.136244,42.879651],[-112.136059,42.876702],[-112.13525,42.873186],[-112.136043,42.871845],[-112.1348,42.870876],[-112.134007,42.868952],[-112.134952,42.866453],[-112.135273,42.861691],[-112.135728,42.861087],[-112.135472,42.856632],[-112.135861,42.855115],[-112.133288,42.854468],[-112.131771,42.852958],[-112.13283,42.850794],[-112.135038,42.849072],[-112.1341,42.847643],[-112.134174,42.845746],[-112.133321,42.843204],[-112.129945,42.839636],[-112.125988,42.839247],[-112.123807,42.837416],[-112.124954,42.835826],[-112.123795,42.8326],[-112.120335,42.831008],[-112.121123,42.828052],[-112.121445,42.824545],[-112.119591,42.82206],[-112.119682,42.819916],[-112.12168,42.819313],[-112.12378,42.817489],[-112.124842,42.814242],[-112.123836,42.813391],[-112.126265,42.811751],[-112.126501,42.810461],[-112.134364,42.809807],[-112.138892,42.810391],[-112.140991,42.808314],[-112.141064,42.806433],[-112.139922,42.804099],[-112.1411,42.798407],[-112.143719,42.796517],[-112.145327,42.796028],[-112.144397,42.794236],[-112.144362,42.791872],[-112.145089,42.790664],[-112.143624,42.78785],[-112.140764,42.783633],[-112.140545,42.781376],[-112.139172,42.77793],[-112.139331,42.774888],[-112.139772,42.771828],[-112.14058,42.770055],[-112.1402,42.76701],[-112.141121,42.764331],[-112.141034,42.763093],[-112.138414,42.759454],[-112.138186,42.755877],[-112.137221,42.7526],[-112.13739,42.751265],[-112.135822,42.750376],[-112.133746,42.747381],[-112.132,42.746406],[-112.129282,42.742718],[-112.128188,42.739438],[-112.125688,42.737035],[-112.121095,42.736842],[-112.117228,42.730351],[-112.115906,42.729479],[-112.114986,42.727846],[-112.114292,42.725233],[-112.113831,42.72109],[-112.114298,42.718325],[-112.115612,42.715881],[-112.114859,42.713507],[-112.111753,42.709537],[-112.11165,42.707536],[-112.11002,42.706741],[-112.109042,42.702549],[-112.10588,42.699203],[-112.103516,42.698627],[-112.099391,42.697595],[-112.097177,42.696567],[-112.094656,42.696497],[-112.091452,42.698009],[-112.087943,42.698717],[-112.08493,42.698165],[-112.080454,42.700823],[-112.080153,42.702119],[-112.078056,42.703441],[-112.073547,42.704657],[-112.070128,42.704982],[-112.068588,42.705613],[-112.068117,42.708288],[-112.065255,42.71093],[-112.065162,42.713079],[-112.06153,42.716116],[-112.057274,42.718033],[-111.969449,42.718039],[-111.973373,42.715472],[-111.973872,42.714324],[-111.97115,42.709624],[-111.972102,42.704424],[-111.969431,42.703015],[-111.969536,42.701442],[-111.968342,42.699498],[-111.96898,42.698971],[-111.967767,42.696517],[-111.964779,42.69467],[-111.962132,42.694836],[-111.959452,42.692711],[-111.956824,42.689874],[-111.958098,42.68867],[-111.958763,42.68576],[-111.958584,42.682569],[-111.960469,42.679122],[-111.963761,42.67895],[-111.966081,42.674689],[-111.946381,42.674685],[-111.946466,42.63554],[-111.926874,42.635556],[-111.926903,42.632029],[-111.921924,42.632008],[-111.921837,42.617225],[-111.917594,42.617258],[-111.916927,42.617264],[-111.916946,42.58899],[-111.935934,42.589077],[-111.935844,42.524568],[-111.935026,42.52206],[-111.933653,42.520969],[-111.929842,42.51968],[-111.927761,42.515949],[-111.925573,42.516141],[-111.923175,42.514063],[-111.922041,42.513504],[-111.917848,42.512318],[-111.917615,42.509689],[-111.918154,42.507422],[-111.916999,42.505789],[-111.914638,42.50597],[-111.912164,42.505378],[-111.910483,42.503982],[-111.907186,42.502892],[-111.896759,42.502847],[-111.895183,42.502812],[-111.895002,42.488818],[-111.895169,42.467038],[-111.885128,42.466928],[-111.837517,42.467025],[-111.83656,42.419446],[-111.834143,42.419751],[-111.833727,42.416056],[-111.836377,42.416038],[-111.875636,42.416158],[-111.89532,42.416193],[-111.895062,42.329021],[-111.896786,42.314471],[-111.896738,42.263548],[-111.954457,42.263732],[-111.954553,42.256442],[-111.983916,42.256486],[-111.98377,42.271376],[-111.983968,42.273068],[-111.983848,42.28555],[-111.988279,42.285572],[-111.988217,42.292655],[-111.993709,42.292953],[-111.994062,42.296395],[-112.042075,42.296262],[-112.042249,42.285362],[-112.121306,42.285387],[-112.126194,42.285229],[-112.127083,42.287275],[-112.128424,42.288024],[-112.128581,42.289644],[-112.130414,42.29163],[-112.134358,42.293257],[-112.137805,42.295749],[-112.140788,42.293814],[-112.144177,42.293159],[-112.148285,42.293118],[-112.152355,42.294505],[-112.156013,42.294473],[-112.155866,42.296951],[-112.159115,42.299111],[-112.161047,42.299425],[-112.16071,42.302049],[-112.16113,42.303949],[-112.160255,42.305291],[-112.160956,42.308476],[-112.16364,42.311309],[-112.16491,42.313966],[-112.167381,42.314351],[-112.168924,42.315742],[-112.16895,42.317217],[-112.170499,42.317579],[-112.172155,42.320327],[-112.175301,42.323771],[-112.176461,42.323953],[-112.177137,42.325756],[-112.177051,42.327956],[-112.179033,42.330444],[-112.180353,42.332923],[-112.185897,42.337392],[-112.185879,42.339864],[-112.186801,42.341048],[-112.188778,42.346134],[-112.190707,42.347834],[-112.190113,42.348939],[-112.190656,42.350839],[-112.259281,42.350721],[-112.259253,42.342125],[-112.263059,42.337188],[-112.26369,42.334575],[-112.267904,42.330755],[-112.266579,42.328729],[-112.270504,42.327542],[-112.272647,42.326204],[-112.276046,42.321114],[-112.275651,42.318628],[-112.276765,42.317665],[-112.279899,42.316568],[-112.291247,42.316825],[-112.291822,42.317661],[-112.29494,42.318925],[-112.299054,42.322355],[-112.30194,42.323569],[-112.30236,42.324807],[-112.305058,42.326497],[-112.307578,42.326684],[-112.315299,42.322041],[-112.31598,42.322788],[-112.320779,42.323498],[-112.321859,42.323265],[-112.325033,42.32407],[-112.327102,42.323836],[-112.327208,42.326643],[-112.328686,42.329497],[-112.327951,42.331502],[-112.328639,42.333692],[-112.328297,42.337393],[-112.329839,42.339201],[-112.330699,42.343439],[-112.329014,42.345377],[-112.328868,42.347207],[-112.323783,42.351751],[-112.324062,42.353306],[-112.318653,42.357204],[-112.314628,42.36233],[-112.313563,42.364544],[-112.311552,42.365751],[-112.310007,42.365589],[-112.309231,42.366832],[-112.309595,42.369525],[-112.31042,42.370619],[-112.309655,42.37241],[-112.307251,42.375504],[-112.305427,42.376804],[-112.304747,42.379694],[-112.302841,42.38008],[-112.300558,42.383033],[-112.293857,42.386723],[-112.29369,42.391166],[-112.294077,42.395003],[-112.29119,42.395675],[-112.290791,42.397278],[-112.292203,42.40294],[-112.292398,42.406414],[-112.293856,42.408271],[-112.292903,42.409975],[-112.293417,42.410933],[-112.292243,42.416104],[-112.293491,42.417565],[-112.293846,42.419803],[-112.293131,42.421045],[-112.293652,42.422367],[-112.291002,42.425644],[-112.290785,42.427114],[-112.292816,42.429789],[-112.293185,42.432711],[-112.294319,42.433793],[-112.293987,42.435674],[-112.295313,42.437082],[-112.295454,42.440921],[-112.294617,42.442255],[-112.29562,42.442977],[-112.294452,42.446237],[-112.296959,42.449586],[-112.297244,42.453874],[-112.30022,42.454525],[-112.304803,42.456472],[-112.308297,42.456725],[-112.311034,42.455329],[-112.311968,42.452783],[-112.315777,42.452298],[-112.318192,42.451343],[-112.319926,42.449279],[-112.322168,42.449447],[-112.322716,42.450512],[-112.325027,42.450827],[-112.3279,42.449668],[-112.332906,42.449808],[-112.342931,42.447667],[-112.345757,42.449391],[-112.347708,42.452414],[-112.348014,42.454454],[-112.347101,42.457883],[-112.345948,42.458722],[-112.345984,42.466945],[-112.365464,42.467002],[-112.365495,42.474154],[-112.370456,42.474183],[-112.370458,42.481345],[-112.380208,42.481475],[-112.380254,42.48862],[-112.384503,42.488625],[-112.38445,42.499577],[-112.384498,42.503055],[-112.419825,42.503038],[-112.419845,42.557301],[-112.415572,42.557272],[-112.415556,42.568187],[-112.391028,42.568179],[-112.390998,42.571761],[-112.386177,42.571779],[-112.386106,42.588152],[-112.389482,42.588171],[-112.389812,42.599314],[-112.389418,42.624382],[-112.37967,42.624494],[-112.37967,42.646142],[-112.37967,42.646273],[-112.418042,42.646234],[-112.418027,42.675126],[-112.437514,42.675077],[-112.437936,42.696782],[-112.457519,42.696761],[-112.457728,42.718649]]]}},{"type":"Feature","properties":{"fips":"16000","lea_geoid":"1600139","district_name":"Mountain View School District 244","state_fips":"16","state_abbr":"ID","county_name":"","county_fips":"000"},"geometry":{"type":"Polygon","coordinates":[[[-116.790206,45.855216],[-116.785463,45.85693],[-116.780269,45.860372],[-116.77522,45.861533],[-116.771402,45.861546],[-116.768292,45.862305],[-116.765589,45.864528],[-116.762451,45.86655],[-116.759856,45.867572],[-116.75822,45.867475],[-116.752592,45.868367],[-116.750235,45.869287],[-116.745471,45.873595],[-116.743934,45.875587],[-116.743921,45.878302],[-116.741501,45.882128],[-116.73676,45.885833],[-116.730893,45.893321],[-116.730334,45.894533],[-116.73131,45.898755],[-116.729695,45.901154],[-116.729819,45.903772],[-116.734419,45.90476],[-116.736794,45.907526],[-116.735696,45.908932],[-116.7395,45.913157],[-116.742527,45.914353],[-116.746505,45.917555],[-116.748433,45.921081],[-116.749271,45.924631],[-116.75402,45.930953],[-116.754492,45.932311],[-116.753967,45.935092],[-116.755215,45.938621],[-116.757154,45.940175],[-116.757042,45.942103],[-116.755491,45.946093],[-116.753052,45.949024],[-116.753075,45.951454],[-116.749977,45.955777],[-116.749863,45.959516],[-116.748695,45.961518],[-116.745375,45.963081],[-116.744343,45.964772],[-116.743973,45.966883],[-116.741695,45.968911],[-116.738754,45.969545],[-116.734417,45.969534],[-116.730077,45.971638],[-116.730193,45.974383],[-116.728611,45.976546],[-116.725423,45.979065],[-116.724282,45.981774],[-116.719539,45.987575],[-116.714363,45.99099],[-116.702517,45.995648],[-116.701819,45.996381],[-116.699081,45.999214],[-116.697165,45.999611],[-116.691704,45.998525],[-116.686746,45.999106],[-116.68381,45.998721],[-116.675006,45.996671],[-116.672478,45.996666],[-116.66658,45.994541],[-116.662595,45.991626],[-116.657575,45.992024],[-116.651408,45.994263],[-116.649832,45.995537],[-116.647644,45.995708],[-116.646383,45.997373],[-116.646396,45.998538],[-116.644607,46.000459],[-116.64323,46.003286],[-116.643088,46.006309],[-116.644405,46.010632],[-116.647438,46.017449],[-116.647733,46.024739],[-116.648096,46.026787],[-116.649214,46.028433],[-116.648516,46.030597],[-116.646147,46.032164],[-116.638977,46.03602],[-116.635187,46.036687],[-116.630456,46.03709],[-116.628897,46.036562],[-116.624947,46.037668],[-116.61962,46.036653],[-116.615093,46.032745],[-116.612557,46.028867],[-116.61257,46.027044],[-116.614765,46.022296],[-116.617913,46.017442],[-116.62016,46.01528],[-116.621714,46.012669],[-116.621413,46.010924],[-116.618415,46.008556],[-116.614239,46.008067],[-116.606924,46.009032],[-116.603173,46.008643],[-116.593439,46.006052],[-116.590889,46.004755],[-116.58716,46.001532],[-116.582436,45.997956],[-116.577197,45.994934],[-116.57439,45.99161],[-116.573113,45.988765],[-116.569942,45.985194],[-116.56654,45.982799],[-116.562762,45.981167],[-116.557116,45.977381],[-116.552836,45.975115],[-116.548209,45.97365],[-116.544278,45.97306],[-116.539222,45.972822],[-116.534987,45.971358],[-116.532592,45.971398],[-116.526079,45.969687],[-116.524268,45.969639],[-116.508514,45.972743],[-116.505034,45.974194],[-116.502604,45.975888],[-116.495777,45.976156],[-116.491357,45.97595],[-116.483886,45.975077],[-116.476645,45.973197],[-116.467758,45.972223],[-116.464986,45.971109],[-116.459197,45.969962],[-116.45687,45.968552],[-116.447748,45.965163],[-116.443389,45.962343],[-116.442658,45.96053],[-116.44115,45.954869],[-116.438892,45.951947],[-116.438355,45.946907],[-116.436928,45.941228],[-116.437731,45.939777],[-116.437594,45.937538],[-116.438124,45.935301],[-116.437407,45.932182],[-116.435824,45.928741],[-116.434984,45.925882],[-116.435008,45.923569],[-116.432373,45.919624],[-116.430194,45.918227],[-116.428575,45.916383],[-116.428772,45.914326],[-116.428072,45.91336],[-116.424072,45.912537],[-116.421375,45.913293],[-116.416022,45.915438],[-116.413168,45.916935],[-116.410197,45.916583],[-116.408971,45.91525],[-116.40898,45.913867],[-116.41089,45.910771],[-116.411718,45.907778],[-116.411093,45.904832],[-116.405177,45.901506],[-116.403312,45.902018],[-116.400332,45.904722],[-116.396954,45.904631],[-116.396905,45.905063],[-116.395098,45.904744],[-116.390365,45.902335],[-116.390469,45.888462],[-116.348212,45.88876],[-116.348334,45.903229],[-116.368992,45.903339],[-116.369091,45.945902],[-116.369093,45.946723],[-116.361129,45.946666],[-116.358301,45.946745],[-116.353719,45.946829],[-116.349064,45.946913],[-116.348548,45.975972],[-116.337654,45.975947],[-116.337532,45.990423],[-116.347902,45.990152],[-116.347641,46.019785],[-116.326796,46.019753],[-116.326703,46.014197],[-116.329391,46.014146],[-116.329315,46.012139],[-116.326675,46.012088],[-116.32686,45.999999],[-116.325585,45.997623],[-116.306188,45.997772],[-116.306124,46.005182],[-116.269694,46.005227],[-116.26962,46.012033],[-116.285519,46.012137],[-116.285386,46.034246],[-116.264432,46.034652],[-116.264364,46.038043],[-116.265014,46.039466],[-116.264379,46.042173],[-116.264231,46.04905],[-116.283157,46.048692],[-116.285426,46.048744],[-116.285392,46.056017],[-116.229438,46.055744],[-116.222445,46.055866],[-116.222553,46.048978],[-116.21204,46.048894],[-116.191354,46.048825],[-116.191331,46.050617],[-116.191029,46.074108],[-116.18579,46.074175],[-116.185878,46.07812],[-116.082237,46.07697],[-116.067131,46.07697],[-116.067131,46.088068],[-116.056467,46.088068],[-116.056229,46.091149],[-116.055957,46.095045],[-116.034874,46.09515],[-116.014525,46.095255],[-116.013992,46.136351],[-116.013196,46.149613],[-116.014616,46.156208],[-116.01381,46.168802],[-116.013349,46.187078],[-116.006074,46.187029],[-115.994548,46.186728],[-115.994651,46.201341],[-115.953684,46.201199],[-115.953849,46.193924],[-115.943392,46.19371],[-115.943342,46.200448],[-115.94329,46.208055],[-115.927607,46.208251],[-115.922578,46.208196],[-115.922677,46.211682],[-115.912394,46.211682],[-115.912579,46.208081],[-115.891139,46.207762],[-115.891404,46.193443],[-115.764958,46.193096],[-115.764154,46.194099],[-115.765546,46.282496],[-115.764306,46.281911],[-115.761061,46.283608],[-115.756955,46.284238],[-115.756854,46.285115],[-115.761115,46.288021],[-115.761296,46.289044],[-115.757719,46.289607],[-115.755695,46.291312],[-115.754444,46.291492],[-115.752981,46.294247],[-115.750782,46.294879],[-115.748702,46.296657],[-115.749383,46.298051],[-115.752043,46.299705],[-115.753003,46.302999],[-115.752178,46.305097],[-115.754184,46.309509],[-115.752318,46.310382],[-115.750329,46.3101],[-115.749552,46.310691],[-115.750156,46.31247],[-115.748271,46.313751],[-115.747025,46.315787],[-115.746017,46.318912],[-115.744991,46.319454],[-115.7394,46.319907],[-115.739694,46.323036],[-115.739057,46.324161],[-115.741698,46.327861],[-115.740112,46.329257],[-115.739085,46.329633],[-115.733648,46.329003],[-115.732512,46.329663],[-115.734095,46.331676],[-115.731846,46.336432],[-115.731836,46.339079],[-115.730982,46.340766],[-115.732104,46.342929],[-115.733685,46.342841],[-115.733869,46.345912],[-115.734951,46.347636],[-115.732871,46.349396],[-115.731965,46.352105],[-115.73472,46.355418],[-115.733467,46.356672],[-115.730383,46.357803],[-115.730512,46.358864],[-115.732465,46.360512],[-115.731647,46.362636],[-115.733462,46.363517],[-115.731743,46.365108],[-115.731712,46.366466],[-115.728841,46.369362],[-115.724027,46.371776],[-115.724981,46.373144],[-115.722679,46.375645],[-115.716638,46.378859],[-115.715008,46.37862],[-115.714129,46.381617],[-115.708776,46.381416],[-115.705892,46.37976],[-115.704778,46.380003],[-115.702837,46.384564],[-115.701777,46.385],[-115.699429,46.388476],[-115.699552,46.38978],[-115.697755,46.390291],[-115.696255,46.389023],[-115.69469,46.390467],[-115.695222,46.391714],[-115.691938,46.392648],[-115.689291,46.392313],[-115.6887,46.391456],[-115.683631,46.392451],[-115.681084,46.39423],[-115.680538,46.39729],[-115.678485,46.398365],[-115.675381,46.402277],[-115.675554,46.40366],[-115.673685,46.404912],[-115.674991,46.405736],[-115.674502,46.406998],[-115.672236,46.407856],[-115.672498,46.409659],[-115.670333,46.409953],[-115.666408,46.412514],[-115.666383,46.413573],[-115.660163,46.414619],[-115.658675,46.415607],[-115.658103,46.417631],[-115.655344,46.417659],[-115.653771,46.420204],[-115.65048,46.421189],[-115.649581,46.42245],[-115.650213,46.42376],[-115.649042,46.425369],[-115.650717,46.426098],[-115.65061,46.428317],[-115.651473,46.428502],[-115.650871,46.430156],[-115.649375,46.430811],[-115.650484,46.432372],[-115.647393,46.435602],[-115.643446,46.435251],[-115.640604,46.436668],[-115.637611,46.436535],[-115.636755,46.437387],[-115.634609,46.437298],[-115.636237,46.441908],[-115.635832,46.443757],[-115.636695,46.44599],[-115.639772,46.447799],[-115.639282,46.450768],[-115.63632,46.452886],[-115.637017,46.453601],[-115.636001,46.455775],[-115.636649,46.456478],[-115.633934,46.462524],[-115.630027,46.465586],[-115.629644,46.466605],[-115.63123,46.472625],[-115.630708,46.473038],[-115.628957,46.473618],[-114.844145,46.595833],[-114.594634,46.633448],[-114.594490940697,46.6337754400838],[-114.592343,46.632837],[-114.588963,46.63517],[-114.583385,46.633227],[-114.579658,46.635359],[-114.572772,46.64116],[-114.570751,46.643173],[-114.569824,46.643324],[-114.563335,46.640835],[-114.561582,46.642043],[-114.55561,46.644593],[-114.547033,46.64468],[-114.54232,46.649647],[-114.541304,46.649656],[-114.538373,46.647609],[-114.532848,46.646023],[-114.528513,46.642311],[-114.521384,46.640175],[-114.50857,46.639391],[-114.501217,46.64135],[-114.500644,46.641142],[-114.498007,46.637655],[-114.492625,46.636243],[-114.487385,46.633128],[-114.481017,46.631887],[-114.467095,46.631764],[-114.452609,46.641874],[-114.45448,46.644205],[-114.453477,46.649209],[-114.449379,46.649423],[-114.440394,46.653169],[-114.436839,46.655744],[-114.424424,46.660648],[-114.4131,46.656774],[-114.411017,46.657413],[-114.409898,46.661202],[-114.408971,46.661264],[-114.404261,46.659506],[-114.399658,46.662576],[-114.394514,46.664846],[-114.390279,46.664968],[-114.384842,46.662644],[-114.382809,46.662794],[-114.378055,46.667131],[-114.360989,46.66891],[-114.358528,46.670697],[-114.357946,46.670638],[-114.357919,46.668695],[-114.352898,46.663527],[-114.344368,46.662024],[-114.33776,46.662437],[-114.333125,46.660939],[-114.332661751706,46.6605807312884],[-114.330217,46.65869],[-114.328192,46.655265],[-114.324861,46.653635],[-114.321118,46.647514],[-114.322816,46.642019],[-114.320335,46.63853],[-114.322189,46.634487],[-114.321782,46.631056],[-114.322173,46.626664],[-114.32451,46.621934],[-114.327782,46.620208],[-114.327099,46.617164],[-114.322537,46.611284],[-114.329825,46.603382],[-114.330256,46.599477],[-114.336427,46.593557],[-114.340791,46.592489],[-114.343733,46.590456],[-114.343812,46.589736],[-114.340193,46.587286],[-114.33371,46.578999],[-114.329788,46.57722],[-114.330206662212,46.5758296643364],[-114.330804429547,46.5738445383313],[-114.330873247604,46.5736160003911],[-114.331209,46.572501],[-114.339533,46.564039],[-114.34264,46.555225],[-114.347221,46.552421],[-114.347533,46.551001],[-114.345795,46.54919],[-114.343975,46.541269],[-114.346249,46.536133],[-114.348733,46.533792],[-114.349208,46.529514],[-114.347453,46.526027],[-114.343211,46.522784],[-114.342004,46.520324],[-114.342794,46.518257],[-114.347051,46.515281],[-114.347948,46.511284],[-114.351919,46.507744],[-114.359683,46.504925],[-114.361674,46.505409],[-114.36833,46.504968],[-114.369522,46.503702],[-114.375594,46.501754],[-114.383134,46.504853],[-114.394776,46.503204],[-114.396258,46.502057],[-114.399919,46.502193],[-114.40255,46.500207],[-114.403396,46.494058],[-114.401374,46.488922],[-114.401199,46.479094],[-114.400672,46.477813],[-114.396139,46.473376],[-114.394655,46.469426],[-114.383661074221,46.4663923707579],[-114.383127,46.466245],[-114.381977,46.462642],[-114.379986747718,46.4608847662358],[-114.379799,46.460719],[-114.380595470957,46.4574029238034],[-114.381567,46.453358],[-114.384477,46.44781],[-114.384052,46.446517],[-114.376196,46.442809],[-114.373974,46.443197],[-114.37234,46.44281],[-114.370935,46.439785],[-114.368541,46.437959],[-114.368786,46.436508],[-114.376813,46.435433],[-114.381377,46.433879],[-114.384899,46.42755],[-114.383721,46.419133],[-114.38503,46.411229],[-114.386807,46.410072],[-114.393233,46.409302],[-114.399083,46.405083],[-114.401216,46.401569],[-114.406125,46.40139],[-114.409779,46.399392],[-114.41041,46.396121],[-114.416135,46.392794],[-114.422212,46.387331],[-114.416834,46.375441],[-114.410493,46.365143],[-114.413632,46.346728],[-114.413923447666,46.341501],[-114.414259,46.335483],[-114.41775,46.33206],[-114.421366,46.330703],[-114.421601965934,46.3293359186203],[-114.422514,46.324052],[-114.430866,46.311547],[-114.431542,46.308458],[-114.432796,46.3061],[-114.432638,46.303141],[-114.430745,46.300175],[-114.428614,46.292468],[-114.425441,46.287856],[-114.427407,46.286231],[-114.427309,46.283624],[-114.43544,46.27661],[-114.441594,46.273711],[-114.453657,46.270947],[-114.461277,46.27275],[-114.464921,46.273219],[-114.466867,46.271997],[-114.470194,46.267731],[-114.47072,46.266041],[-114.468997,46.259607],[-114.465133,46.252327],[-114.468254,46.248796],[-114.468140432358,46.2486850749651],[-114.466492,46.247075],[-114.454275293395,46.2417326942838],[-114.451852,46.240673],[-114.448564,46.232964],[-114.445823,46.219534],[-114.451307,46.215523],[-114.451678,46.214172],[-114.449071,46.209059],[-114.443215,46.202943],[-114.444206,46.199878],[-114.444502,46.191506],[-114.444959412711,46.1859370160551],[-114.445948,46.173901],[-114.444091,46.169273],[-114.445234,46.167946],[-114.452469,46.168546],[-114.456531,46.170263],[-114.462939,46.168085],[-114.464246,46.165732],[-114.468541,46.165284],[-114.475953,46.160606],[-114.479565,46.161316],[-114.488909,46.167536],[-114.494381,46.168011],[-114.498682,46.167256],[-114.501642,46.165454],[-114.506844,46.164636],[-114.513807,46.167487],[-114.514977,46.167415],[-114.515626,46.166129],[-114.515005,46.160869],[-114.515224,46.15563],[-114.514308,46.154254],[-114.514676,46.153581],[-114.521486,46.15092],[-114.527096,46.146218],[-114.526979,46.144864],[-114.520808,46.136025],[-114.518779,46.13572],[-114.517782,46.135028],[-114.521363,46.125991],[-114.520513,46.12491],[-114.511847,46.121293],[-114.50437,46.118365],[-114.501736,46.119084],[-114.495356,46.117676],[-114.489758,46.113488],[-114.486173,46.113435],[-114.475178,46.113179],[-114.474376,46.112614],[-114.471003,46.105942],[-114.468054,46.105026],[-114.467154096027,46.1041801984702],[-114.46506,46.102212],[-114.460475,46.09779],[-114.459755,46.093422],[-114.460873,46.085291],[-114.462458,46.078408],[-114.467043,46.077225],[-114.471282,46.077123],[-114.471567,46.075877],[-114.471393,46.068651],[-114.467075,46.065531],[-114.469438,46.06183],[-114.473737,46.06059],[-114.474689,46.058405],[-114.481255,46.055307],[-114.493475,46.052402],[-114.49288,46.050189],[-114.49832,46.042019],[-114.502247,46.041986],[-114.506229,46.038923],[-114.506,46.034888],[-114.507419,46.031861],[-114.505407,46.029982],[-114.500098,46.028486],[-114.489313,46.027869],[-114.48622,46.029883],[-114.480505,46.030424],[-114.473811,46.016614],[-114.473474,46.013057],[-114.484073,46.008206],[-114.487783,46.003646],[-114.485049,45.996867],[-114.479992,45.992902],[-114.4741,45.992247],[-114.464266,45.997516],[-114.457496,45.997369],[-114.454696,45.99223],[-114.447616,45.987354],[-114.438273,45.987756],[-114.429422,45.986608],[-114.419121,45.980936],[-114.411755,45.97787],[-114.410171,45.972234],[-114.40613,45.969981],[-114.40224,45.96388],[-114.402524,45.957944],[-114.406918,45.954245],[-114.411169,45.95311],[-114.413428,45.949807],[-114.424874,45.943586],[-114.42606,45.940807],[-114.431116,45.93805],[-114.431396,45.93604],[-114.427647,45.933066],[-114.414854,45.921767],[-114.416162,45.918705],[-114.413168,45.911479],[-114.404314,45.903497],[-114.395959,45.901422],[-114.395356811146,45.9009802104732],[-114.395088,45.900783],[-114.39371,45.892969],[-114.392698,45.892147],[-114.388689,45.892114],[-114.3873,45.88775],[-114.388557,45.882189],[-114.391794,45.879495],[-114.396638,45.87098],[-114.403921,45.871876],[-114.406231,45.869319],[-114.405017,45.867094],[-114.409617,45.852343],[-114.410706,45.851824],[-114.421541,45.85519],[-114.438348,45.862555],[-114.447161,45.86115],[-114.448712,45.859073],[-114.45687,45.854682],[-114.461551,45.855134],[-114.46498,45.852117],[-114.470045,45.851478],[-114.472385,45.847458],[-114.474891,45.846585],[-114.485757,45.851614],[-114.492561,45.849765],[-114.498995,45.850692],[-114.50398,45.845859],[-114.509303,45.845531],[-114.5152,45.839804],[-114.517183,45.833506],[-114.512601,45.829634],[-114.5144,45.827131],[-114.52959,45.819278],[-114.532599,45.81552],[-114.530162,45.813128],[-114.531029,45.809868],[-114.537872,45.804504],[-114.537606,45.80276],[-114.54142,45.799236],[-114.544967,45.797898],[-114.544431,45.790026],[-114.553013,45.787338],[-114.561592,45.780409],[-114.566465,45.77331],[-114.55752,45.764291],[-114.551243,45.76391],[-114.5441,45.758447],[-114.546879,45.752666],[-114.545893,45.747455],[-114.547503,45.744259],[-114.546527,45.742991],[-114.535723,45.739155],[-114.530819,45.733345],[-114.526654,45.727634],[-114.519891,45.726287],[-114.515247,45.727372],[-114.504175,45.721659],[-114.50307,45.718294],[-114.502482570976,45.7174928832027],[-114.498229,45.711692],[-114.495385,45.703055],[-114.496811,45.699306],[-114.500738,45.696558],[-114.501386,45.693706],[-114.508624,45.689544],[-114.514993,45.685032],[-114.513841,45.683797],[-114.500902,45.682295],[-114.499049,45.67874],[-114.501455,45.677369],[-114.502018,45.673485],[-114.499576,45.669604],[-114.509065,45.656806],[-114.512726,45.656043],[-114.515295,45.65297],[-114.523058,45.649352],[-114.52798,45.651948],[-114.53844,45.650646],[-114.540257,45.650272],[-114.541308,45.648594],[-114.539675,45.646085],[-114.542323,45.641961],[-114.545991,45.642988],[-114.559655,45.640589],[-114.563987,45.637621],[-114.563497,45.632298],[-114.55948,45.628393],[-114.55331,45.618869],[-114.545004,45.617131],[-114.538534,45.607772],[-114.538471,45.605764],[-114.543174,45.601479],[-114.547269,45.600071],[-114.549272,45.595338],[-114.554133,45.591244],[-114.553875,45.588422],[-114.55615,45.587426],[-114.558325,45.584278],[-114.554883,45.582155],[-114.552956,45.576603],[-114.556218,45.57336],[-114.558522,45.566049],[-114.562931,45.564804],[-114.565491,45.562601],[-114.564974,45.557807],[-114.569712,45.552262],[-114.571388,45.551097],[-114.571537,45.549603],[-114.577933,45.544632],[-114.579132,45.544311],[-114.583046,45.545101],[-114.584907,45.544296],[-114.586551,45.542646],[-114.587876,45.537915],[-114.589113,45.537539],[-114.595445,45.534166],[-114.599448,45.53318],[-114.601,45.533275],[-114.603334,45.532261],[-114.604979,45.53075],[-114.608389,45.531183],[-114.618795,45.528594],[-114.621493,45.525651],[-114.62436,45.524074],[-114.62656,45.523518],[-114.627734,45.521541],[-114.631996,45.519177],[-114.632089,45.516385],[-114.634198,45.513329],[-114.637228,45.510518],[-114.637157,45.506978],[-114.642155,45.501798],[-114.642199,45.500017],[-114.645044,45.497496],[-114.645212,45.49443],[-114.648491,45.493614],[-114.65123,45.491983],[-114.6522,45.490154],[-114.650649,45.486141],[-114.654559,45.482528],[-114.657769,45.478766],[-114.660951,45.476463],[-114.662314,45.474934],[-114.662649,45.471953],[-114.663725,45.471005],[-114.666223,45.471325],[-114.671682,45.472932],[-114.676422,45.472626],[-114.680611,45.473949],[-114.681146,45.476857],[-114.679383,45.478237],[-114.680626,45.484147],[-114.683731,45.486905],[-114.686878,45.487384],[-114.689445,45.489151],[-114.690526,45.490776],[-114.697142,45.491903],[-114.700502,45.491079],[-114.70523,45.492555],[-114.711375,45.490213],[-114.714995,45.490266],[-114.718592,45.489352],[-114.725848,45.489709],[-114.728303,45.49059],[-114.730876,45.490774],[-114.73415,45.489897],[-114.735736,45.491159],[-114.738273,45.491732],[-114.740704,45.493143],[-114.743272,45.495714],[-114.746208,45.495767],[-114.751515,45.498072],[-114.756644,45.501247],[-114.759034,45.503572],[-114.761294,45.506981],[-114.765597,45.508729],[-114.767447,45.511463],[-114.769583,45.512423],[-114.774378,45.51361],[-114.778304,45.512286],[-114.783182,45.512144],[-114.788246,45.512489],[-114.790417,45.510306],[-114.793778,45.508309],[-114.795541,45.502502],[-114.795695,45.500553],[-114.798042,45.496793],[-114.797419,45.495981],[-114.793248,45.49409],[-114.79422,45.491317],[-114.793486,45.490086],[-114.794839,45.487835],[-114.796619,45.483491],[-114.795557,45.480385],[-114.794627,45.47984],[-114.796257,45.478818],[-114.79861,45.476255],[-114.794469,45.468445],[-114.790378,45.466178],[-114.788164,45.461026],[-114.787658,45.458262],[-114.788321,45.4567],[-114.792331,45.454136],[-114.793302,45.451052],[-114.792698,45.449326],[-114.795267,45.441009],[-114.793207,45.436334],[-114.7879,45.435281],[-114.783992,45.435726],[-114.78086,45.435627],[-114.77097,45.434438],[-114.769127,45.434557],[-114.768748,45.432374],[-114.764908,45.429109],[-114.764042,45.427524],[-114.765604,45.425987],[-114.768216,45.421328],[-114.766333,45.419878],[-114.764342,45.417396],[-114.763189,45.41409],[-114.760131,45.412049],[-114.751577,45.409099],[-114.749262,45.407235],[-114.748292,45.404837],[-114.744271,45.403542],[-114.742752,45.403789],[-114.740962,45.40136],[-114.741315,45.400235],[-114.739709,45.398975],[-114.736112,45.39732],[-114.734496,45.395371],[-114.732367,45.395219],[-114.730538,45.396172],[-114.725,45.397368],[-114.717946,45.396338],[-114.716235,45.39548],[-114.714893,45.394214],[-114.713578,45.39091],[-114.712049,45.389189],[-114.709159,45.387168],[-114.708407,45.383736],[-114.706532,45.379251],[-114.701047,45.378484],[-114.699914,45.377791],[-114.698726,45.372731],[-114.697644,45.370851],[-114.69548,45.368898],[-114.69214,45.368745],[-114.688606,45.369885],[-114.684648,45.367011],[-114.684943,45.365318],[-114.684025,45.364916],[-114.681476,45.364998],[-114.677394,45.365818],[-114.675205,45.3652],[-114.674548,45.362562],[-114.676646,45.35823],[-114.677559,45.355241],[-114.676374,45.351962],[-114.674668,45.348785],[-114.669993,45.342932],[-114.663334,45.34007],[-114.662835,45.339192],[-114.66347,45.336687],[-114.662062,45.335589],[-114.658521,45.334726],[-114.656514,45.333387],[-114.653952,45.329845],[-114.651916,45.327936],[-114.647709,45.326017],[-114.645496,45.322456],[-114.640786,45.319149],[-114.637192,45.318062],[-114.632652,45.317379],[-114.631521,45.316457],[-114.629291,45.312742],[-114.626185,45.309357],[-114.620004,45.305804],[-114.615164,45.302114],[-114.607963,45.298588],[-114.60394,45.295826],[-114.600461,45.296508],[-114.597138,45.298381],[-114.596021,45.298646],[-114.593325,45.297415],[-114.596689,45.293854],[-114.604692,45.286189],[-114.606349,45.28529],[-114.60747,45.281253],[-114.61468,45.279184],[-114.617818,45.277181],[-114.62402,45.274785],[-114.625742,45.272586],[-114.630786,45.268762],[-114.633994,45.267436],[-114.635205,45.264773],[-114.63699,45.26291],[-114.639291,45.261668],[-114.64267,45.261357],[-114.644913,45.260345],[-114.646336,45.25886],[-114.648403,45.258599],[-114.64962,45.257253],[-114.651388,45.252788],[-114.658042,45.249919],[-114.659534,45.248584],[-114.659601,45.243287],[-114.660723,45.240766],[-114.6645,45.236475],[-114.667857,45.235201],[-114.669716,45.235371],[-114.673372,45.234537],[-114.675715,45.232729],[-114.678691,45.228218],[-114.680993,45.225659],[-114.681784,45.223518],[-114.680803,45.221462],[-114.683627,45.220126],[-114.684483,45.218345],[-114.683273,45.21527],[-114.683353,45.212751],[-114.684947,45.207929],[-114.686895,45.204373],[-114.690385,45.199575],[-114.694001,45.197182],[-115.561501,45.196211],[-115.900439,45.196053],[-115.90048,45.195211],[-115.969937,45.195268],[-115.975787,45.195282],[-115.976256,45.197238],[-115.974047,45.19888],[-115.970946,45.199263],[-115.967363,45.200824],[-115.967434,45.203251],[-115.96507,45.203516],[-115.967737,45.208801],[-115.968771,45.209803],[-115.969922,45.212824],[-115.972445,45.214947],[-115.972853,45.216612],[-115.971384,45.217707],[-115.973532,45.218216],[-115.974483,45.219651],[-115.976659,45.219223],[-115.981148,45.216331],[-115.988026,45.214153],[-115.989937,45.212836],[-115.989042,45.209739],[-115.991423,45.208531],[-115.990939,45.205703],[-115.99352,45.204532],[-115.996255,45.20227],[-115.998592,45.201173],[-116.000684,45.199474],[-116.00534,45.197109],[-116.007486,45.195337],[-116.024097,45.195306],[-116.023323,45.371681],[-116.023243,45.456125],[-116.270491,45.455764],[-116.270351,45.539741],[-116.264826,45.539757],[-116.264749,45.598258],[-116.391201,45.59778],[-116.391042,45.539774],[-116.527492979455,45.539602100419],[-116.523638,45.54661],[-116.523947,45.548234],[-116.526201,45.549482],[-116.52828,45.54989],[-116.528558,45.551078],[-116.527723,45.551818],[-116.525888,45.553734],[-116.522233,45.555626],[-116.517468,45.55679],[-116.513931,45.556281],[-116.510342,45.556809],[-116.506967,45.558427],[-116.503957,45.560953],[-116.503156,45.562754],[-116.503728,45.565102],[-116.502756,45.566608],[-116.490279,45.574499],[-116.48297,45.577008],[-116.481943,45.577898],[-116.481208,45.580597],[-116.483412,45.582615],[-116.483105,45.58516],[-116.480788,45.587942],[-116.476521,45.589673],[-116.474702,45.59179],[-116.471646,45.593647],[-116.463635,45.602785],[-116.463504,45.615785],[-116.46517,45.617986],[-116.469813,45.620604],[-116.472882,45.624884],[-116.471241,45.627669],[-116.472346,45.629409],[-116.475803,45.6317],[-116.481018,45.632152],[-116.482806,45.633595],[-116.482899,45.636085],[-116.48282653917,45.6367721223766],[-116.482495,45.639916],[-116.483286,45.641529],[-116.484219,45.642322],[-116.487447,45.643682],[-116.487835,45.644302],[-116.487274,45.647675],[-116.487894,45.649769],[-116.49451,45.655679],[-116.512326,45.670224],[-116.523961,45.677639],[-116.528272,45.681473],[-116.535396,45.691734],[-116.536395,45.69665],[-116.538014,45.714929],[-116.535698,45.734231],[-116.537173,45.737288],[-116.543862684798,45.7469544885719],[-116.546643,45.750972],[-116.549085,45.752735],[-116.553548,45.753388],[-116.559444,45.755189],[-116.577422,45.76753],[-116.593004,45.778541],[-116.60504,45.781018],[-116.632032,45.784979],[-116.635814,45.783642],[-116.639641,45.781274],[-116.646342,45.779815],[-116.659629,45.780016],[-116.665344,45.781998],[-116.680139,45.79359],[-116.687007,45.806319],[-116.697192,45.820135],[-116.698079,45.820852],[-116.70845,45.825117],[-116.711822,45.826267],[-116.715527,45.826773],[-116.736268,45.826179],[-116.740486,45.82446],[-116.745219,45.821394],[-116.750978,45.818537],[-116.755288,45.817061],[-116.759787,45.816167],[-116.7634,45.81658],[-116.782676,45.825376],[-116.788329,45.831928],[-116.789066,45.833471],[-116.788923,45.836741],[-116.78752,45.840204],[-116.787792,45.844267],[-116.790151,45.849851],[-116.794454975327,45.8561406398762],[-116.790206,45.855216]]]}},{"type":"Feature","properties":{"fips":"16000","lea_geoid":"1603480","district_name":"Wilder School District 133","state_fips":"16","state_abbr":"ID","county_name":"","county_fips":"000"},"geometry":{"type":"Polygon","coordinates":[[[-116.991708,43.675827],[-116.977289,43.675783],[-116.977115,43.686797],[-116.972049,43.686864],[-116.97203,43.69047],[-116.971981,43.694147],[-116.957119,43.694129],[-116.95709,43.697862],[-116.962052,43.697839],[-116.961956,43.712542],[-116.951915,43.712607],[-116.951913,43.727246],[-116.915305,43.727166],[-116.904675,43.72713],[-116.901637,43.724995],[-116.901585,43.719937],[-116.891712,43.719835],[-116.891657,43.716191],[-116.871779,43.716224],[-116.871611,43.709143],[-116.870337,43.708696],[-116.865473,43.705189],[-116.862481,43.702519],[-116.862473,43.698053],[-116.852528,43.697501],[-116.847586,43.695321],[-116.847533,43.69084],[-116.847416,43.687237],[-116.852512,43.68715],[-116.852498,43.676396],[-116.862486,43.676296],[-116.862487,43.66521],[-116.857498,43.665218],[-116.857524,43.65794],[-116.8625,43.658022],[-116.862397,43.632685],[-116.871708,43.632509],[-116.871722,43.636139],[-116.901678,43.635921],[-116.901733,43.639546],[-116.911716,43.639496],[-116.93167,43.639361],[-116.931692,43.64287],[-116.958859,43.642856],[-116.960479,43.642793],[-116.961568,43.646281],[-116.962922,43.647299],[-116.963777,43.649527],[-116.964121,43.652007],[-116.963503,43.65384],[-116.96347,43.660062],[-116.963745,43.661231],[-116.967436,43.666574],[-116.969474,43.668334],[-116.972686,43.670042],[-116.976579,43.671478],[-116.980248,43.672055],[-116.991641,43.671406],[-116.991708,43.675827]]]}},{"type":"Feature","properties":{"fips":"16000","lea_geoid":"1601080","district_name":"Firth School District 59","state_fips":"16","state_abbr":"ID","county_name":"","county_fips":"000"},"geometry":{"type":"Polygon","coordinates":[[[-112.296255,43.341258],[-112.296306,43.367186],[-112.207258,43.367047],[-112.205734,43.367261],[-112.202771,43.367033],[-112.186773,43.367074],[-112.169157,43.366988],[-112.166221,43.367262],[-112.163792,43.364528],[-112.164703,43.361515],[-112.166456,43.36033],[-112.173294,43.359052],[-112.173656,43.356209],[-112.175409,43.353146],[-112.174259,43.347169],[-112.169821,43.344288],[-112.152073,43.344119],[-112.057172,43.343842],[-111.999361,43.343832],[-111.999438,43.366703],[-111.969787,43.366518],[-111.945775,43.366306],[-111.850508,43.366169],[-111.822475,43.366035],[-111.822494,43.282286],[-111.822646,43.195192],[-111.705676,43.195643],[-111.705813,43.28195],[-111.588049,43.281841],[-111.588469,43.194605],[-111.589719,43.194596],[-111.589489,43.020052],[-111.703889,43.020766],[-111.825599,43.020591],[-111.82733,43.022304],[-111.832443,43.025091],[-111.834222,43.026697],[-111.833947,43.030416],[-111.835729,43.031301],[-111.836581,43.032835],[-111.839536,43.034082],[-111.843701,43.034581],[-111.843437,43.035408],[-111.847176,43.037294],[-111.851559,43.038176],[-111.854198,43.039998],[-111.859061,43.039655],[-111.860801,43.04137],[-111.86342,43.042162],[-111.864783,43.041322],[-111.866202,43.037438],[-111.870594,43.036412],[-111.874953,43.039371],[-111.876919,43.041948],[-111.879203,43.043273],[-111.880429,43.044944],[-111.88019,43.048737],[-111.88347,43.048325],[-111.884965,43.048751],[-111.88815,43.048558],[-111.88934,43.047617],[-111.891101,43.048013],[-111.892143,43.046745],[-111.890667,43.045813],[-111.892996,43.044091],[-111.897151,43.043937],[-111.899648,43.044724],[-111.903141,43.044427],[-111.904394,43.043635],[-111.906009,43.039543],[-111.908801,43.038368],[-111.909944,43.039842],[-111.909459,43.044694],[-111.91285,43.043656],[-111.916128,43.04352],[-111.91723,43.046879],[-111.916668,43.049413],[-111.917224,43.053013],[-111.920652,43.054226],[-111.92244,43.056619],[-111.925773,43.059193],[-111.92868,43.060127],[-111.929311,43.06172],[-111.928002,43.062558],[-111.927538,43.064138],[-111.925237,43.067432],[-111.925783,43.070124],[-111.925085,43.071788],[-111.925763,43.074333],[-111.928867,43.07535],[-111.929396,43.076892],[-111.927995,43.080504],[-111.923871,43.081524],[-111.922124,43.082936],[-111.920622,43.085183],[-111.919309,43.0855],[-111.917019,43.084813],[-111.912921,43.086039],[-111.911917,43.08854],[-111.914336,43.090417],[-111.916764,43.091387],[-111.915589,43.093267],[-111.913303,43.093452],[-111.909973,43.092825],[-111.906512,43.094958],[-111.900935,43.099764],[-111.900385,43.103405],[-111.899156,43.104582],[-111.896404,43.105543],[-111.898195,43.110802],[-111.899283,43.112069],[-111.903096,43.113976],[-111.908762,43.113155],[-111.910902,43.113433],[-111.911685,43.115086],[-111.909665,43.118352],[-111.911864,43.121035],[-111.911156,43.122617],[-111.908374,43.124861],[-111.908207,43.12738],[-111.911547,43.129756],[-111.913033,43.132244],[-111.914676,43.133854],[-111.917033,43.134556],[-111.919856,43.13439],[-111.926792,43.138592],[-111.928801,43.14055],[-111.932383,43.141896],[-111.934048,43.144988],[-111.93613,43.145192],[-111.939581,43.144278],[-111.941662,43.144781],[-111.944157,43.146201],[-111.945778,43.146154],[-111.947412,43.145261],[-111.9505,43.144644],[-111.949633,43.146132],[-111.950452,43.150248],[-111.95258,43.152855],[-111.950952,43.157553],[-111.952206,43.15888],[-111.956408,43.160644],[-111.957418,43.161527],[-111.957952,43.163743],[-111.96206,43.164543],[-111.964526,43.164519],[-111.966715,43.165827],[-111.970341,43.166044],[-111.97346,43.168624],[-111.977268,43.16845],[-111.980113,43.167266],[-111.981305,43.167563],[-111.982879,43.169311],[-111.987862,43.171433],[-111.991708,43.171458],[-111.994335,43.172489],[-111.998592,43.172159],[-112.000598,43.172966],[-112.002685,43.175174],[-112.003082,43.179315],[-112.00528,43.180582],[-112.005096,43.182687],[-112.009586,43.188269],[-112.013261,43.188919],[-112.015525,43.191302],[-112.016274,43.193586],[-112.014298,43.195099],[-112.014333,43.196971],[-112.011769,43.199852],[-112.010457,43.202655],[-112.008782,43.204314],[-112.013423,43.205663],[-112.01169,43.208087],[-112.013494,43.208383],[-112.01523,43.207375],[-112.016743,43.207795],[-112.019587,43.206842],[-112.021259,43.207458],[-112.023157,43.209523],[-112.022717,43.211325],[-112.024115,43.212815],[-112.028253,43.21459],[-112.030114,43.216228],[-112.029267,43.217548],[-112.026572,43.217598],[-112.027072,43.219072],[-112.028698,43.218755],[-112.027973,43.220808],[-112.029636,43.221461],[-112.030963,43.223956],[-112.030749,43.225505],[-112.028827,43.226916],[-112.029858,43.228083],[-112.027596,43.229622],[-112.027718,43.23216],[-112.026279,43.230562],[-112.024912,43.230901],[-112.024447,43.236349],[-112.025336,43.237553],[-112.024929,43.239662],[-112.029569,43.240875],[-112.032508,43.239849],[-112.033929,43.24149],[-112.03726,43.242431],[-112.034503,43.244817],[-112.034698,43.248398],[-112.036334,43.249337],[-112.034681,43.252691],[-112.034583,43.254075],[-112.03678,43.256099],[-112.039106,43.255474],[-112.042245,43.257732],[-112.043101,43.259965],[-112.043098,43.262411],[-112.047854,43.262535],[-112.049476,43.261453],[-112.051595,43.261906],[-112.053562,43.260973],[-112.054841,43.261303],[-112.056636,43.265089],[-112.057918,43.266421],[-112.059945,43.266813],[-112.065206,43.263416],[-112.066243,43.262428],[-112.065476,43.260832],[-112.067846,43.260459],[-112.076176,43.256262],[-112.076401,43.258688],[-112.077535,43.259154],[-112.078582,43.256876],[-112.080473,43.257486],[-112.07946,43.25974],[-112.081375,43.259276],[-112.083133,43.259936],[-112.083139,43.260967],[-112.086279,43.260599],[-112.087277,43.261418],[-112.08923,43.259793],[-112.089005,43.258823],[-112.091584,43.260018],[-112.092907,43.258869],[-112.09437,43.260349],[-112.095806,43.258724],[-112.098782,43.259058],[-112.097976,43.260082],[-112.103825,43.258547],[-112.105613,43.260261],[-112.105352,43.258895],[-112.10773,43.25883],[-112.110624,43.258045],[-112.112373,43.255986],[-112.11201,43.254106],[-112.116465,43.253903],[-112.117286,43.252464],[-112.122131,43.250917],[-112.124894,43.250805],[-112.126932,43.251487],[-112.127166,43.249907],[-112.129281,43.250537],[-112.131866,43.249804],[-112.133078,43.25073],[-112.134713,43.247939],[-112.135433,43.247855],[-112.136228,43.248977],[-112.135685,43.250546],[-112.136337,43.253673],[-112.138875,43.251685],[-112.139971,43.25328],[-112.141315,43.251873],[-112.144339,43.251928],[-112.147877,43.25267],[-112.148488,43.251474],[-112.148153,43.249444],[-112.148678,43.247353],[-112.152055,43.246881],[-112.15406,43.24779],[-112.154514,43.246471],[-112.156986,43.245957],[-112.157584,43.244933],[-112.156674,43.242337],[-112.159137,43.241193],[-112.162607,43.241252],[-112.163865,43.240471],[-112.165191,43.237968],[-112.168534,43.23704],[-112.170227,43.23509],[-112.172662,43.235138],[-112.17485,43.231686],[-112.177109,43.230328],[-112.17856,43.228357],[-112.178416,43.253639],[-112.178416,43.260851],[-112.258359,43.261375],[-112.29642,43.261659],[-112.296345,43.264629],[-112.296193,43.267283],[-112.295163,43.267963],[-112.291167,43.268896],[-112.291842,43.271836],[-112.296195,43.270106],[-112.296268,43.283313],[-112.296192,43.283311],[-112.296154,43.286246],[-112.29653,43.286727],[-112.296154,43.287778],[-112.295996,43.290843],[-112.296286,43.294837],[-112.296105,43.301498],[-112.29698,43.332161],[-112.296255,43.341258]]]}},{"type":"Feature","properties":{"fips":"16000","lea_geoid":"1600060","district_name":"American Falls Joint School District 381","state_fips":"16","state_abbr":"ID","county_name":"","county_fips":"000"},"geometry":{"type":"Polygon","coordinates":[[[-113.256828,42.617763],[-113.25347,42.616084],[-113.25088,42.615851],[-113.246659,42.616888],[-113.245292,42.618342],[-113.241068,42.621145],[-113.236968,42.625254],[-113.236841,42.675308],[-113.178633,42.67546],[-113.178877,42.762355],[-113.236943,42.762212],[-113.237016,42.848157],[-113.24372,42.848207],[-113.243478,43.110946],[-113.007712,43.110933],[-113.007568,43.053195],[-113.007591,43.053122],[-113.00776,42.863051],[-112.895575,42.863099],[-112.888611,42.863102],[-112.887109,42.863255],[-112.816578,42.863231],[-112.817661,42.867216],[-112.816713,42.868771],[-112.813179,42.869561],[-112.812871,42.871524],[-112.814724,42.872269],[-112.811873,42.877939],[-112.809996,42.880354],[-112.807138,42.882587],[-112.804987,42.882729],[-112.801993,42.880363],[-112.799395,42.879319],[-112.79694,42.878937],[-112.794581,42.877472],[-112.791598,42.879248],[-112.790537,42.88234],[-112.788677,42.883143],[-112.787684,42.884964],[-112.783624,42.887531],[-112.78457,42.891285],[-112.783132,42.89223],[-112.779654,42.893203],[-112.780785,42.896112],[-112.780339,42.900621],[-112.780987,42.906766],[-112.780821,42.908268],[-112.779202,42.913831],[-112.772537,42.916856],[-112.771082,42.917033],[-112.765445,42.919115],[-112.763817,42.921264],[-112.761214,42.923614],[-112.761743,42.927451],[-112.763465,42.929117],[-112.764017,42.931531],[-112.766126,42.934308],[-112.764158,42.936662],[-112.760125,42.938831],[-112.756975,42.942026],[-112.754699,42.946717],[-112.750562,42.951528],[-112.750736,42.949763],[-112.748427,42.946961],[-112.743745,42.945412],[-112.740461,42.945102],[-112.737034,42.944041],[-112.732458,42.940748],[-112.732083,42.940087],[-112.732226,42.938226],[-112.733417,42.93644],[-112.737136,42.932982],[-112.739932,42.932643],[-112.739715,42.931295],[-112.735751,42.93045],[-112.733377,42.92914],[-112.733503,42.927424],[-112.734572,42.925916],[-112.736887,42.925264],[-112.739822,42.928178],[-112.742183,42.929114],[-112.743983,42.928565],[-112.744854,42.926098],[-112.744057,42.924273],[-112.741304,42.922077],[-112.742114,42.921243],[-112.744967,42.921668],[-112.747418,42.920458],[-112.748376,42.918804],[-112.747923,42.916389],[-112.747927,42.913232],[-112.746769,42.91239],[-112.74518,42.912516],[-112.742368,42.91496],[-112.740322,42.914825],[-112.739103,42.912984],[-112.739976,42.910611],[-112.739723,42.908495],[-112.737496,42.905408],[-112.734171,42.905837],[-112.732248,42.906631],[-112.731879,42.908524],[-112.73351,42.910021],[-112.733442,42.912237],[-112.730549,42.914257],[-112.727384,42.915831],[-112.722516,42.917068],[-112.720886,42.916452],[-112.713837,42.918273],[-112.713154,42.920252],[-112.71074,42.922326],[-112.706777,42.922048],[-112.704508,42.923225],[-112.702152,42.925953],[-112.701896,42.927753],[-112.703646,42.931937],[-112.702152,42.935337],[-112.699331,42.935968],[-112.698034,42.937761],[-112.694981,42.938655],[-112.69183,42.938516],[-112.688429,42.94105],[-112.684614,42.941485],[-112.681169,42.940036],[-112.679155,42.938706],[-112.672642,42.940111],[-112.667875,42.939332],[-112.663667,42.940359],[-112.6607,42.94038],[-112.659675,42.941469],[-112.65612,42.940707],[-112.650531,42.94272],[-112.649002,42.940072],[-112.646089,42.941546],[-112.643896,42.94196],[-112.638441,42.945397],[-112.634924,42.948522],[-112.632939,42.949377],[-112.629679,42.951918],[-112.627465,42.952249],[-112.626918,42.953625],[-112.625569,42.952892],[-112.623507,42.95346],[-112.623157,42.954953],[-112.621655,42.956403],[-112.621733,42.957911],[-112.61942,42.958342],[-112.61952,42.960961],[-112.617962,42.960911],[-112.615899,42.958937],[-112.611684,42.960239],[-112.609186,42.959009],[-112.60707,42.959966],[-112.60404,42.959464],[-112.601848,42.960021],[-112.600647,42.961226],[-112.600903,42.962317],[-112.602808,42.963249],[-112.605677,42.963776],[-112.602808,42.96451],[-112.600379,42.964163],[-112.599648,42.962744],[-112.597999,42.962956],[-112.598786,42.964517],[-112.596751,42.967332],[-112.595043,42.968172],[-112.597366,42.970808],[-112.595607,42.971175],[-112.594853,42.972787],[-112.592741,42.973313],[-112.590392,42.972819],[-112.58905,42.973603],[-112.58812,42.972761],[-112.58896,42.971628],[-112.585079,42.970597],[-112.58371,42.972871],[-112.581137,42.973329],[-112.579287,42.972451],[-112.578042,42.969233],[-112.580072,42.967676],[-112.578832,42.965496],[-112.574878,42.964983],[-112.573498,42.96419],[-112.569271,42.963917],[-112.568477,42.963306],[-112.569681,42.962196],[-112.567327,42.961467],[-112.567948,42.960361],[-112.566424,42.959093],[-112.56536,42.960634],[-112.564602,42.958879],[-112.562842,42.958575],[-112.563203,42.959997],[-112.559563,42.959759],[-112.559335,42.961004],[-112.557695,42.960545],[-112.55695,42.959033],[-112.553726,42.957218],[-112.553954,42.955976],[-112.549897,42.954604],[-112.549284,42.95387],[-112.550835,42.952871],[-112.548794,42.951999],[-112.546393,42.946786],[-112.544672,42.945427],[-112.544231,42.943339],[-112.545168,42.941894],[-112.543578,42.940538],[-112.546155,42.939833],[-112.54469,42.93833],[-112.546775,42.936155],[-112.544465,42.93452],[-112.540126,42.932197],[-112.537837,42.932413],[-112.535829,42.931422],[-112.532093,42.929873],[-112.530169,42.925513],[-112.529732,42.923565],[-112.527419,42.921836],[-112.527335,42.921026],[-112.5249,42.919582],[-112.522626,42.919374],[-112.519999,42.918026],[-112.521987,42.914519],[-112.520638,42.91275],[-112.518106,42.909569],[-112.515519,42.909975],[-112.51547,42.907239],[-112.515478,42.848054],[-112.516926,42.848033],[-112.516775,42.794706],[-112.516739,42.790824],[-112.497227,42.790727],[-112.497079,42.75996],[-112.534837,42.760141],[-112.534712,42.750001],[-112.53544,42.746187],[-112.536013,42.588523],[-112.653937,42.588459],[-112.722206,42.588501],[-112.734051,42.588811],[-112.734231,42.603038],[-112.738439,42.603028],[-112.77088,42.603088],[-112.772054,42.603193],[-112.775798,42.603009],[-112.813916,42.603029],[-112.813865,42.616956],[-112.817952,42.617378],[-112.820721,42.617124],[-112.832132,42.617157],[-112.835011,42.61738],[-112.835576,42.618489],[-112.83807,42.61722],[-112.842866,42.617054],[-112.973433,42.617724],[-112.97378,42.588945],[-113.002792,42.588003],[-113.156223,42.589274],[-113.156203,42.560349],[-113.156241,42.560236],[-113.175811,42.56034],[-113.175811,42.545793],[-113.255047,42.546036],[-113.254823,42.547156],[-113.25497,42.615095],[-113.255996,42.615264],[-113.256828,42.617763]]]}},{"type":"Feature","properties":{"fips":"16000","lea_geoid":"1600490","district_name":"Butte County Joint School District 111","state_fips":"16","state_abbr":"ID","county_name":"","county_fips":"000"},"geometry":{"type":"Polygon","coordinates":[[[-113.863199,43.640399],[-113.861915,43.644028],[-113.862703,43.645249],[-113.85954,43.64572],[-113.858215,43.648137],[-113.856439,43.652972],[-113.856464,43.661984],[-113.857855,43.682258],[-113.857209,43.688032],[-113.857444,43.693503],[-113.856788,43.695595],[-113.853902,43.69672],[-113.852349,43.696718],[-113.841219,43.698318],[-113.839666,43.6988],[-113.835225,43.698956],[-113.829672,43.698145],[-113.821683,43.697976],[-113.818577,43.6991],[-113.813478,43.702155],[-113.810422,43.706805],[-113.804842,43.71446],[-113.797588,43.723183],[-113.791352,43.729289],[-113.789874,43.733555],[-113.785988,43.740713],[-113.783093,43.74425],[-113.774599,43.752931],[-113.770103,43.760836],[-113.767393,43.764561],[-113.764923,43.766666],[-113.762656,43.770231],[-113.759539,43.777782],[-113.756857,43.781635],[-113.753083,43.785644],[-113.749291,43.791907],[-113.747722,43.795762],[-113.749507,43.798499],[-113.751934,43.80606],[-113.74948,43.812969],[-113.745918,43.816504],[-113.737879,43.822614],[-113.732756,43.825506],[-113.727412,43.826303],[-113.720301,43.82516],[-113.707192,43.822074],[-113.70186,43.819808],[-113.695202,43.815928],[-113.682326,43.807363],[-113.678782,43.804133],[-113.67045,43.795609],[-113.667206,43.793385],[-113.663312,43.788724],[-113.65926,43.784598],[-113.655925,43.782497],[-113.651265,43.781521],[-113.643922,43.780378],[-113.639263,43.779241],[-113.633254,43.778424],[-113.627469,43.778575],[-113.620138,43.778078],[-113.611006,43.778221],[-113.607893,43.778054],[-113.604778,43.778532],[-113.588314,43.778824],[-113.58498,43.780429],[-113.582518,43.78252],[-113.579393,43.786382],[-113.57693,43.790571],[-113.574247,43.792822],[-113.56623,43.795224],[-113.561525,43.796183],[-113.553962,43.796975],[-113.546398,43.796315],[-113.540392,43.797271],[-113.533269,43.797902],[-113.515029,43.79835],[-113.507245,43.798173],[-113.500345,43.798643],[-113.493547,43.798449],[-113.488113,43.798135],[-113.485828,43.798184],[-113.469922,43.798411],[-113.458841,43.797973],[-113.453484,43.798702],[-113.445431,43.798745],[-113.445401,43.798884],[-113.411528,43.798839],[-113.409064,43.798944],[-113.37834,43.798881],[-113.3782,43.798851],[-113.366011,43.798819],[-113.363618,43.797486],[-113.366123,43.796976],[-113.367635,43.795803],[-113.367141,43.795267],[-113.36399,43.794649],[-113.364512,43.796024],[-113.360773,43.796985],[-113.361989,43.798798],[-113.351726,43.79877],[-113.345687,43.79867],[-113.345305,43.827691],[-113.355311,43.827779],[-113.355165,43.887021],[-113.356289,43.944994],[-113.38587,43.94495],[-113.417264,43.944949],[-113.444944,43.945248],[-113.446442,43.94967],[-113.443763,43.951173],[-113.444759,43.952443],[-113.444185,43.956141],[-113.444873,43.959832],[-113.445946,43.960845],[-113.44684,43.964756],[-113.445795,43.966815],[-113.446082,43.968058],[-113.444995,43.969038],[-113.445549,43.969884],[-113.445192,43.973869],[-113.44699,43.976975],[-113.446876,43.979039],[-113.445747,43.982704],[-113.446054,43.983504],[-113.452048,43.988375],[-113.454656,43.99085],[-113.455606,43.995344],[-113.452133,43.998576],[-113.451517,44.000267],[-113.453125,44.00414],[-113.454554,44.005569],[-113.455463,44.016981],[-113.456381,44.02075],[-113.455616,44.021483],[-113.456154,44.023337],[-113.456626,44.025033],[-113.458157,44.030539],[-113.457816,44.059528],[-113.416272,44.059338],[-113.416525,44.233364],[-113.320609,44.233164],[-112.995091,44.234126],[-112.995189,44.059596],[-112.994213,44.0596],[-112.994323,43.972362],[-112.695242,43.971941],[-112.695175,43.96532],[-112.694966,43.797913],[-112.696915,43.79789],[-112.697122,43.62314],[-112.699052,43.62313],[-112.698891,43.540052],[-112.758291,43.540142],[-112.758293,43.535998],[-112.816278,43.535949],[-112.816651,43.467031],[-112.8167,43.450809],[-112.816704,43.449164],[-112.936835,43.449386],[-112.936902,43.367346],[-112.947009,43.367339],[-112.947016,43.284821],[-113.007318,43.284778],[-113.361958,43.284678],[-113.36191,43.36716],[-113.413833,43.367165],[-113.416658,43.367375],[-113.63523,43.367546],[-113.635291,43.395047],[-113.635264,43.452768],[-113.634325,43.497474],[-113.637001,43.497333],[-113.640121,43.49863],[-113.642898,43.496118],[-113.648301,43.494416],[-113.653631,43.49373],[-113.65865,43.496706],[-113.661231,43.49784],[-113.665914,43.497131],[-113.67283,43.500359],[-113.671772,43.503089],[-113.670016,43.50467],[-113.665557,43.511766],[-113.667963,43.515568],[-113.668764,43.520361],[-113.671662,43.524615],[-113.67633,43.527549],[-113.67798,43.527556],[-113.680295,43.529383],[-113.6828,43.529928],[-113.685263,43.532314],[-113.685809,43.533972],[-113.685442,43.536339],[-113.685807,43.539248],[-113.688932,43.541921],[-113.686917,43.549644],[-113.687013,43.553112],[-113.690098,43.554886],[-113.690787,43.557098],[-113.688861,43.561519],[-113.689745,43.562826],[-113.693437,43.564968],[-113.692684,43.566791],[-113.69414,43.569453],[-113.694147,43.571874],[-113.695513,43.57448],[-113.69427,43.575408],[-113.694177,43.578588],[-113.694737,43.579559],[-113.696921,43.579593],[-113.698815,43.58238],[-113.701153,43.584553],[-113.703086,43.584251],[-113.707755,43.584861],[-113.711236,43.585773],[-113.713357,43.585722],[-113.713594,43.587045],[-113.72033,43.588604],[-113.723087,43.588237],[-113.723663,43.58925],[-113.727656,43.59014],[-113.731869,43.589396],[-113.732839,43.588648],[-113.738218,43.588902],[-113.73983,43.588008],[-113.748347,43.587204],[-113.747923,43.584383],[-113.75226,43.577287],[-113.752859,43.575242],[-113.759283,43.576087],[-113.762355,43.574901],[-113.763547,43.573886],[-113.766202,43.573907],[-113.769664,43.570947],[-113.773611,43.571352],[-113.77531,43.569626],[-113.77713,43.566853],[-113.780589,43.567426],[-113.782909,43.566596],[-113.785451,43.566709],[-113.787552,43.567513],[-113.791218,43.567725],[-113.792613,43.568547],[-113.798441,43.569217],[-113.802376,43.569987],[-113.8071,43.572747],[-113.807996,43.574504],[-113.806465,43.576617],[-113.808885,43.579857],[-113.808792,43.582862],[-113.81058,43.58375],[-113.811154,43.587328],[-113.811904,43.588453],[-113.812378,43.591404],[-113.810466,43.593819],[-113.811022,43.596385],[-113.813422,43.597291],[-113.813355,43.600059],[-113.814919,43.601916],[-113.818171,43.60302],[-113.821312,43.605441],[-113.823666,43.605167],[-113.826832,43.605214],[-113.828766,43.604239],[-113.831522,43.604769],[-113.835607,43.604909],[-113.837187,43.608766],[-113.835708,43.611976],[-113.838973,43.61456],[-113.841158,43.61768],[-113.839542,43.618609],[-113.842519,43.620604],[-113.843889,43.624972],[-113.846934,43.62532],[-113.851645,43.627655],[-113.852234,43.629041],[-113.854054,43.630557],[-113.855626,43.633012],[-113.859989,43.634132],[-113.862605,43.637704],[-113.863199,43.640399]]]}},{"type":"Feature","properties":{"fips":"16000","lea_geoid":"1602030","district_name":"McCall-Donnelly Joint School District 421","state_fips":"16","state_abbr":"ID","county_name":"","county_fips":"000"},"geometry":{"type":"Polygon","coordinates":[[[-116.211211,44.780872],[-116.209136,44.782146],[-116.205852,44.787097],[-116.205099,44.790831],[-116.204013,44.793579],[-116.202464,44.795945],[-116.204009,44.800943],[-116.203984,44.803005],[-116.20192,44.806314],[-116.200794,44.811053],[-116.200949,44.813107],[-116.199773,44.81716],[-116.200048,44.822721],[-116.198307,44.824011],[-116.198778,44.828809],[-116.198235,44.830352],[-116.198395,44.8333],[-116.199115,44.834582],[-116.197288,44.841933],[-116.198243,44.844267],[-116.196955,44.846255],[-116.197163,44.847824],[-116.196008,44.849053],[-116.195424,44.852989],[-116.196402,44.857112],[-116.196308,44.859129],[-116.197584,44.861232],[-116.197011,44.864216],[-116.1943,44.864139],[-116.190619,44.865112],[-116.190428,44.868006],[-116.189104,44.869322],[-116.188473,44.871246],[-116.189931,44.874753],[-116.191118,44.875801],[-116.190929,44.877165],[-116.189575,44.877677],[-116.187549,44.879777],[-116.188264,44.880783],[-116.18601,44.885586],[-116.186432,44.887736],[-116.18533,44.888911],[-116.183675,44.887821],[-116.181201,44.888692],[-116.17866,44.888573],[-116.175135,44.886976],[-116.173865,44.890368],[-116.17309,44.892893],[-116.17403,44.893935],[-116.172515,44.901462],[-116.165941,44.900739],[-116.164106,44.901632],[-116.161903,44.901813],[-116.160787,44.90079],[-116.160952,44.904842],[-116.160019,44.906944],[-116.160025,44.910076],[-116.158776,44.91462],[-116.158995,44.919501],[-116.158971,44.919751],[-116.16714,44.919286],[-116.178357,44.91929],[-116.178472,44.948461],[-116.177273,44.948727],[-116.168128,44.948613],[-116.168096,44.934133],[-116.157858,44.93429],[-116.158148,44.935191],[-116.155964,44.936713],[-116.154409,44.936378],[-116.153358,44.937587],[-116.155545,44.942101],[-116.154957,44.944189],[-116.15246,44.943208],[-116.147165,44.943218],[-116.144212,44.942272],[-116.142727,44.940615],[-116.137704,44.941066],[-116.134324,44.940557],[-116.130684,44.941914],[-116.124341,44.949525],[-116.12316,44.950467],[-116.121864,44.952924],[-116.123143,44.954827],[-116.119522,44.958053],[-116.119489,44.959448],[-116.11692,44.960389],[-116.115386,44.961947],[-116.115127,44.965695],[-116.115736,44.968665],[-116.114165,44.971703],[-116.112696,44.973253],[-116.112956,44.975969],[-116.11583,44.977289],[-116.11599,44.978349],[-116.118384,44.980053],[-116.120141,44.983387],[-116.119871,44.984597],[-116.124274,44.986344],[-116.125831,44.986588],[-116.126897,44.98601],[-116.127689,44.98691],[-116.127881,44.99088],[-116.127584,44.993801],[-116.130707,44.997117],[-116.133305,44.998418],[-116.134981,45.000791],[-116.134266,45.008142],[-116.132328,45.009814],[-116.129754,45.013431],[-116.128019,45.014923],[-116.127527,45.017452],[-116.128595,45.020933],[-116.12711,45.021702],[-116.122723,45.021101],[-116.117549,45.021077],[-116.114917,45.021894],[-116.112475,45.02348],[-116.114447,45.026214],[-116.113269,45.030781],[-116.111951,45.031304],[-116.108608,45.029131],[-116.106943,45.029373],[-116.104704,45.030778],[-116.104294,45.03446],[-116.102199,45.036301],[-116.102109,45.038834],[-116.102789,45.040451],[-116.101669,45.04119],[-116.102913,45.045379],[-116.101181,45.046617],[-116.103459,45.049207],[-116.106649,45.051445],[-116.10573,45.052224],[-116.101295,45.052153],[-116.098492,45.054169],[-116.095026,45.053428],[-116.094365,45.053777],[-116.095433,45.056363],[-116.093978,45.057679],[-116.094331,45.059059],[-116.093199,45.060595],[-116.090253,45.061964],[-116.089118,45.063617],[-116.09171,45.065441],[-116.09225,45.066668],[-116.095165,45.067317],[-116.097198,45.069125],[-116.101137,45.068841],[-116.102061,45.070915],[-116.103761,45.071824],[-116.110541,45.073523],[-116.112722,45.074454],[-116.117927,45.075149],[-116.12493,45.075492],[-116.128967,45.075306],[-116.130765,45.076426],[-116.1316,45.077896],[-116.134309,45.07863],[-116.137504,45.077195],[-116.140115,45.078323],[-116.141393,45.080507],[-116.14132,45.082081],[-116.13913,45.086851],[-116.142128,45.088733],[-116.142246,45.09091],[-116.140889,45.093366],[-116.140908,45.096084],[-116.139492,45.099676],[-116.14058,45.102004],[-116.144515,45.106111],[-116.144386,45.107651],[-116.145495,45.112917],[-116.1429,45.117175],[-116.138953,45.119118],[-116.135265,45.124069],[-116.135883,45.127412],[-116.134604,45.129666],[-116.136492,45.13392],[-116.136481,45.137096],[-116.132271,45.141537],[-116.130133,45.142686],[-116.128313,45.142836],[-116.126408,45.144413],[-116.125026,45.147377],[-116.124941,45.151805],[-116.125386,45.153745],[-116.12189,45.156956],[-116.121662,45.158549],[-116.118381,45.158406],[-116.115034,45.159694],[-116.113139,45.15888],[-116.108703,45.159169],[-116.107003,45.158808],[-116.103215,45.155242],[-116.099387,45.154662],[-116.094215,45.156028],[-116.091407,45.155863],[-116.090258,45.155093],[-116.084541,45.154709],[-116.081496,45.152858],[-116.077857,45.154318],[-116.075689,45.154712],[-116.074131,45.157343],[-116.0739,45.159176],[-116.070215,45.162144],[-116.066863,45.163882],[-116.063852,45.165282],[-116.061328,45.16578],[-116.058354,45.164863],[-116.055149,45.165319],[-116.050234,45.165421],[-116.047452,45.166832],[-116.045985,45.170489],[-116.04702,45.174314],[-116.045452,45.177417],[-116.043304,45.179268],[-116.039654,45.180855],[-116.034797,45.182241],[-116.031288,45.180434],[-116.028804,45.180165],[-116.02717,45.179263],[-116.025856,45.181231],[-116.024337,45.182008],[-116.019329,45.18282],[-116.018659,45.1846],[-116.015933,45.185733],[-116.015677,45.186861],[-116.013011,45.187417],[-116.012776,45.188622],[-116.010742,45.189589],[-116.009348,45.19326],[-116.007486,45.195337],[-116.00534,45.197109],[-116.000684,45.199474],[-115.998592,45.201173],[-115.996255,45.20227],[-115.99352,45.204532],[-115.990939,45.205703],[-115.991423,45.208531],[-115.989042,45.209739],[-115.989937,45.212836],[-115.988026,45.214153],[-115.981148,45.216331],[-115.976659,45.219223],[-115.974483,45.219651],[-115.973532,45.218216],[-115.971384,45.217707],[-115.972853,45.216612],[-115.972445,45.214947],[-115.969922,45.212824],[-115.968771,45.209803],[-115.967737,45.208801],[-115.96507,45.203516],[-115.967434,45.203251],[-115.967363,45.200824],[-115.970946,45.199263],[-115.974047,45.19888],[-115.976256,45.197238],[-115.975787,45.195282],[-115.969937,45.195268],[-115.90048,45.195211],[-115.900439,45.196053],[-115.561501,45.196211],[-114.694001,45.197182],[-114.696065,45.195534],[-114.697086,45.191954],[-114.698839,45.189701],[-114.704322,45.188866],[-114.708965,45.18754],[-114.714208,45.188598],[-114.716048,45.187683],[-114.719265,45.182786],[-114.722057,45.180056],[-114.722817,45.178087],[-114.720542,45.175262],[-114.72074,45.173496],[-114.722141,45.170192],[-114.722352,45.166616],[-114.723722,45.164082],[-114.723553,45.160055],[-114.724984,45.158037],[-114.727974,45.156197],[-114.731356,45.152945],[-114.73227,45.151155],[-114.728662,45.145084],[-114.728044,45.141189],[-114.728126,45.138728],[-114.727197,45.135415],[-114.726305,45.129985],[-114.727823,45.128508],[-114.725887,45.126686],[-114.722972,45.124692],[-114.721482,45.121023],[-114.722624,45.119361],[-114.725462,45.116437],[-114.725564,45.111204],[-114.726614,45.109338],[-114.730386,45.108386],[-114.731227,45.105816],[-114.729822,45.102203],[-114.729658,45.100322],[-114.730472,45.097325],[-114.732789,45.095737],[-114.733191,45.09449],[-114.730172,45.092105],[-114.725714,45.089963],[-114.720725,45.088929],[-114.719485,45.087967],[-114.719528,45.086651],[-114.720962,45.084515],[-114.726111,45.080548],[-114.727236,45.079256],[-114.727226,45.075998],[-114.727714,45.074204],[-114.728645,45.073633],[-114.728858,45.071943],[-114.726637,45.068811],[-114.725904,45.066836],[-114.727567,45.063267],[-114.727651,45.061464],[-114.724677,45.0585],[-114.724673,45.057096],[-114.722898,45.055957],[-114.724757,45.052794],[-114.723928,45.050094],[-114.726734,45.047973],[-114.727035,45.045159],[-114.725825,45.043916],[-114.722527,45.041704],[-114.723343,45.039034],[-114.726279,45.036645],[-114.726322,45.035438],[-114.724211,45.033963],[-114.72409,45.032738],[-114.725549,45.029747],[-114.72672,45.028538],[-114.727601,45.025966],[-114.727451,45.021799],[-114.726408,45.021261],[-114.725306,45.019182],[-114.725262,45.017869],[-114.727199,45.01669],[-114.728455,45.014934],[-114.728735,45.013399],[-114.726371,45.012004],[-114.723565,45.011368],[-114.721531,45.008205],[-114.722092,45.006284],[-114.723115,45.005278],[-114.728858,45.003776],[-114.730064,45.002476],[-114.72992,45.00028],[-114.729129,44.999248],[-114.729334,44.996843],[-114.731728,44.990274],[-114.731328,44.985975],[-114.733837,44.983062],[-114.733366,44.980157],[-114.733595,44.976868],[-114.735991,44.974869],[-114.735476,44.972309],[-114.73153,44.971106],[-114.73051,44.969051],[-114.730869,44.966523],[-114.732117,44.964655],[-114.732496,44.962442],[-114.73405,44.959704],[-114.734284,44.957122],[-114.733896,44.955483],[-114.735356,44.954206],[-114.735701,44.949793],[-114.734801,44.948962],[-114.729284,44.948288],[-114.726696,44.947481],[-114.726265,44.945807],[-114.727584,44.943797],[-114.727625,44.942563],[-114.726554,44.940316],[-114.724603,44.937656],[-114.723272,44.934387],[-114.724057,44.932822],[-114.726882,44.92985],[-114.732034,44.928646],[-114.734617,44.92753],[-114.735789,44.92638],[-114.735905,44.925044],[-114.734014,44.922576],[-114.732495,44.921483],[-114.729164,44.920363],[-114.729001,44.919081],[-114.730514,44.916376],[-114.733069,44.914834],[-114.732541,44.911651],[-114.732857,44.909696],[-114.730962,44.905901],[-114.726875,44.903033],[-114.726731,44.900179],[-114.73066,44.898138],[-114.731409,44.897281],[-114.732111,44.893832],[-114.730521,44.892881],[-114.724223,44.892483],[-114.723294,44.891177],[-114.731844,44.886608],[-114.732387,44.885676],[-114.731681,44.883472],[-114.73196,44.880946],[-114.734551,44.878746],[-114.737536,44.878905],[-114.74068,44.879661],[-114.746796,44.878814],[-114.749936,44.879182],[-114.751563,44.878872],[-114.753568,44.877546],[-114.753753,44.877002],[-114.751585,44.874271],[-114.755404,44.873029],[-114.758163,44.873129],[-114.762282,44.875575],[-114.765966,44.874738],[-114.766888,44.874082],[-114.768911,44.872444],[-114.769221,44.87103],[-114.768305,44.868692],[-114.769801,44.86515],[-114.761659,44.858618],[-114.760777,44.856194],[-114.762651,44.853802],[-114.767405,44.853085],[-114.770946,44.851551],[-114.77072,44.849087],[-114.767272,44.846743],[-114.766256,44.844094],[-114.766449,44.842742],[-114.767625,44.841677],[-114.770879,44.841052],[-114.772608,44.84171],[-114.778605,44.840652],[-114.783601,44.840257],[-114.784696,44.839793],[-114.785487,44.838993],[-114.784954,44.836985],[-114.785613,44.834789],[-114.789023,44.833505],[-114.790421,44.833999],[-114.79232,44.83631],[-114.79309,44.836111],[-114.794459,44.834324],[-114.794808,44.829852],[-114.794232,44.828413],[-114.795396,44.825345],[-114.797593,44.82456],[-114.801652,44.823993],[-114.80283,44.821757],[-114.805858,44.820166],[-114.808544,44.817052],[-114.808145,44.814662],[-114.809021,44.812116],[-114.812407,44.808346],[-114.813167,44.806914],[-114.814424,44.806474],[-114.820416,44.805573],[-114.825209,44.803225],[-114.826178,44.802252],[-114.828572,44.801903],[-114.831586,44.803084],[-114.833849,44.802691],[-114.835115,44.800769],[-114.836535,44.799993],[-114.838456,44.797154],[-114.840169,44.795557],[-114.842351,44.792449],[-114.841671,44.790771],[-114.842331,44.789574],[-114.846467,44.787652],[-114.850492,44.787476],[-114.85082,44.784715],[-114.853082,44.782042],[-114.854721,44.781828],[-114.855734,44.782523],[-114.85585,44.784257],[-114.858938,44.785367],[-114.860647,44.78458],[-114.861888,44.78272],[-114.865405,44.780899],[-114.867301,44.779498],[-114.871086,44.77968],[-114.875028,44.776886],[-114.879401,44.775122],[-114.881258,44.77315],[-114.883642,44.771413],[-114.887384,44.770187],[-114.888897,44.769244],[-114.890622,44.767002],[-114.893635,44.766211],[-114.896203,44.764475],[-114.895568,44.76131],[-114.896973,44.759101],[-114.900024,44.758448],[-114.903814,44.758231],[-114.907571,44.75669],[-114.909941,44.756826],[-114.91159,44.757661],[-114.913627,44.75755],[-114.914792,44.755444],[-114.915031,44.753091],[-114.917407,44.750417],[-114.914783,44.746902],[-114.915548,44.744806],[-114.919949,44.741692],[-114.922717,44.738208],[-114.925584,44.736934],[-114.927641,44.733857],[-114.929955,44.732692],[-114.933057,44.732845],[-114.939769,44.731669],[-114.943007,44.730828],[-114.944305,44.72961],[-114.944459,44.727132],[-114.943747,44.72501],[-114.947413,44.723038],[-114.950866,44.722542],[-114.953865,44.720973],[-114.956116,44.720982],[-114.961261,44.722605],[-114.96279,44.722684],[-114.964584,44.724084],[-114.969497,44.724236],[-114.971003,44.726575],[-114.973066,44.728488],[-114.979546,44.730008],[-114.986484,44.729942],[-114.988951,44.728298],[-114.995963,44.728718],[-114.998351,44.728181],[-115.000892,44.727138],[-115.000932,44.725691],[-114.998338,44.723088],[-114.998641,44.72213],[-114.999284,44.721576],[-115.002767,44.721009],[-115.004081,44.720314],[-115.004751,44.716852],[-115.00752,44.714203],[-115.00962,44.713367],[-115.011613,44.714261],[-115.012144,44.716997],[-115.014224,44.718711],[-115.015995,44.72423],[-115.016404,44.729315],[-115.018601,44.731506],[-115.014166,44.735551],[-115.013735,44.736701],[-115.016994,44.741695],[-115.017155,44.743422],[-115.020269,44.744081],[-115.022801,44.742089],[-115.022626,44.741204],[-115.026271,44.738892],[-115.027947,44.736843],[-115.032816,44.734974],[-115.033626,44.735999],[-115.033627,44.73847],[-115.034215,44.741204],[-115.033702,44.743608],[-115.036156,44.747851],[-115.038655,44.750652],[-115.040967,44.75165],[-115.043585,44.751719],[-115.047131,44.75366],[-115.052776,44.754751],[-115.055283,44.755977],[-115.059662,44.756919],[-115.061916,44.756249],[-115.064646,44.757905],[-115.068396,44.759289],[-115.070097,44.76349],[-115.074865,44.765023],[-115.075702,44.769164],[-115.086232,44.771457],[-115.088934,44.771077],[-115.090521,44.7694],[-115.091922,44.766726],[-115.095176,44.765303],[-115.096631,44.764203],[-115.099841,44.763763],[-115.101331,44.763142],[-115.104592,44.76023],[-115.107326,44.758713],[-115.11269,44.757431],[-115.113865,44.756371],[-115.11642,44.756284],[-115.11785,44.75566],[-115.119873,44.752958],[-115.126062,44.749696],[-115.12995,44.747106],[-115.136479,44.743145],[-115.137243,44.742368],[-115.139538,44.73721],[-115.140417,44.735898],[-115.146711,44.731248],[-115.149245,44.730675],[-115.151937,44.728592],[-115.150302,44.724803],[-115.148094,44.721361],[-115.146064,44.720561],[-115.144565,44.719106],[-115.141368,44.719663],[-115.139757,44.71871],[-115.139369,44.714875],[-115.139755,44.713124],[-115.142699,44.709817],[-115.143703,44.707188],[-115.146517,44.704457],[-115.14918,44.7012],[-115.149363,44.699262],[-115.150713,44.69645],[-115.14922,44.695406],[-115.146657,44.694587],[-115.149938,44.692751],[-115.150341,44.692043],[-115.149956,44.689173],[-115.151096,44.687316],[-115.15133,44.684441],[-115.15345,44.680758],[-115.15263,44.677223],[-115.154117,44.674335],[-115.155033,44.673857],[-115.392765,44.673065],[-115.448507,44.67103],[-115.45159,44.670954],[-115.453856,44.672848],[-115.467855,44.67257],[-115.474356,44.672785],[-115.478663,44.672609],[-115.703531,44.672244],[-115.719026,44.672417],[-115.718741,44.671777],[-115.721327,44.67234],[-115.74343,44.672604],[-115.786334,44.672325],[-115.786595,44.63057],[-115.786581,44.629227],[-115.788805,44.629157],[-115.789656,44.629159],[-115.85439,44.629181],[-115.907349,44.628976],[-115.927061,44.628857],[-115.932205,44.628749],[-115.932118,44.627811],[-115.93501,44.628267],[-115.950455,44.628836],[-116.097486,44.629037],[-116.134263,44.629237],[-116.144382,44.628907],[-116.144949,44.628891],[-116.17183,44.628757],[-116.171878,44.629088],[-116.171767,44.630285],[-116.173731,44.637013],[-116.17179,44.639712],[-116.168718,44.641269],[-116.172054,44.642324],[-116.175122,44.644741],[-116.177557,44.645936],[-116.177673,44.651903],[-116.175571,44.653782],[-116.169741,44.657018],[-116.167804,44.659517],[-116.168765,44.662345],[-116.16668,44.66812],[-116.165465,44.669036],[-116.164664,44.673346],[-116.164799,44.674831],[-116.163639,44.678254],[-116.16236,44.680365],[-116.163237,44.682967],[-116.163537,44.689128],[-116.163231,44.690594],[-116.161335,44.691587],[-116.159493,44.694255],[-116.16033,44.69835],[-116.159349,44.700716],[-116.157413,44.70296],[-116.157602,44.703743],[-116.160132,44.705479],[-116.161126,44.708044],[-116.160779,44.709271],[-116.165365,44.711149],[-116.168225,44.711255],[-116.16946,44.713271],[-116.173104,44.717069],[-116.175995,44.718799],[-116.179498,44.722471],[-116.181448,44.723774],[-116.183488,44.726153],[-116.18322,44.727367],[-116.179489,44.728982],[-116.177155,44.731006],[-116.177185,44.732431],[-116.179235,44.736272],[-116.179042,44.739305],[-116.177317,44.740725],[-116.176562,44.745238],[-116.181028,44.747717],[-116.185179,44.748532],[-116.188434,44.750379],[-116.189989,44.751642],[-116.190052,44.752841],[-116.192177,44.753583],[-116.193659,44.758808],[-116.195017,44.760232],[-116.198438,44.761381],[-116.199134,44.764602],[-116.202314,44.767213],[-116.206284,44.766973],[-116.207052,44.769481],[-116.20834,44.77145],[-116.208676,44.775603],[-116.210167,44.77969],[-116.211211,44.780872]]]}},{"type":"Feature","properties":{"fips":"16000","lea_geoid":"1600420","district_name":"Boundary County School District 101","state_fips":"16","state_abbr":"ID","county_name":"","county_fips":"000"},"geometry":{"type":"Polygon","coordinates":[[[-117.032107,48.874926],[-117.032351,48.999188],[-116.757185,48.999791],[-116.757234,48.999943],[-116.540341,48.999884],[-116.504205121202,48.9999472476428],[-116.417503,49.000099],[-116.376039,49.000518],[-116.358439173624,49.0005533769489],[-116.29047,49.00069],[-116.049418,49.000911],[-116.049086,49.000846],[-116.04908,48.791437],[-116.049065390433,48.6454159978598],[-116.049062827537,48.6198001410706],[-116.049062,48.611529],[-116.049109757716,48.5446260890566],[-116.049130667414,48.5153340754292],[-116.049140153119,48.5020457243821],[-116.1986,48.502077],[-116.221434,48.502048],[-116.374663,48.501217],[-116.376025,48.50116],[-116.448605,48.501264],[-116.577132,48.500928],[-116.589669,48.500818],[-116.591208,48.500634],[-116.602708,48.500786],[-116.678925,48.500103],[-116.692431,48.500255],[-116.700585,48.50049],[-116.703928,48.50035],[-116.784878,48.500472],[-116.784308,48.540433],[-116.78484,48.674197],[-116.786625,48.674195],[-116.785542,48.686544],[-116.785174,48.847402],[-117.03238462208,48.8466652930668],[-117.032107,48.874926]]]}},{"type":"Feature","properties":{"fips":"16000","lea_geoid":"1600960","district_name":"Preston Joint School District 201","state_fips":"16","state_abbr":"ID","county_name":"","county_fips":"000"},"geometry":{"type":"Polygon","coordinates":[[[-111.993102,42.237998],[-111.984416,42.238012],[-111.983916,42.256486],[-111.954553,42.256442],[-111.954457,42.263732],[-111.896738,42.263548],[-111.896786,42.314471],[-111.895062,42.329021],[-111.89532,42.416193],[-111.875636,42.416158],[-111.836377,42.416038],[-111.836843,42.357983],[-111.828114,42.357717],[-111.829014,42.343259],[-111.836753,42.342924],[-111.836796,42.328842],[-111.819315,42.328842],[-111.819003,42.323302],[-111.818067,42.315453],[-111.817859,42.309066],[-111.818275,42.285518],[-111.740443,42.284979],[-111.740651,42.321301],[-111.760213,42.321455],[-111.760338,42.328811],[-111.724497,42.32826],[-111.701243,42.328802],[-111.683269,42.328487],[-111.654968,42.32881],[-111.644832,42.328321],[-111.642108,42.328553],[-111.578011,42.32832],[-111.580014,42.328089],[-111.581907,42.326656],[-111.5861,42.326392],[-111.589039,42.324751],[-111.590076,42.322391],[-111.589009,42.321514],[-111.589447,42.320269],[-111.585294,42.315575],[-111.582128,42.310014],[-111.582534,42.308821],[-111.585052,42.306854],[-111.586274,42.303655],[-111.58485,42.301028],[-111.584498,42.297648],[-111.583346,42.294531],[-111.587219,42.293392],[-111.587515,42.29072],[-111.586462,42.287916],[-111.582911,42.285592],[-111.580275,42.28517],[-111.579936,42.28323],[-111.578403,42.28052],[-111.574326,42.280205],[-111.568409,42.278902],[-111.565518,42.278533],[-111.562195,42.276792],[-111.564648,42.273305],[-111.566628,42.273574],[-111.572127,42.271304],[-111.573972,42.269534],[-111.578262,42.268509],[-111.580938,42.266496],[-111.584315,42.265351],[-111.588237,42.264882],[-111.591235,42.262917],[-111.595162,42.257561],[-111.596555,42.256192],[-111.596606,42.254117],[-111.597663,42.25059],[-111.597171,42.249179],[-111.599631,42.248482],[-111.603514,42.249975],[-111.609912,42.250283],[-111.612134,42.248463],[-111.614485,42.245683],[-111.614131,42.242253],[-111.614885,42.240584],[-111.613769,42.237919],[-111.6128,42.237064],[-111.613217,42.233869],[-111.614298,42.232958],[-111.614459,42.22972],[-111.613607,42.22777],[-111.615621,42.223895],[-111.615923,42.221989],[-111.618657,42.219642],[-111.622443,42.21338],[-111.624668,42.211508],[-111.626104,42.207542],[-111.625506,42.205086],[-111.625672,42.20273],[-111.624978,42.20066],[-111.625706,42.199727],[-111.625997,42.196775],[-111.625681,42.190675],[-111.623233,42.188153],[-111.622024,42.18772],[-111.617369,42.186141],[-111.615814,42.184339],[-111.613948,42.176914],[-111.613469,42.173724],[-111.612426,42.171969],[-111.613387,42.169217],[-111.612908,42.162199],[-111.610644,42.15649],[-111.609167,42.156139],[-111.607963,42.154119],[-111.606096,42.15308],[-111.602758,42.152287],[-111.601079,42.150868],[-111.597094,42.149367],[-111.596377,42.148128],[-111.593669,42.146093],[-111.590241,42.142523],[-111.587205,42.141976],[-111.588534,42.140124],[-111.588725,42.137824],[-111.589798,42.136152],[-111.589081,42.134796],[-111.589773,42.133437],[-111.592125,42.131659],[-111.590948,42.129044],[-111.59137,42.126183],[-111.590391,42.124089],[-111.590938,42.120993],[-111.593549,42.119547],[-111.594475,42.115773],[-111.593566,42.114544],[-111.593873,42.113115],[-111.59553,42.112386],[-111.596787,42.109857],[-111.598062,42.109324],[-111.600598,42.10696],[-111.600377,42.103908],[-111.598888,42.101961],[-111.599116,42.099006],[-111.595743,42.09421],[-111.594263,42.093456],[-111.592218,42.093606],[-111.587281,42.092538],[-111.584789,42.092884],[-111.581471,42.094044],[-111.581004,42.094801],[-111.57728,42.090544],[-111.575847,42.087637],[-111.572367,42.084939],[-111.566592,42.083063],[-111.561416,42.083686],[-111.557841,42.084583],[-111.552249,42.0818],[-111.551845,42.079465],[-111.548692,42.077336],[-111.541453,42.076038],[-111.539791,42.075046],[-111.537119,42.077148],[-111.53177,42.077008],[-111.526728,42.074674],[-111.521577,42.074437],[-111.521015,42.072269],[-111.518117,42.069855],[-111.515292,42.06853],[-111.515515,42.06448],[-111.517067,42.062978],[-111.51664,42.061328],[-111.513683,42.059436],[-111.511891,42.059156],[-111.510977,42.056922],[-111.511852,42.054342],[-111.512136,42.049959],[-111.51411,42.048802],[-111.513643,42.046521],[-111.512153,42.044096],[-111.509507,42.041054],[-111.508224,42.040537],[-111.507931,42.035774],[-111.511655,42.033826],[-111.509794,42.028998],[-111.510409,42.02461],[-111.508398,42.02233],[-111.509459,42.019038],[-111.51104,42.016907],[-111.50954,42.013129],[-111.509251,42.008983],[-111.507836,42.007845],[-111.508381,42.004078],[-111.507805977738,41.9995407981441],[-111.613375,41.999331],[-111.739701000758,41.9993300805232],[-111.750764,41.99933],[-111.798645994082,41.9989951537633],[-111.812837950399,41.998895907204],[-111.813157008341,41.9988936759822],[-111.837002781271,41.9987269187808],[-111.844856,41.998672],[-111.896111661899,41.9986271300678],[-111.925069160692,41.9986017802633],[-111.933594965261,41.9985943166533],[-111.934952,42.001497],[-111.934806,42.002994],[-111.932424,42.003729],[-111.930275,42.003263],[-111.929604,42.005555],[-111.928141,42.00605],[-111.927393,42.007766],[-111.92539,42.007995],[-111.922922,42.009205],[-111.921021,42.009555],[-111.923323,42.011478],[-111.92391,42.013323],[-111.917845,42.012731],[-111.917776,42.014404],[-111.920627,42.01597],[-111.920977,42.017287],[-111.919382,42.019056],[-111.920369,42.020544],[-111.922903,42.021686],[-111.924898,42.024718],[-111.922227,42.024488],[-111.921098,42.026979],[-111.921799,42.028032],[-111.921934,42.030076],[-111.921296,42.031642],[-111.923351,42.032368],[-111.922641,42.034577],[-111.924858,42.036176],[-111.923818,42.036631],[-111.922015,42.036088],[-111.920781,42.03699],[-111.920579,42.039426],[-111.922149,42.042815],[-111.924692,42.045359],[-111.925152,42.047809],[-111.922897,42.048793],[-111.920464,42.05214],[-111.920576,42.052836],[-111.921048,42.05457],[-111.919766,42.055658],[-111.919442,42.058207],[-111.916617,42.059512],[-111.916236,42.06076],[-111.918082,42.063366],[-111.918633,42.065239],[-111.916173,42.065946],[-111.914972,42.067424],[-111.912653,42.069171],[-111.90952,42.070776],[-111.905424,42.073931],[-111.905611,42.074803],[-111.907082,42.074754],[-111.908056,42.073226],[-111.911076,42.073198],[-111.912107,42.075458],[-111.911926,42.077652],[-111.90983,42.081525],[-111.906833,42.082181],[-111.906265,42.083951],[-111.906988,42.0848],[-111.909921,42.085753],[-111.911274,42.084385],[-111.912561,42.084561],[-111.915286,42.087039],[-111.915558,42.089081],[-111.916589,42.090504],[-111.915736,42.091924],[-111.911543,42.090981],[-111.909721,42.094871],[-111.911083,42.09499],[-111.913934,42.093713],[-111.914524,42.096115],[-111.916334,42.09715],[-111.917657,42.097958],[-111.919116,42.097863],[-111.922545,42.099824],[-111.921968,42.102672],[-111.922745,42.103772],[-111.924961,42.104692],[-111.925789,42.108003],[-111.928522,42.108799],[-111.928417,42.110147],[-111.9273,42.110602],[-111.923525,42.110661],[-111.923422,42.111284],[-111.925819,42.113449],[-111.927045,42.115381],[-111.928553,42.116512],[-111.928479,42.11825],[-111.925136,42.118826],[-111.923455,42.12001],[-111.921786,42.121984],[-111.922133,42.12351],[-111.924152,42.123956],[-111.926214,42.125597],[-111.934997,42.125602],[-111.935699,42.126075],[-111.93533,42.130168],[-111.935748,42.134106],[-111.935267,42.139664],[-111.944976,42.140117],[-111.944932,42.147389],[-111.95419,42.147453],[-111.954177,42.190951],[-111.959064,42.190951],[-111.959027,42.205436],[-111.978543,42.205517],[-111.978769,42.214744],[-111.978517,42.223644],[-111.993102,42.223574],[-111.993102,42.237998]]]}},{"type":"Feature","properties":{"fips":"16000","lea_geoid":"1602610","district_name":"Pleasant Valley Elementary School District 364","state_fips":"16","state_abbr":"ID","county_name":"","county_fips":"000"},"geometry":{"type":"Polygon","coordinates":[[[-117.026701376309,43.3152915591549],[-116.947082,43.314976],[-116.94661,43.199217],[-116.867445,43.199119],[-116.867417,43.16829],[-116.867981,43.165427],[-116.867414,43.164442],[-116.867396,43.111067],[-116.78687,43.110988],[-116.788086,42.937284],[-116.748646,42.937351],[-116.748679,42.850556],[-116.74559,42.85057],[-116.745466,42.764143],[-116.628169,42.764127],[-116.628161,42.765963],[-116.557753,42.765803],[-116.555616,42.766414],[-116.554904,42.765805],[-116.546043,42.765772],[-116.54415,42.763418],[-116.541765,42.765778],[-116.511187,42.765684],[-116.511122,42.756065],[-116.513583,42.752869],[-116.511155,42.751632],[-116.510391,42.679432],[-116.629699,42.679086],[-116.629968,42.588169],[-116.630105,42.330823],[-116.709547,42.330926],[-116.711346,42.330843],[-116.86141,42.330177],[-116.8622743929,41.9986036007652],[-116.969156,41.998991],[-117.009255,41.998127],[-117.018208514199,41.9993463578912],[-117.018294,41.999358],[-117.026197,41.99989],[-117.026098,42.117647],[-117.02659,42.133258],[-117.026195,42.166404],[-117.026129,42.357193],[-117.026551,42.378557],[-117.026575021601,42.4304607260049],[-117.026631374451,42.5522229216117],[-117.026665,42.624878],[-117.026331,42.807015],[-117.026303,42.80717],[-117.026253,42.807447],[-117.026683,43.024876],[-117.026652,43.025128],[-117.026701376309,43.3152915591549]]]}},{"type":"Feature","properties":{"fips":"16000","lea_geoid":"1602370","district_name":"New Plymouth School District 372","state_fips":"16","state_abbr":"ID","county_name":"","county_fips":"000"},"geometry":{"type":"Polygon","coordinates":[[[-116.862733,43.965824],[-116.858425,43.965754],[-116.858474,43.969109],[-116.862571,43.969226],[-116.862454,43.987065],[-116.858911,43.987157],[-116.858959,43.990449],[-116.852397,43.990613],[-116.852417,43.996301],[-116.852488,44.010693],[-116.833749,44.010508],[-116.835151,44.011795],[-116.837237,44.012377],[-116.837903,44.01251],[-116.839592,44.012515],[-116.839933,44.012564],[-116.840541,44.012483],[-116.844258,44.013821],[-116.846109,44.015118],[-116.848417,44.017224],[-116.852881,44.018573],[-116.855087,44.01981],[-116.856071,44.020858],[-116.856549,44.024255],[-116.855131,44.024104],[-116.850903,44.025547],[-116.848852,44.027287],[-116.844075,44.027243],[-116.84187,44.026098],[-116.832236,44.021282],[-116.832431,44.038141],[-116.83254,44.039121],[-116.827665,44.039465],[-116.826492,44.039069],[-116.792103,44.039208],[-116.791745,44.054486],[-116.788154,44.054385],[-116.771963,44.054562],[-116.771885,44.065892],[-116.771663,44.068432],[-116.767029,44.068286],[-116.754159,44.068326],[-116.557267,44.066532],[-116.555362,44.066426],[-116.532117,44.066024],[-116.53217,44.008843],[-116.572142,44.009214],[-116.572224,43.980485],[-116.712501,43.981326],[-116.712421,43.960539],[-116.712348,43.952066],[-116.712348,43.905222],[-116.712752,43.879858],[-116.712672,43.807161],[-116.752608,43.807196],[-116.751998,43.806115],[-116.753067,43.805557],[-116.753114,43.799926],[-116.778009,43.799892],[-116.7932,43.799861],[-116.793189,43.792687],[-116.828107,43.792701],[-116.853154,43.79271],[-116.853132,43.807387],[-116.854201,43.822246],[-116.853513,43.877609],[-116.853647,43.92497],[-116.853234,43.933477],[-116.853477,43.939159],[-116.853133,43.954897],[-116.862645,43.95468],[-116.862733,43.965824]]]}},{"type":"Feature","properties":{"fips":"16000","lea_geoid":"1600600","district_name":"Vallivue School District 139","state_fips":"16","state_abbr":"ID","county_name":"","county_fips":"000"},"geometry":{"type":"Polygon","coordinates":[[[-116.8625,43.658022],[-116.857524,43.65794],[-116.857498,43.665218],[-116.862487,43.66521],[-116.862486,43.676296],[-116.852498,43.676396],[-116.852512,43.68715],[-116.847416,43.687237],[-116.847533,43.69084],[-116.846932,43.690843],[-116.832607,43.690962],[-116.832657,43.68799],[-116.829589,43.686317],[-116.826336,43.684358],[-116.823578,43.683818],[-116.822753,43.683694],[-116.81769,43.683871],[-116.817518,43.683872],[-116.810739,43.683946],[-116.802834,43.681817],[-116.802702,43.719031],[-116.800015,43.719311],[-116.7979,43.720816],[-116.79374,43.722099],[-116.793157,43.721632],[-116.792636,43.718904],[-116.790919,43.715594],[-116.788839,43.713793],[-116.786251,43.713057],[-116.785131,43.713106],[-116.781476,43.714071],[-116.779796,43.713934],[-116.776308,43.711863],[-116.774093,43.709436],[-116.773662,43.709134],[-116.77299,43.709058],[-116.767453,43.708232],[-116.766414,43.706915],[-116.765297,43.702674],[-116.762072,43.701728],[-116.757655,43.703276],[-116.753367,43.703311],[-116.752802,43.702391],[-116.75346,43.700196],[-116.751629,43.697978],[-116.745618,43.697814],[-116.742303,43.69653],[-116.741554,43.693638],[-116.739545,43.692718],[-116.736856,43.690393],[-116.73384,43.690435],[-116.731622,43.689335],[-116.728951,43.686534],[-116.727107,43.685578],[-116.723951,43.684975],[-116.722061,43.68433],[-116.720779,43.683064],[-116.720316,43.681331],[-116.718349,43.678531],[-116.718351,43.678378],[-116.720516,43.681182],[-116.721009,43.683109],[-116.724111,43.684826],[-116.724202,43.684584],[-116.728688,43.685999],[-116.730845,43.688446],[-116.733227,43.689972],[-116.733239,43.669832],[-116.733142,43.633264],[-116.752738,43.633138],[-116.752744,43.617799],[-116.750912,43.617973],[-116.712958,43.618466],[-116.695415,43.61867],[-116.692867,43.618731],[-116.690412,43.618725],[-116.682909,43.61882],[-116.682957,43.624421],[-116.68296,43.626098],[-116.67796,43.626154],[-116.677971,43.62979],[-116.680503,43.629756],[-116.682986,43.629736],[-116.682975,43.631643],[-116.682993,43.633564],[-116.678023,43.633595],[-116.675783,43.633606],[-116.673012,43.633623],[-116.670531,43.633645],[-116.668037,43.633681],[-116.665541,43.633692],[-116.663015,43.633722],[-116.660522,43.633746],[-116.658395,43.633763],[-116.655337,43.633825],[-116.652994,43.63384],[-116.637459,43.633942],[-116.633134,43.633962],[-116.633065,43.648497],[-116.633086,43.650317],[-116.633086,43.652105],[-116.633082,43.653447],[-116.633073,43.65579],[-116.653033,43.655508],[-116.653037,43.656335],[-116.652976,43.664577],[-116.652934,43.673659],[-116.653216,43.694414],[-116.65305,43.695785],[-116.650829,43.695249],[-116.649232,43.69543],[-116.647423,43.696763],[-116.642945,43.697526],[-116.64218,43.697113],[-116.635893,43.695422],[-116.63349,43.694116],[-116.632456,43.692021],[-116.631687,43.691324],[-116.630658,43.690857],[-116.629891,43.690743],[-116.628477,43.690951],[-116.628358,43.691166],[-116.628385,43.692027],[-116.625509,43.692243],[-116.624742,43.692802],[-116.625699,43.691929],[-116.621663,43.695131],[-116.61558,43.695124],[-116.614144,43.696216],[-116.613182,43.696646],[-116.612858,43.696776],[-116.612461,43.69699],[-116.612468,43.697156],[-116.610746,43.697372],[-116.605216,43.696124],[-116.603954,43.693929],[-116.604303,43.690519],[-116.60138,43.689147],[-116.6007,43.688083],[-116.597268,43.688287],[-116.593217,43.687315],[-116.58958,43.688239],[-116.586443,43.686782],[-116.585035,43.684882],[-116.583719,43.684436],[-116.58049,43.685151],[-116.577653,43.683205],[-116.575234,43.683248],[-116.572807,43.68443],[-116.570935,43.68409],[-116.569432,43.681644],[-116.567612,43.680862],[-116.563771,43.68158],[-116.562598,43.682224],[-116.552607,43.681427],[-116.550174,43.680732],[-116.547896,43.67868],[-116.542365,43.676879],[-116.540828,43.677564],[-116.539352,43.680463],[-116.537866,43.682091],[-116.535237,43.683687],[-116.530674,43.683898],[-116.52659,43.682734],[-116.525845,43.680524],[-116.523077,43.679806],[-116.518638,43.681271],[-116.51582,43.681164],[-116.512745,43.681857],[-116.512745,43.681684],[-116.512856,43.663156],[-116.513123,43.634183],[-116.493501,43.634136],[-116.493534,43.631818],[-116.493538,43.630483],[-116.493562,43.626845],[-116.493566,43.625739],[-116.4936,43.623217],[-116.49361,43.621375],[-116.493596,43.619601],[-116.493597,43.612268],[-116.493578,43.61172],[-116.493565,43.610415],[-116.493524,43.604972],[-116.513149,43.605033],[-116.522148,43.604699],[-116.533667,43.604683],[-116.541629,43.605219],[-116.542538,43.604739],[-116.543178,43.605026],[-116.553125,43.605056],[-116.553146,43.612329],[-116.553154,43.613388],[-116.553198,43.61663],[-116.553177,43.618572],[-116.553156,43.619596],[-116.553161,43.621884],[-116.553216,43.631949],[-116.553197,43.634149],[-116.554493,43.634143],[-116.554495,43.634285],[-116.559409,43.634312],[-116.568235,43.634264],[-116.568234,43.634128],[-116.573206,43.634135],[-116.573185,43.629524],[-116.573149,43.623223],[-116.573137,43.620415],[-116.573137,43.619618],[-116.573113,43.605048],[-116.583168,43.604972],[-116.585639,43.604976],[-116.589522,43.604975],[-116.593111,43.604988],[-116.593115,43.603527],[-116.593111,43.603251],[-116.593124,43.602882],[-116.59315,43.597725],[-116.593194,43.590439],[-116.598656,43.590427],[-116.600664,43.590433],[-116.60228,43.59043],[-116.60567,43.590423],[-116.606909,43.590426],[-116.610806,43.59044],[-116.613135,43.590437],[-116.615143,43.590428],[-116.615579,43.590428],[-116.618078,43.590427],[-116.622996,43.590403],[-116.627975,43.59039],[-116.628792,43.590389],[-116.632929,43.590365],[-116.637934,43.590318],[-116.642954,43.590239],[-116.646075,43.590197],[-116.648676,43.590169],[-116.652931,43.590107],[-116.667958,43.589918],[-116.670672,43.589874],[-116.672941,43.589851],[-116.676799,43.589793],[-116.679132,43.589754],[-116.684307,43.589687],[-116.685533,43.589826],[-116.692055,43.589688],[-116.692719,43.589678],[-116.692446,43.585547],[-116.692646,43.559258],[-116.692836,43.545632],[-116.688243,43.54554],[-116.663943,43.545883],[-116.652719,43.545976],[-116.652841,43.540965],[-116.652868,43.539136],[-116.64888,43.539173],[-116.643062,43.539186],[-116.643062,43.536921],[-116.643007,43.527861],[-116.642463,43.519049],[-116.64305,43.517389],[-116.648095,43.517381],[-116.673029,43.517203],[-116.672977,43.502692],[-116.673003,43.488122],[-116.672997,43.459112],[-116.702891,43.459019],[-116.712911,43.458881],[-116.712911,43.430204],[-116.717047,43.430239],[-116.717622,43.431063],[-116.723001,43.434677],[-116.724502,43.435372],[-116.727625,43.435777],[-116.729814,43.437783],[-116.731992,43.441787],[-116.737855,43.447064],[-116.738535,43.448281],[-116.741607,43.450674],[-116.744726,43.45554],[-116.750457,43.45918],[-116.754518,43.460195],[-116.759467,43.463434],[-116.764072,43.465933],[-116.771673,43.469437],[-116.776184,43.472836],[-116.777692,43.473228],[-116.780634,43.477084],[-116.781336,43.478633],[-116.780227,43.481147],[-116.780911,43.48239],[-116.781453,43.489781],[-116.783246,43.493389],[-116.784188,43.498351],[-116.785062,43.49951],[-116.783138,43.501238],[-116.783027,43.505549],[-116.784509,43.510613],[-116.784918,43.514945],[-116.784387,43.51635],[-116.77226,43.516459],[-116.77231,43.523722],[-116.767495,43.52374],[-116.767437,43.53098],[-116.757374,43.530998],[-116.752407,43.531027],[-116.752418,43.566905],[-116.782375,43.566919],[-116.782317,43.559798],[-116.792205,43.559616],[-116.802945,43.55957],[-116.805411,43.564845],[-116.810228,43.571456],[-116.811934,43.573957],[-116.816511,43.577921],[-116.822466,43.580979],[-116.830911,43.584616],[-116.83231,43.58573],[-116.837383,43.590725],[-116.841896,43.593302],[-116.842215,43.617472],[-116.842314,43.633042],[-116.862397,43.632685],[-116.8625,43.658022]]]}},{"type":"Feature","properties":{"fips":"16000","lea_geoid":"1601830","district_name":"Lapwai School District 341","state_fips":"16","state_abbr":"ID","county_name":"","county_fips":"000"},"geometry":{"type":"Polygon","coordinates":[[[-116.982498,46.091347],[-116.981747,46.092881],[-116.978823,46.095731],[-116.976957,46.09667],[-116.974058,46.097707],[-116.959548,46.099058],[-116.955263,46.102237],[-116.951265,46.111161],[-116.95098,46.118853],[-116.950276,46.123464],[-116.948336,46.125885],[-116.942951,46.129274],[-116.940593,46.132426],[-116.935833,46.135684],[-116.933949,46.13892],[-116.935473,46.142448],[-116.93438,46.154229],[-116.9306,46.156822],[-116.922648,46.160744],[-116.921258,46.164795],[-116.92187,46.167808],[-116.923958,46.17092],[-116.927621,46.17318],[-116.933571,46.173618],[-116.939734,46.179536],[-116.939611,46.18189],[-116.941724,46.185034],[-116.952416,46.193514],[-116.954814816088,46.194916],[-116.875658,46.194811],[-116.875635,46.180293],[-116.807557,46.180479],[-116.806772,46.206804],[-116.832333,46.211423],[-116.832401,46.219675],[-116.834183,46.220598],[-116.832939,46.238488],[-116.832819,46.242194],[-116.842506,46.241917],[-116.854664,46.325961],[-116.859175,46.341398],[-116.864872,46.372804],[-116.869377,46.398469],[-116.874832,46.430408],[-116.876569,46.437693],[-116.876844,46.443807],[-116.877336,46.444263],[-116.878224,46.44457],[-116.878261,46.444763],[-116.878436,46.444794],[-116.878865,46.444977],[-116.878865,46.445183],[-116.878382,46.445432],[-116.878887,46.448043],[-116.883093,46.447023],[-116.889543,46.443839],[-116.896762,46.438822],[-116.899569,46.437467],[-116.904531,46.435809],[-116.907796,46.435111],[-116.911628,46.433061],[-116.912222,46.433301],[-116.912084,46.434553],[-116.912061,46.463877],[-116.90428,46.464424],[-116.865215,46.464741],[-116.865215,46.467379],[-116.860005,46.467397],[-116.859952,46.47077],[-116.858434,46.471116],[-116.836539,46.471233],[-116.829413,46.471441],[-116.813499,46.471548],[-116.813707,46.476618],[-116.813185,46.484358],[-116.803136,46.484253],[-116.802973,46.481027],[-116.781782,46.480829],[-116.782341,46.498913],[-116.771222,46.499358],[-116.770875,46.52062],[-116.764822,46.520746],[-116.764948,46.541313],[-116.764948,46.542308],[-116.754203,46.542303],[-116.740659,46.542475],[-116.729445,46.542731],[-116.719085,46.542874],[-116.717942,46.54362],[-116.716825,46.546116],[-116.713815,46.550126],[-116.715706,46.551609],[-116.715015,46.552917],[-116.713113,46.553494],[-116.712128,46.556721],[-116.707822,46.55665],[-116.707745,46.563833],[-116.696872,46.564042],[-116.696822,46.57079],[-116.65464,46.570908],[-116.656226,46.569602],[-116.655946,46.547145],[-116.648716,46.547506],[-116.645312,46.543773],[-116.644989,46.536088],[-116.579083,46.536651],[-116.5771,46.53637],[-116.577255,46.550525],[-116.552585,46.551618],[-116.551256,46.553497],[-116.551454,46.555737],[-116.550095,46.559325],[-116.547576,46.561588],[-116.54499,46.562959],[-116.540516,46.56417],[-116.533491,46.563277],[-116.530012,46.56186],[-116.523584,46.561652],[-116.521032,46.561217],[-116.519011,46.561773],[-116.515696,46.561946],[-116.512549,46.560939],[-116.506785,46.557987],[-116.498183,46.556338],[-116.498174,46.554171],[-116.494227,46.554402],[-116.493826,46.529402],[-116.499504,46.529491],[-116.499504,46.525902],[-116.472839,46.525767],[-116.472925,46.52229],[-116.478285,46.52229],[-116.47838,46.518658],[-116.477288,46.518395],[-116.451641,46.518585],[-116.451558,46.490833],[-116.452306,46.489643],[-116.456488,46.490412],[-116.461237,46.494335],[-116.465365,46.496757],[-116.471409,46.499538],[-116.472758,46.499831],[-116.473177,46.478416],[-116.489396,46.478531],[-116.489396,46.470334],[-116.489396,46.467615],[-116.491445,46.467579],[-116.494213,46.467538],[-116.494157,46.465105],[-116.494078,46.46021],[-116.48402,46.460286],[-116.48402,46.457158],[-116.48402,46.456964],[-116.505235,46.456864],[-116.510953,46.456815],[-116.511277,46.457161],[-116.525577,46.457197],[-116.525449,46.464128],[-116.541618,46.464203],[-116.541627,46.468418],[-116.546688,46.468272],[-116.546487,46.471124],[-116.546015,46.47781],[-116.556949,46.477926],[-116.556903,46.484918],[-116.588351,46.48554],[-116.588095,46.492064],[-116.598632,46.491687],[-116.601177,46.491864],[-116.607811,46.491598],[-116.618754,46.491963],[-116.619022,46.495659],[-116.650261,46.49549],[-116.650099,46.491927],[-116.6662,46.491703],[-116.666258,46.484776],[-116.656367,46.48466],[-116.656319,46.483085],[-116.656016,46.477915],[-116.671642,46.477817],[-116.680809,46.477577],[-116.683075,46.477877],[-116.682866,46.475998],[-116.682621,46.457823],[-116.673758,46.457819],[-116.673156,46.4367],[-116.693564,46.436287],[-116.693605,46.428965],[-116.704225,46.428801],[-116.704212,46.421807],[-116.734959,46.422071],[-116.735049,46.414607],[-116.72577,46.414102],[-116.726055,46.377894],[-116.735682,46.377751],[-116.73619,46.367059],[-116.737075,46.348754],[-116.741552,46.348313],[-116.742009,46.339968],[-116.742009,46.333715],[-116.747361,46.333206],[-116.746804,46.28242],[-116.745124,46.282341],[-116.745258,46.25511],[-116.744756,46.250113],[-116.744796,46.242471],[-116.74431,46.237563],[-116.702543,46.237792],[-116.702752,46.1816],[-116.702745,46.179767],[-116.744402,46.179999],[-116.744405,46.17964],[-116.744129,46.122597],[-116.702665,46.12303],[-116.704296,46.063824],[-116.701581,46.063717],[-116.701934,45.997253],[-116.701819,45.996381],[-116.702517,45.995648],[-116.714363,45.99099],[-116.719539,45.987575],[-116.724282,45.981774],[-116.725423,45.979065],[-116.728611,45.976546],[-116.730193,45.974383],[-116.730077,45.971638],[-116.734417,45.969534],[-116.738754,45.969545],[-116.741695,45.968911],[-116.743973,45.966883],[-116.744343,45.964772],[-116.745375,45.963081],[-116.748695,45.961518],[-116.749863,45.959516],[-116.749977,45.955777],[-116.753075,45.951454],[-116.753052,45.949024],[-116.755491,45.946093],[-116.757042,45.942103],[-116.757154,45.940175],[-116.755215,45.938621],[-116.753967,45.935092],[-116.754492,45.932311],[-116.75402,45.930953],[-116.749271,45.924631],[-116.748433,45.921081],[-116.746505,45.917555],[-116.742527,45.914353],[-116.7395,45.913157],[-116.735696,45.908932],[-116.736794,45.907526],[-116.734419,45.90476],[-116.729819,45.903772],[-116.729695,45.901154],[-116.73131,45.898755],[-116.730334,45.894533],[-116.730893,45.893321],[-116.73676,45.885833],[-116.741501,45.882128],[-116.743921,45.878302],[-116.743934,45.875587],[-116.745471,45.873595],[-116.750235,45.869287],[-116.752592,45.868367],[-116.75822,45.867475],[-116.759856,45.867572],[-116.762451,45.86655],[-116.765589,45.864528],[-116.768292,45.862305],[-116.771402,45.861546],[-116.77522,45.861533],[-116.780269,45.860372],[-116.785463,45.85693],[-116.790206,45.855216],[-116.794454975327,45.8561406398762],[-116.796051,45.858473],[-116.796555004061,45.8590045012698],[-116.814142,45.877551],[-116.819182,45.880938],[-116.830003,45.886405],[-116.84355,45.892273],[-116.857254,45.904159],[-116.859795,45.907264],[-116.866544,45.916958],[-116.869655,45.923799],[-116.870484,45.932408],[-116.873933,45.939894],[-116.875706,45.945008],[-116.874869,45.950253],[-116.87598,45.95441],[-116.880506,45.958508],[-116.886843,45.958617],[-116.89091,45.96001],[-116.894652,45.969686],[-116.892861,45.976373],[-116.900497,45.982801],[-116.911409,45.988912],[-116.915989,45.995413],[-116.91718,45.996575],[-116.91868,45.999875],[-116.921161,46.013531],[-116.923005,46.018293],[-116.92759,46.020398],[-116.929849,46.023583],[-116.930357,46.032392],[-116.92968,46.034678],[-116.931706,46.039651],[-116.935861,46.043589],[-116.939051,46.044936],[-116.943469,46.054415],[-116.942656,46.061],[-116.948564,46.067933],[-116.957372,46.075449],[-116.960416,46.076346],[-116.96319,46.075905],[-116.970009,46.076769],[-116.978938,46.080007],[-116.981962,46.084915],[-116.982479,46.089389],[-116.982498,46.091347]]]}},{"type":"Feature","properties":{"fips":"16000","lea_geoid":"1600630","district_name":"Cascade School District 422","state_fips":"16","state_abbr":"ID","county_name":"","county_fips":"000"},"geometry":{"type":"Polygon","coordinates":[[[-116.213381,44.237844],[-116.21291,44.324373],[-116.155225,44.324589],[-116.152295,44.324519],[-116.152418,44.498832],[-116.157022,44.498928],[-116.158585,44.500702],[-116.158135,44.502258],[-116.158763,44.504092],[-116.158001,44.506522],[-116.158717,44.508816],[-116.161398,44.509906],[-116.164247,44.513305],[-116.161075,44.515047],[-116.1606,44.516797],[-116.161475,44.520083],[-116.160986,44.521618],[-116.162442,44.524208],[-116.161901,44.524808],[-116.163767,44.530732],[-116.165814,44.532035],[-116.164264,44.533429],[-116.164281,44.535296],[-116.165579,44.538806],[-116.165333,44.539749],[-116.167336,44.544095],[-116.170075,44.545844],[-116.171374,44.547797],[-116.171483,44.54939],[-116.172938,44.555369],[-116.172601,44.556488],[-116.173744,44.558411],[-116.176306,44.561],[-116.175433,44.562637],[-116.175748,44.565144],[-116.173745,44.568876],[-116.174821,44.569974],[-116.174814,44.57408],[-116.17618,44.577079],[-116.176206,44.578721],[-116.178083,44.580305],[-116.179731,44.580428],[-116.181971,44.583015],[-116.183571,44.583655],[-116.184176,44.585652],[-116.182851,44.587569],[-116.180452,44.58954],[-116.179408,44.596322],[-116.176527,44.602053],[-116.177642,44.604491],[-116.178807,44.605053],[-116.177614,44.60649],[-116.177427,44.609173],[-116.175979,44.612448],[-116.171998,44.614493],[-116.170058,44.621195],[-116.171478,44.622996],[-116.170135,44.624413],[-116.17159,44.627136],[-116.17183,44.628757],[-116.144949,44.628891],[-116.144382,44.628907],[-116.134263,44.629237],[-116.097486,44.629037],[-115.950455,44.628836],[-115.93501,44.628267],[-115.932118,44.627811],[-115.932205,44.628749],[-115.927061,44.628857],[-115.907349,44.628976],[-115.85439,44.629181],[-115.789656,44.629159],[-115.788805,44.629157],[-115.786581,44.629227],[-115.786595,44.63057],[-115.786334,44.672325],[-115.74343,44.672604],[-115.721327,44.67234],[-115.718741,44.671777],[-115.719026,44.672417],[-115.703531,44.672244],[-115.478663,44.672609],[-115.474356,44.672785],[-115.467855,44.67257],[-115.453856,44.672848],[-115.45159,44.670954],[-115.448507,44.67103],[-115.392765,44.673065],[-115.155033,44.673857],[-115.156489,44.670232],[-115.159937,44.668024],[-115.159632,44.665558],[-115.160221,44.664234],[-115.165631,44.661486],[-115.164004,44.657199],[-115.16519,44.65506],[-115.165605,44.650306],[-115.167523,44.650301],[-115.167998,44.647618],[-115.168835,44.64713],[-115.172165,44.64729],[-115.176973,44.645641],[-115.18028,44.645884],[-115.181107,44.644765],[-115.180868,44.643004],[-115.18147,44.639566],[-115.184011,44.637047],[-115.187533,44.637116],[-115.190383,44.635755],[-115.19235,44.633945],[-115.195067,44.632634],[-115.197165,44.63073],[-115.196267,44.628494],[-115.197789,44.62498],[-115.198961,44.624182],[-115.203653,44.625549],[-115.205716,44.628017],[-115.209037,44.629442],[-115.210776,44.628405],[-115.212979,44.625587],[-115.215148,44.626137],[-115.217616,44.628957],[-115.219636,44.629111],[-115.222,44.630704],[-115.225539,44.62893],[-115.226073,44.625895],[-115.224558,44.623828],[-115.221971,44.621717],[-115.222485,44.619429],[-115.225496,44.61794],[-115.228163,44.618147],[-115.231416,44.619057],[-115.232905,44.620825],[-115.234738,44.621846],[-115.24004,44.62102],[-115.242782,44.61895],[-115.246476,44.618781],[-115.24949,44.618142],[-115.250608,44.61688],[-115.254194,44.615657],[-115.257668,44.615244],[-115.259208,44.611683],[-115.258989,44.609275],[-115.260218,44.606219],[-115.261686,44.605948],[-115.263046,44.605852],[-115.267285,44.607233],[-115.273089,44.610621],[-115.277206,44.611114],[-115.279542,44.61208],[-115.280531,44.611468],[-115.283461,44.604978],[-115.283208,44.602549],[-115.288945,44.59951],[-115.29113,44.596884],[-115.290774,44.595573],[-115.294706,44.592475],[-115.295099,44.587806],[-115.295814,44.586976],[-115.300392,44.585157],[-115.305042,44.579592],[-115.304032,44.577569],[-115.304313,44.575707],[-115.302587,44.572541],[-115.302812,44.569497],[-115.300275,44.568141],[-115.301672,44.566756],[-115.300635,44.565189],[-115.301072,44.563478],[-115.299093,44.562432],[-115.300098,44.55933],[-115.298362,44.555759],[-115.298596,44.554599],[-115.297275,44.552908],[-115.298152,44.551311],[-115.294459,44.549161],[-115.2945,44.546216],[-115.293908,44.544766],[-115.29036,44.542716],[-115.291441,44.53664],[-115.294281,44.533944],[-115.294503,44.532124],[-115.291408,44.531631],[-115.286712,44.529723],[-115.280393,44.526486],[-115.280372,44.525353],[-115.282096,44.523465],[-115.28207,44.520797],[-115.280548,44.518568],[-115.276144,44.517945],[-115.272588,44.518844],[-115.27001,44.518414],[-115.268578,44.519723],[-115.266781,44.520051],[-115.263746,44.518102],[-115.260698,44.517992],[-115.255197,44.517068],[-115.252728,44.518128],[-115.252703,44.520114],[-115.249765,44.520844],[-115.247135,44.519717],[-115.246149,44.517369],[-115.245768,44.514626],[-115.244475,44.513633],[-115.244675,44.51204],[-115.242876,44.511622],[-115.239813,44.512363],[-115.238271,44.510978],[-115.238814,44.507322],[-115.23761,44.505531],[-115.23932,44.50271],[-115.238747,44.500955],[-115.237086,44.499112],[-115.236931,44.49703],[-115.234489,44.495545],[-115.232558,44.492844],[-115.228289,44.490716],[-115.227553,44.489343],[-115.228168,44.487314],[-115.227046,44.486243],[-115.22847,44.484696],[-115.226636,44.481361],[-115.227013,44.478805],[-115.226432,44.475418],[-115.228262,44.474135],[-115.23177,44.472587],[-115.233719,44.47061],[-115.235211,44.470045],[-115.23359,44.466487],[-115.228886,44.466243],[-115.224804,44.464626],[-115.223645,44.463449],[-115.224146,44.461004],[-115.22622,44.45996],[-115.230835,44.459266],[-115.232281,44.458556],[-115.231699,44.455989],[-115.230444,44.454253],[-115.228087,44.454503],[-115.227202,44.453622],[-115.229463,44.452426],[-115.230937,44.450044],[-115.231605,44.446878],[-115.229759,44.444724],[-115.228317,44.440482],[-115.22877,44.438926],[-115.228194,44.437205],[-115.229367,44.435991],[-115.228783,44.432853],[-115.228728,44.42974],[-115.228126,44.429236],[-115.228222,44.423521],[-115.232674,44.419097],[-115.232506,44.417127],[-115.231361,44.415347],[-115.231952,44.41415],[-115.23438,44.411792],[-115.239666,44.409894],[-115.238927,44.407495],[-115.241112,44.404902],[-115.240997,44.401751],[-115.24758,44.396726],[-115.24698,44.394646],[-115.247163,44.390183],[-115.246486,44.387859],[-115.249926,44.385462],[-115.251191,44.382664],[-115.253486,44.381602],[-115.256084,44.379282],[-115.25891,44.377744],[-115.259556,44.376555],[-115.25931,44.372396],[-115.26023,44.370295],[-115.263257,44.36844],[-115.269728,44.362734],[-115.271956,44.361556],[-115.273685,44.358814],[-115.276858,44.357026],[-115.280168,44.356513],[-115.2825,44.358168],[-115.284281,44.358222],[-115.285326,44.354497],[-115.284082,44.352482],[-115.284026,44.346731],[-115.285063,44.345477],[-115.290442,44.343927],[-115.292921,44.344148],[-115.294007,44.342791],[-115.294614,44.339445],[-115.303463,44.342533],[-115.304899,44.344523],[-115.307852,44.345708],[-115.312566,44.346276],[-115.31557,44.347468],[-115.320174,44.348388],[-115.323312,44.350294],[-115.323474,44.351041],[-115.330885,44.351695],[-115.334073,44.349327],[-115.335985,44.349228],[-115.339379,44.346898],[-115.344712,44.347001],[-115.347202,44.348715],[-115.349229,44.349281],[-115.355337,44.346294],[-115.357484,44.345959],[-115.357407,44.343464],[-115.352289,44.339573],[-115.350155,44.336325],[-115.352054,44.333741],[-115.356254,44.333088],[-115.356744,44.331557],[-115.356275,44.328766],[-115.352897,44.328535],[-115.350816,44.3264],[-115.350334,44.324069],[-115.35098,44.320542],[-115.349368,44.314122],[-115.353857,44.312006],[-115.352935,44.307414],[-115.351375,44.306434],[-115.353537,44.303858],[-115.356036,44.303465],[-115.360963,44.301602],[-115.362594,44.300235],[-115.368329,44.297922],[-115.368985,44.295826],[-115.375258,44.295626],[-115.378396,44.291887],[-115.378521,44.290991],[-115.386173,44.289459],[-115.387835,44.28691],[-115.387364,44.285938],[-115.388966,44.284584],[-115.387258,44.282717],[-115.388321,44.279176],[-115.387864,44.276763],[-115.389989,44.273612],[-115.390439,44.269867],[-115.393727,44.267049],[-115.396605,44.268005],[-115.398516,44.265446],[-115.401489,44.265804],[-115.401878,44.262382],[-115.401408,44.259623],[-115.402309,44.258982],[-115.4055,44.259073],[-115.407941,44.263502],[-115.411105,44.264739],[-115.412843,44.266108],[-115.416548,44.267013],[-115.42115,44.265902],[-115.42616,44.26647],[-115.426662,44.264374],[-115.428642,44.261606],[-115.435645,44.259273],[-115.437793,44.257451],[-115.442822,44.254978],[-115.442924,44.253016],[-115.441917,44.251664],[-115.442163,44.249795],[-115.443549,44.248166],[-115.448371,44.248158],[-115.451908,44.245954],[-115.455062,44.245102],[-115.457305,44.242953],[-115.462397,44.242132],[-115.465827,44.242106],[-115.468004,44.241097],[-115.470362,44.241631],[-115.472061,44.241299],[-115.472043,44.238133],[-115.480031,44.240617],[-115.484737,44.241215],[-115.486952,44.238314],[-115.489605,44.237459],[-115.491836,44.234305],[-115.494543,44.232839],[-115.496108,44.232926],[-115.497488,44.234308],[-115.502338,44.234463],[-115.504438,44.238543],[-115.504305,44.241794],[-115.506206,44.243285],[-115.515573,44.242406],[-115.517329,44.239217],[-115.520074,44.237321],[-115.520287,44.235356],[-115.682526,44.235648],[-115.951381,44.235568],[-116.036908,44.235538],[-116.037035,44.236487],[-116.103072,44.236409],[-116.103014,44.228523],[-116.103407,44.226223],[-116.105855,44.223602],[-116.107044,44.21442],[-116.106226,44.211693],[-116.106704,44.209525],[-116.109172,44.205847],[-116.108808,44.204042],[-116.110963,44.201164],[-116.113158,44.196862],[-116.111212,44.195153],[-116.112204,44.192944],[-116.11422,44.190873],[-116.114055,44.188071],[-116.115517,44.183376],[-116.11648,44.181979],[-116.114122,44.178135],[-116.118578,44.176026],[-116.119253,44.175109],[-116.120379,44.169709],[-116.119869,44.167051],[-116.117297,44.164853],[-116.117482,44.160812],[-116.116919,44.159884],[-116.117449,44.157421],[-116.116802,44.15456],[-116.115018,44.154153],[-116.114025,44.151465],[-116.111512,44.149332],[-116.11249,44.147839],[-116.155683,44.147668],[-116.155722,44.151351],[-116.213871,44.151387],[-116.213381,44.237844]]]}},{"type":"Feature","properties":{"fips":"16000","lea_geoid":"1601170","district_name":"Garden Valley School District 71","state_fips":"16","state_abbr":"ID","county_name":"","county_fips":"000"},"geometry":{"type":"Polygon","coordinates":[[[-116.216485,44.151357],[-116.213871,44.151387],[-116.155722,44.151351],[-116.155683,44.147668],[-116.11249,44.147839],[-116.111512,44.149332],[-116.114025,44.151465],[-116.115018,44.154153],[-116.116802,44.15456],[-116.117449,44.157421],[-116.116919,44.159884],[-116.117482,44.160812],[-116.117297,44.164853],[-116.119869,44.167051],[-116.120379,44.169709],[-116.119253,44.175109],[-116.118578,44.176026],[-116.114122,44.178135],[-116.11648,44.181979],[-116.115517,44.183376],[-116.114055,44.188071],[-116.11422,44.190873],[-116.112204,44.192944],[-116.111212,44.195153],[-116.113158,44.196862],[-116.110963,44.201164],[-116.108808,44.204042],[-116.109172,44.205847],[-116.106704,44.209525],[-116.106226,44.211693],[-116.107044,44.21442],[-116.105855,44.223602],[-116.103407,44.226223],[-116.103014,44.228523],[-116.103072,44.236409],[-116.037035,44.236487],[-116.036908,44.235538],[-115.951381,44.235568],[-115.682526,44.235648],[-115.520287,44.235356],[-115.520074,44.237321],[-115.517329,44.239217],[-115.515573,44.242406],[-115.506206,44.243285],[-115.504305,44.241794],[-115.504438,44.238543],[-115.502338,44.234463],[-115.497488,44.234308],[-115.496108,44.232926],[-115.494543,44.232839],[-115.491836,44.234305],[-115.489605,44.237459],[-115.486952,44.238314],[-115.484737,44.241215],[-115.480031,44.240617],[-115.472043,44.238133],[-115.472061,44.241299],[-115.470362,44.241631],[-115.468004,44.241097],[-115.465827,44.242106],[-115.462397,44.242132],[-115.457305,44.242953],[-115.455062,44.245102],[-115.451908,44.245954],[-115.448371,44.248158],[-115.443549,44.248166],[-115.442163,44.249795],[-115.441917,44.251664],[-115.442924,44.253016],[-115.442822,44.254978],[-115.437793,44.257451],[-115.435645,44.259273],[-115.428642,44.261606],[-115.426662,44.264374],[-115.42616,44.26647],[-115.42115,44.265902],[-115.416548,44.267013],[-115.412843,44.266108],[-115.411105,44.264739],[-115.407941,44.263502],[-115.4055,44.259073],[-115.402309,44.258982],[-115.401408,44.259623],[-115.401878,44.262382],[-115.401489,44.265804],[-115.398516,44.265446],[-115.396605,44.268005],[-115.393727,44.267049],[-115.390439,44.269867],[-115.389989,44.273612],[-115.387864,44.276763],[-115.388321,44.279176],[-115.387258,44.282717],[-115.388966,44.284584],[-115.387364,44.285938],[-115.387835,44.28691],[-115.386173,44.289459],[-115.378521,44.290991],[-115.378396,44.291887],[-115.375258,44.295626],[-115.368985,44.295826],[-115.368329,44.297922],[-115.362594,44.300235],[-115.360963,44.301602],[-115.356036,44.303465],[-115.353537,44.303858],[-115.351375,44.306434],[-115.352935,44.307414],[-115.353857,44.312006],[-115.349368,44.314122],[-115.35098,44.320542],[-115.350334,44.324069],[-115.350816,44.3264],[-115.352897,44.328535],[-115.356275,44.328766],[-115.356744,44.331557],[-115.356254,44.333088],[-115.352054,44.333741],[-115.350155,44.336325],[-115.352289,44.339573],[-115.357407,44.343464],[-115.357484,44.345959],[-115.355337,44.346294],[-115.349229,44.349281],[-115.347202,44.348715],[-115.344712,44.347001],[-115.339379,44.346898],[-115.335985,44.349228],[-115.334073,44.349327],[-115.330885,44.351695],[-115.323474,44.351041],[-115.323312,44.350294],[-115.320174,44.348388],[-115.31557,44.347468],[-115.312566,44.346276],[-115.307852,44.345708],[-115.304899,44.344523],[-115.303463,44.342533],[-115.294614,44.339445],[-115.293405,44.334554],[-115.290376,44.330941],[-115.288159,44.329931],[-115.28914,44.327909],[-115.288934,44.325855],[-115.28772,44.324685],[-115.281139,44.323393],[-115.278762,44.32251],[-115.2784,44.321173],[-115.275372,44.317776],[-115.271407,44.315215],[-115.267182,44.316062],[-115.264626,44.315023],[-115.263895,44.313511],[-115.260773,44.3144],[-115.260338,44.312676],[-115.256769,44.311671],[-115.255212,44.312359],[-115.25377,44.311544],[-115.249734,44.311087],[-115.248213,44.307214],[-115.249044,44.302326],[-115.248627,44.298898],[-115.247849,44.296699],[-115.244437,44.294729],[-115.243468,44.292244],[-115.240219,44.294107],[-115.239537,44.295591],[-115.239712,44.297677],[-115.241919,44.30048],[-115.240295,44.305321],[-115.236791,44.30793],[-115.235246,44.307814],[-115.232884,44.306084],[-115.228908,44.306149],[-115.226482,44.307792],[-115.221212,44.307751],[-115.218115,44.305842],[-115.215802,44.305824],[-115.213114,44.30451],[-115.213446,44.300487],[-115.211938,44.297545],[-115.211061,44.297091],[-115.210555,44.291605],[-115.208957,44.288054],[-115.205188,44.286348],[-115.20378,44.284514],[-115.203926,44.283261],[-115.201221,44.282399],[-115.197919,44.282799],[-115.193064,44.285079],[-115.191161,44.285473],[-115.18748,44.287391],[-115.186235,44.289701],[-115.178964,44.296521],[-115.177549,44.294488],[-115.175249,44.29298],[-115.173453,44.289121],[-115.173216,44.286577],[-115.171461,44.285674],[-115.168795,44.283057],[-115.168412,44.280032],[-115.16598,44.275143],[-115.168411,44.269561],[-115.167246,44.266751],[-115.164515,44.264681],[-115.164007,44.262373],[-115.166245,44.258978],[-115.167514,44.257829],[-115.165845,44.255712],[-115.164383,44.254955],[-115.163285,44.252159],[-115.160557,44.250233],[-115.158118,44.24921],[-115.156613,44.246948],[-115.156868,44.245065],[-115.16054,44.239624],[-115.168058,44.238418],[-115.172891,44.236661],[-115.174831,44.235464],[-115.173494,44.231661],[-115.171638,44.229298],[-115.170499,44.225941],[-115.169684,44.225566],[-115.170229,44.22222],[-115.169925,44.220821],[-115.164984,44.21642],[-115.162765,44.213706],[-115.163726,44.211366],[-115.167952,44.206639],[-115.169266,44.2061],[-115.167684,44.20284],[-115.161979,44.200172],[-115.159797,44.199563],[-115.158384,44.197873],[-115.1555,44.197694],[-115.152727,44.196666],[-115.149814,44.193652],[-115.143669,44.190311],[-115.136717,44.192012],[-115.130464,44.192208],[-115.1275,44.191667],[-115.125135,44.190051],[-115.121661,44.184005],[-115.117488,44.181257],[-115.115556,44.178572],[-115.10919,44.17579],[-115.109411,44.170952],[-115.107931,44.17006],[-115.104844,44.170172],[-115.102324,44.171158],[-115.100673,44.171141],[-115.098239,44.17349],[-115.095116,44.172668],[-115.089134,44.172401],[-115.087806,44.173538],[-115.086273,44.17335],[-115.082361,44.17616],[-115.078915,44.175153],[-115.076334,44.172815],[-115.072808,44.172256],[-115.072405,44.169417],[-115.068218,44.16606],[-115.066883,44.165875],[-115.065768,44.164176],[-115.061735,44.160133],[-115.060597,44.163212],[-115.053923,44.165151],[-115.051284,44.165271],[-115.047963,44.16354],[-115.046317,44.162099],[-115.043933,44.161373],[-115.04385,44.159503],[-115.034032,44.159561],[-115.031374,44.159889],[-115.028719,44.158513],[-115.026506,44.158227],[-115.02584,44.156711],[-115.024181,44.155478],[-115.02454,44.153318],[-115.023085,44.149278],[-115.020875,44.148221],[-115.017771,44.143919],[-115.017146,44.141349],[-115.018491,44.138789],[-115.021433,44.134918],[-115.024033,44.133422],[-115.024476,44.130886],[-115.02601,44.128644],[-115.02812,44.127395],[-115.030503,44.127756],[-115.032724,44.125692],[-115.03574,44.124573],[-115.038053,44.124694],[-115.039472,44.123555],[-115.041721,44.124078],[-115.044739,44.122998],[-115.046468,44.123626],[-115.047005,44.122436],[-115.046725,44.119971],[-115.03988,44.112763],[-115.033555,44.111488],[-115.029598,44.110336],[-115.028752,44.107814],[-115.027506,44.106845],[-115.02816,44.105085],[-115.026358,44.104009],[-115.020525,44.098386],[-115.014197,44.097029],[-115.01101,44.098113],[-115.008355,44.098733],[-115.003328,44.096682],[-115.002087,44.096608],[-114.998038,44.098227],[-114.996663,44.096996],[-114.996903,44.090551],[-114.998761,44.088039],[-114.999666,44.085714],[-115.001964,44.084805],[-115.003686,44.082013],[-115.010718,44.077188],[-115.013002,44.076905],[-115.015045,44.078048],[-115.017645,44.078281],[-115.019612,44.079954],[-115.023318,44.078284],[-115.023713,44.074988],[-115.026765,44.071968],[-115.027852,44.071444],[-115.032804,44.070742],[-115.035298,44.069438],[-115.036933,44.0671],[-115.03494,44.063338],[-115.035422,44.060526],[-115.03992,44.058949],[-115.04356,44.05882],[-115.04377,44.056949],[-115.046067,44.054401],[-115.045663,44.052592],[-115.04772,44.050655],[-115.046871,44.044793],[-115.047562,44.042563],[-115.048135,44.037803],[-115.047116,44.03521],[-115.044821,44.034481],[-115.041217,44.031004],[-115.039294,44.028317],[-115.040689,44.026548],[-115.039932,44.024491],[-115.034469,44.024084],[-115.0342,44.0223],[-115.032353,44.019492],[-115.030942,44.01938],[-115.029887,44.017878],[-115.023765,44.016154],[-115.021519,44.016962],[-115.019466,44.016467],[-115.017628,44.012521],[-115.013609,44.014079],[-115.007358,44.013328],[-115.004571,44.0161],[-115.004803,44.01787],[-115.002065,44.018454],[-115.000844,44.019913],[-114.998601,44.020662],[-114.995624,44.017382],[-114.995644,44.014342],[-114.991942,44.011165],[-114.988122,44.010964],[-114.985997,44.010233],[-114.982558,44.011188],[-114.983372,44.006233],[-114.985524,44.004436],[-114.982227,44.000743],[-114.984849,43.996462],[-114.985853,43.993855],[-114.987427,43.99224],[-114.986279,43.990178],[-114.9849,43.988844],[-114.979637,43.985824],[-114.975042,43.984007],[-114.970028,43.983655],[-114.967343,43.982088],[-114.969391,43.977479],[-114.968744,43.973657],[-114.970971,43.97091],[-114.973788,43.971838],[-114.978602,43.970158],[-114.981151,43.967189],[-114.981307,43.966175],[-114.98436,43.963192],[-114.986937,43.959825],[-114.987795,43.955055],[-114.991311,43.953149],[-114.990777,43.949723],[-114.996903,43.948808],[-115.003072,43.950703],[-115.006173,43.951148],[-115.008606,43.950873],[-115.009998,43.949874],[-115.011955,43.949823],[-115.013485,43.951386],[-115.016652,43.952836],[-115.019105,43.953411],[-115.025382,43.953528],[-115.031287,43.954019],[-115.038453,43.957675],[-115.04236,43.954705],[-115.043936,43.952644],[-115.047328,43.949506],[-115.049388,43.95004],[-115.053816,43.949091],[-115.055568,43.946214],[-115.060899,43.945873],[-115.062174,43.946183],[-115.066125,43.942499],[-115.067428,43.940416],[-115.069602,43.942844],[-115.072607,43.943213],[-115.074481,43.944036],[-115.076327,43.945925],[-115.07469,43.948416],[-115.074735,43.951637],[-115.074154,43.953493],[-115.075546,43.954808],[-115.077763,43.955097],[-115.082748,43.953893],[-115.084593,43.952863],[-115.086769,43.953425],[-115.086399,43.954167],[-115.08856,43.956205],[-115.092213,43.958055],[-115.092575,43.960563],[-115.087073,43.965541],[-115.085635,43.966209],[-115.08514,43.968725],[-115.08283,43.970876],[-115.082638,43.972685],[-115.08547,43.976593],[-115.088582,43.977087],[-115.090491,43.976199],[-115.090398,43.974163],[-115.092519,43.972809],[-115.093766,43.974047],[-115.095795,43.974041],[-115.097677,43.972983],[-115.100244,43.974152],[-115.102118,43.973711],[-115.104549,43.970858],[-115.10591,43.970248],[-115.107223,43.970984],[-115.10952,43.971004],[-115.115149,43.975455],[-115.116185,43.977026],[-115.116036,43.979039],[-115.122016,43.980407],[-115.123952,43.980225],[-115.136209,43.983859],[-115.137421,43.984661],[-115.1371,43.985443],[-115.137407,43.989879],[-115.138731,43.9934],[-115.141664,43.996202],[-115.146364,43.999425],[-115.148021,44.001881],[-115.147842,44.002842],[-115.143976,44.004603],[-115.143146,44.005803],[-115.148074,44.009707],[-115.14468,44.01376],[-115.145601,44.017562],[-115.146825,44.019583],[-115.146459,44.022198],[-115.146904,44.025013],[-115.149319,44.029846],[-115.150723,44.030673],[-115.151627,44.033755],[-115.150353,44.035997],[-115.149124,44.041164],[-115.151372,44.04535],[-115.150656,44.047658],[-115.151605,44.049033],[-115.152448,44.052153],[-115.154798,44.053049],[-115.156617,44.055116],[-115.156191,44.057679],[-115.157085,44.058663],[-115.156938,44.060796],[-115.155955,44.062113],[-115.159428,44.065164],[-115.162396,44.066928],[-115.164242,44.072964],[-115.164384,44.075854],[-115.165528,44.076235],[-115.166269,44.077923],[-115.169155,44.077543],[-115.172081,44.078802],[-115.173461,44.080968],[-115.172487,44.083633],[-115.173832,44.085122],[-115.178461,44.087785],[-115.181931,44.090533],[-115.182283,44.091858],[-115.185368,44.089892],[-115.190788,44.089698],[-115.193681,44.091948],[-115.198294,44.092409],[-115.200358,44.093012],[-115.202282,44.094416],[-115.204575,44.094576],[-115.210267,44.096527],[-115.215726,44.096357],[-115.222567,44.098071],[-115.227235,44.097826],[-115.230528,44.098766],[-115.233239,44.09664],[-115.232896,44.095842],[-115.229913,44.094472],[-115.226691,44.094457],[-115.218829,44.092006],[-115.214837,44.089665],[-115.213064,44.087633],[-115.212996,44.086595],[-115.207273,44.083298],[-115.203888,44.076344],[-115.201599,44.07412],[-115.207857,44.074047],[-115.20781,44.067441],[-115.346915,44.066371],[-115.508712,44.066148],[-115.508577,44.057407],[-115.508706,44.051754],[-115.528852,44.051691],[-115.528779,44.066143],[-115.608659,44.06603],[-115.632012,44.066015],[-115.800334,44.066321],[-115.800634,44.036966],[-115.846792,44.036687],[-115.857241,44.036992],[-115.899667,44.037219],[-115.899712,43.994046],[-115.90339,43.994088],[-115.911259,43.994154],[-115.958531,43.994548],[-115.958865,43.994387],[-115.958796,43.980213],[-115.972197,43.979897],[-116.037943,43.979802],[-116.038328,44.092298],[-116.038394,44.109132],[-116.099907,44.109505],[-116.101162,44.109312],[-116.096,44.107143],[-116.094762,44.103187],[-116.09635,44.099934],[-116.099263,44.09956],[-116.100228,44.098677],[-116.100465,44.096219],[-116.102354,44.094314],[-116.102969,44.092092],[-116.106437,44.089981],[-116.110259,44.089907],[-116.112051,44.088987],[-116.112253,44.088352],[-116.115636,44.08427],[-116.118729,44.084029],[-116.122123,44.080725],[-116.122622,44.07823],[-116.119461,44.072836],[-116.119494,44.069689],[-116.12069,44.068338],[-116.122465,44.063289],[-116.127105,44.057713],[-116.131868,44.053978],[-116.132834,44.050406],[-116.130445,44.04551],[-116.130422,44.044122],[-116.131027,44.04238],[-116.133706,44.037392],[-116.155512,44.037279],[-116.155743,44.051633],[-116.195495,44.051727],[-116.195627,44.065921],[-116.215663,44.065777],[-116.216485,44.151357]]]}},{"type":"Feature","properties":{"fips":"16000","lea_geoid":"1601260","district_name":"Gooding Joint School District 231","state_fips":"16","state_abbr":"ID","county_name":"","county_fips":"000"},"geometry":{"type":"MultiPolygon","coordinates":[[[[-114.525919,42.958012],[-114.495806,42.952774],[-114.495813,42.952535],[-114.496254,42.937965],[-114.525992,42.93823],[-114.525919,42.958012]]],[[[-114.892413,43.198389],[-114.74283,43.198506],[-114.594605,43.198345],[-114.545028,43.198199],[-114.545147,43.147239],[-114.545511,43.141163],[-114.545003,43.130299],[-114.545677,43.110171],[-114.544675,43.09026],[-114.545423,43.083013],[-114.546356,43.011041],[-114.540255,43.011098],[-114.540028,43.003775],[-114.545197,43.003748],[-114.545201,42.991164],[-114.546018,42.981336],[-114.594504,42.981702],[-114.594375,42.850901],[-114.595177,42.850894],[-114.617401,42.850888],[-114.635393,42.850753],[-114.712103,42.850179],[-114.75194,42.84988],[-114.751878,42.83923],[-114.790295,42.839093],[-114.810767,42.83902],[-114.81108,42.850916],[-114.811505,42.852314],[-114.811593,42.864557],[-114.811306,42.868941],[-114.811262,42.873296],[-114.811074,42.880762],[-114.841514,42.880368],[-114.841632,42.894122],[-114.844651,42.894213],[-114.850951,42.894577],[-114.850889,42.913612],[-114.85231,42.923618],[-114.881413,42.923691],[-114.881943,42.92799],[-114.881801,42.929494],[-114.882008,42.938511],[-114.891638,42.938512],[-114.890544,43.055264],[-114.891976,43.055281],[-114.892413,43.198389]]]]}},{"type":"Feature","properties":{"fips":"16000","lea_geoid":"1600001","district_name":"West Bonner County School District 83","state_fips":"16","state_abbr":"ID","county_name":"","county_fips":"000"},"geometry":{"type":"Polygon","coordinates":[[[-117.041676826568,48.0454642716004],[-117.041676,48.04556],[-117.041401,48.0855],[-117.041400737315,48.0855352069529],[-117.041121340333,48.1229820051536],[-117.041107,48.124904],[-117.039786201135,48.1665715942956],[-117.039556998576,48.1738023085817],[-117.039552,48.17396],[-117.039520028515,48.1747167351398],[-117.039413,48.17725],[-117.039489487679,48.1775828146797],[-117.039618,48.178142],[-117.039583,48.180313],[-117.039582,48.180853],[-117.039582,48.181124],[-117.039615,48.184015],[-117.039599,48.184387],[-117.039556224675,48.1853974758832],[-117.039531354134,48.1859849894063],[-117.039286150391,48.1917774051937],[-117.039281241808,48.1918933600154],[-117.039215305937,48.193450954442],[-117.039120082694,48.1957004005996],[-117.039080472301,48.1966361117004],[-117.038602,48.207939],[-117.037511662499,48.259825244762],[-117.035178,48.370878],[-117.035178,48.371221],[-117.035289,48.422732],[-117.035254,48.423144],[-117.035285,48.429816],[-117.035285,48.430113],[-117.03530127039,48.4382250676515],[-117.035382699711,48.478823982551],[-117.035425,48.499914],[-117.034896539076,48.5688849989622],[-117.03459520884,48.608212499635],[-117.034499,48.620769],[-117.034358,48.628523],[-117.033708861376,48.655338],[-117.033671,48.656902],[-117.033335,48.749921],[-117.03238462208,48.8466652930668],[-116.785174,48.847402],[-116.785542,48.686544],[-116.786625,48.674195],[-116.78484,48.674197],[-116.784308,48.540433],[-116.784878,48.500472],[-116.703928,48.50035],[-116.700585,48.50049],[-116.692431,48.500255],[-116.678925,48.500103],[-116.678466,48.426396],[-116.678525,48.386072],[-116.678098,48.371593],[-116.742649,48.371615],[-116.743019,48.328794],[-116.739781,48.328774],[-116.739957,48.284219],[-116.739895,48.208876],[-116.71618,48.208874],[-116.715814,48.206422],[-116.715961,48.203067],[-116.71535,48.19826],[-116.713293,48.192448],[-116.713801,48.189285],[-116.715093,48.186436],[-116.717368,48.183337],[-116.719969,48.180698],[-116.728165,48.175128],[-116.734034,48.170527],[-116.736918,48.166384],[-116.740342,48.163592],[-116.744844,48.160526],[-116.750519,48.158545],[-116.751028,48.159233],[-116.754383,48.159527],[-116.760722,48.159823],[-116.763744,48.159631],[-116.763662,48.147349],[-116.763577,48.133343],[-116.764261,48.0979],[-116.763938,48.082009],[-116.764527,48.064341],[-116.763934,48.013609],[-116.762231,48.006149],[-116.76244,48.004974],[-116.76334,47.980917],[-116.767168,47.980721],[-116.767016,47.977457],[-116.767498,47.977453],[-116.850438,47.977364],[-116.850307,48.000941],[-116.855802,48.000902],[-116.855802,48.002799],[-116.866676,48.002722],[-116.866619,48.003651],[-116.872295,48.003688],[-116.872298,48.00458],[-116.882814,48.00458],[-116.882814,47.99916],[-116.872299,47.999122],[-116.872314,47.993362],[-116.873743,47.991706],[-116.87733,47.990327],[-116.877213,47.98951],[-116.879517,47.98608],[-116.872476,47.97923],[-116.882758,47.979302],[-116.882779,47.977417],[-116.888196,47.977418],[-116.893928,47.97742],[-117.042264083441,47.9774515117598],[-117.041676826568,48.0454642716004]]]}},{"type":"Feature","properties":{"fips":"16000","lea_geoid":"1600002","district_name":"Lake Pend Oreille School District 84","state_fips":"16","state_abbr":"ID","county_name":"","county_fips":"000"},"geometry":{"type":"Polygon","coordinates":[[[-116.767168,47.980721],[-116.76334,47.980917],[-116.76244,48.004974],[-116.762231,48.006149],[-116.763934,48.013609],[-116.764527,48.064341],[-116.763938,48.082009],[-116.764261,48.0979],[-116.763577,48.133343],[-116.763662,48.147349],[-116.763744,48.159631],[-116.760722,48.159823],[-116.754383,48.159527],[-116.751028,48.159233],[-116.750519,48.158545],[-116.744844,48.160526],[-116.740342,48.163592],[-116.736918,48.166384],[-116.734034,48.170527],[-116.728165,48.175128],[-116.719969,48.180698],[-116.717368,48.183337],[-116.715093,48.186436],[-116.713801,48.189285],[-116.713293,48.192448],[-116.71535,48.19826],[-116.715961,48.203067],[-116.715814,48.206422],[-116.71618,48.208874],[-116.739895,48.208876],[-116.739957,48.284219],[-116.739781,48.328774],[-116.743019,48.328794],[-116.742649,48.371615],[-116.678098,48.371593],[-116.678525,48.386072],[-116.678466,48.426396],[-116.678925,48.500103],[-116.602708,48.500786],[-116.591208,48.500634],[-116.589669,48.500818],[-116.577132,48.500928],[-116.448605,48.501264],[-116.376025,48.50116],[-116.374663,48.501217],[-116.221434,48.502048],[-116.1986,48.502077],[-116.049140153119,48.5020457243821],[-116.049155,48.481247],[-116.049084876528,48.4403117221079],[-116.049005,48.393683],[-116.048969,48.320514],[-116.04895,48.261186],[-116.048994,48.216392],[-116.048994358324,48.2161284423458],[-116.049028,48.191384],[-116.048911,48.12493],[-116.049030199561,48.0920959390083],[-116.04904095298,48.0891338609938],[-116.049076,48.07948],[-116.049115,48.058985],[-116.049153,47.999923],[-116.049108961716,47.9773352748329],[-116.050896,47.978853],[-116.052944,47.979585],[-116.053378,47.980904],[-116.057889,47.984782],[-116.060942,47.988329],[-116.06192,47.991022],[-116.061495,47.994236],[-116.062132,47.995549],[-116.070801,47.996804],[-116.074454,47.997597],[-116.079644,48.000652],[-116.082136,48.000807],[-116.087353,48.002353],[-116.092587,48.00571],[-116.093176,48.007414],[-116.09558,48.008502],[-116.098348,48.011252],[-116.103429,48.012277],[-116.101868,48.013417],[-116.101989,48.017012],[-116.104121,48.02311],[-116.107477,48.025125],[-116.109404,48.027434],[-116.113023,48.028249],[-116.11556,48.030237],[-116.118178,48.031489],[-116.120163,48.033448],[-116.12609,48.030221],[-116.128452,48.0294],[-116.130772,48.026735],[-116.135861,48.025378],[-116.141635,48.02443],[-116.1477,48.023838],[-116.154514,48.019995],[-116.161863,48.021577],[-116.164726,48.023766],[-116.167938,48.024822],[-116.17085,48.026343],[-116.172963,48.029582],[-116.177959,48.031539],[-116.182313,48.032355],[-116.187904,48.036211],[-116.192795,48.040337],[-116.197011,48.040636],[-116.202797,48.041463],[-116.204901,48.04071],[-116.206621,48.041091],[-116.207336,48.042332],[-116.207126,48.046415],[-116.212513,48.051841],[-116.219291,48.055187],[-116.220634,48.056206],[-116.221047,48.058032],[-116.225423,48.060029],[-116.229503,48.064681],[-116.229103,48.066918],[-116.233113,48.06889],[-116.241965,48.068778],[-116.243458,48.067139],[-116.2473,48.065537],[-116.251476,48.064607],[-116.258953,48.063526],[-116.261817,48.062162],[-116.266389,48.062415],[-116.273131,48.061867],[-116.277088,48.059898],[-116.278908,48.058428],[-116.282236,48.059386],[-116.284944,48.057312],[-116.285152,48.055538],[-116.286882,48.052623],[-116.289202,48.0498],[-116.291131,48.045316],[-116.297921,48.041855],[-116.302158,48.041494],[-116.307085,48.038097],[-116.309635,48.034461],[-116.313152,48.03179],[-116.313127,48.030823],[-116.315708,48.030024],[-116.322633,48.023206],[-116.324176,48.022277],[-116.327739,48.018704],[-116.329601,48.017722],[-116.329538,47.890393],[-116.494664,47.890235],[-116.505104,47.890142],[-116.505073,47.947253],[-116.504843,47.948228],[-116.505113,47.949529],[-116.504813,47.966543],[-116.504329,47.991386],[-116.623258,47.991425],[-116.63302,47.991496],[-116.634114,47.977073],[-116.698282,47.97729],[-116.719735,47.977316],[-116.719771,47.984548],[-116.730631,47.98443],[-116.730757,47.977336],[-116.767016,47.977457],[-116.767168,47.980721]]]}},{"type":"Feature","properties":{"fips":"16000","lea_geoid":"1601800","district_name":"Lakeland Joint School District 272","state_fips":"16","state_abbr":"ID","county_name":"","county_fips":"000"},"geometry":{"type":"Polygon","coordinates":[[[-117.042623,47.761223],[-117.042521,47.764896],[-117.042485,47.766525],[-117.042064,47.77863],[-117.041999,47.822399],[-117.042285301261,47.8324955264297],[-117.04247,47.839009],[-117.042450734659,47.8613102088273],[-117.042439379261,47.8744550110356],[-117.042429277062,47.8861491324114],[-117.042398719252,47.9215222977926],[-117.042366892167,47.9583647527878],[-117.04236,47.966343],[-117.042264083441,47.9774515117598],[-116.893928,47.97742],[-116.888196,47.977418],[-116.882779,47.977417],[-116.882758,47.979302],[-116.872476,47.97923],[-116.879517,47.98608],[-116.877213,47.98951],[-116.87733,47.990327],[-116.873743,47.991706],[-116.872314,47.993362],[-116.872299,47.999122],[-116.882814,47.99916],[-116.882814,48.00458],[-116.872298,48.00458],[-116.872295,48.003688],[-116.866619,48.003651],[-116.866676,48.002722],[-116.855802,48.002799],[-116.855802,48.000902],[-116.850307,48.000941],[-116.850438,47.977364],[-116.767498,47.977453],[-116.767016,47.977457],[-116.730757,47.977336],[-116.730631,47.98443],[-116.719771,47.984548],[-116.719735,47.977316],[-116.698282,47.97729],[-116.634114,47.977073],[-116.63302,47.991496],[-116.623258,47.991425],[-116.504329,47.991386],[-116.504813,47.966543],[-116.505113,47.949529],[-116.504843,47.948228],[-116.505073,47.947253],[-116.505104,47.890142],[-116.494664,47.890235],[-116.329538,47.890393],[-116.329502,47.804725],[-116.391755,47.804607],[-116.391977,47.803043],[-116.523683,47.802673],[-116.524844,47.803133],[-116.560692,47.803716],[-116.575515,47.803124],[-116.588365,47.803658],[-116.628869,47.803524],[-116.629232,47.803527],[-116.63394,47.803517],[-116.63394,47.816977],[-116.657823,47.817137],[-116.683019,47.817252],[-116.692602,47.817484],[-116.693843,47.814874],[-116.691731,47.811298],[-116.69324,47.808229],[-116.694912,47.802649],[-116.764193,47.802589],[-116.764864,47.80232],[-116.764979,47.793437],[-116.77588,47.793861],[-116.775963,47.787705],[-116.77608,47.784358],[-116.776097,47.783977],[-116.780619,47.784094],[-116.786384,47.784002],[-116.786383,47.780206],[-116.789492,47.78023],[-116.797241,47.780275],[-116.79726,47.778908],[-116.798199,47.778911],[-116.798177,47.773505],[-116.808069,47.773537],[-116.810768,47.773571],[-116.811405,47.773365],[-116.829442,47.773318],[-116.829722,47.770085],[-116.829685,47.766455],[-116.829534,47.758277],[-116.832178,47.758309],[-116.834864,47.757423],[-116.834863,47.755623],[-116.833335,47.755617],[-116.833415,47.753779],[-116.832052,47.753763],[-116.832055,47.754679],[-116.829479,47.75466],[-116.829487,47.753757],[-116.829505,47.751958],[-116.840217,47.751932],[-116.848905,47.751785],[-116.85098,47.752139],[-116.876203,47.752003],[-116.88878,47.752029],[-116.894208,47.752047],[-116.894147,47.759279],[-116.905053,47.759389],[-116.915956,47.75954],[-116.926709,47.759551],[-116.987668,47.759689],[-116.987816,47.759603],[-116.988576,47.759671],[-116.991365,47.759636],[-116.991298,47.758161],[-116.991365,47.757586],[-116.991365,47.752392],[-117.001697,47.752409],[-117.002035,47.749874],[-117.001975,47.745224],[-117.001838,47.730839],[-117.041648648223,47.7311086107038],[-117.041634,47.7353],[-117.041666125075,47.7358642727656],[-117.041669370094,47.7359212711082],[-117.042135,47.7441],[-117.042059,47.7451],[-117.042657,47.760857],[-117.042623,47.761223]]]}},{"type":"Feature","properties":{"fips":"16000","lea_geoid":"1600138","district_name":"Salmon River School District 243","state_fips":"16","state_abbr":"ID","county_name":"","county_fips":"000"},"geometry":{"type":"Polygon","coordinates":[[[-116.687027,45.267857],[-116.681013,45.27072],[-116.675587,45.274867],[-116.674493,45.276349],[-116.672733,45.283183],[-116.672163,45.288938],[-116.672594,45.298023],[-116.674648,45.314342],[-116.673793,45.321511],[-116.653252,45.351084],[-116.626633,45.388037],[-116.619057,45.39821],[-116.597447,45.41277],[-116.592416,45.427356],[-116.588195,45.44292],[-116.581382,45.448984],[-116.575949,45.452522],[-116.563985,45.460169],[-116.561744,45.461213],[-116.554829,45.46293],[-116.55498,45.472801],[-116.558803,45.480076],[-116.558804,45.481188],[-116.553171,45.495932],[-116.553473,45.499107],[-116.554549,45.500154],[-116.556575,45.501388],[-116.557587,45.503217],[-116.556587,45.506232],[-116.554634,45.507856],[-116.5525,45.508311],[-116.548676,45.510385],[-116.543837,45.514193],[-116.535482,45.525079],[-116.527492979455,45.539602100419],[-116.391042,45.539774],[-116.391201,45.59778],[-116.264749,45.598258],[-116.264826,45.539757],[-116.270351,45.539741],[-116.270491,45.455764],[-116.023243,45.456125],[-116.023323,45.371681],[-116.024097,45.195306],[-116.007486,45.195337],[-116.009348,45.19326],[-116.010742,45.189589],[-116.012776,45.188622],[-116.013011,45.187417],[-116.015677,45.186861],[-116.015933,45.185733],[-116.018659,45.1846],[-116.019329,45.18282],[-116.024337,45.182008],[-116.025856,45.181231],[-116.02717,45.179263],[-116.028804,45.180165],[-116.031288,45.180434],[-116.034797,45.182241],[-116.039654,45.180855],[-116.043304,45.179268],[-116.045452,45.177417],[-116.04702,45.174314],[-116.045985,45.170489],[-116.047452,45.166832],[-116.050234,45.165421],[-116.055149,45.165319],[-116.058354,45.164863],[-116.061328,45.16578],[-116.063852,45.165282],[-116.066863,45.163882],[-116.070215,45.162144],[-116.0739,45.159176],[-116.074131,45.157343],[-116.075689,45.154712],[-116.077857,45.154318],[-116.081496,45.152858],[-116.084541,45.154709],[-116.090258,45.155093],[-116.091407,45.155863],[-116.094215,45.156028],[-116.099387,45.154662],[-116.103215,45.155242],[-116.107003,45.158808],[-116.108703,45.159169],[-116.113139,45.15888],[-116.115034,45.159694],[-116.118381,45.158406],[-116.121662,45.158549],[-116.12189,45.156956],[-116.125386,45.153745],[-116.124941,45.151805],[-116.125026,45.147377],[-116.126408,45.144413],[-116.128313,45.142836],[-116.130133,45.142686],[-116.132271,45.141537],[-116.136481,45.137096],[-116.136492,45.13392],[-116.134604,45.129666],[-116.135883,45.127412],[-116.135265,45.124069],[-116.138953,45.119118],[-116.1429,45.117175],[-116.145495,45.112917],[-116.144386,45.107651],[-116.149394,45.107984],[-116.270268,45.108723],[-116.30475,45.108793],[-116.305109,45.111063],[-116.30213,45.111256],[-116.302751,45.112815],[-116.304955,45.115418],[-116.303876,45.11698],[-116.304153,45.119164],[-116.30192,45.120155],[-116.301169,45.121787],[-116.299335,45.123125],[-116.296025,45.123584],[-116.295004,45.124541],[-116.292166,45.125483],[-116.285969,45.128732],[-116.284124,45.130902],[-116.284139,45.133684],[-116.282563,45.134679],[-116.283087,45.13722],[-116.286339,45.139454],[-116.288189,45.143003],[-116.287179,45.144997],[-116.287509,45.14693],[-116.289765,45.148153],[-116.292044,45.147597],[-116.296227,45.148195],[-116.297315,45.14999],[-116.299466,45.151681],[-116.299398,45.153075],[-116.298126,45.15389],[-116.299619,45.159753],[-116.300865,45.161086],[-116.302576,45.166504],[-116.327031,45.166783],[-116.331663,45.166572],[-116.336013,45.166949],[-116.392977,45.167079],[-116.39323,45.167327],[-116.392924,45.267843],[-116.425689,45.267823],[-116.686632,45.267614],[-116.687174152113,45.2676428484611],[-116.687027,45.267857]]]}},{"type":"Feature","properties":{"fips":"16000","lea_geoid":"1602670","district_name":"Post Falls School District 273","state_fips":"16","state_abbr":"ID","county_name":"","county_fips":"000"},"geometry":{"type":"Polygon","coordinates":[[[-117.041648648223,47.7311086107038],[-117.001838,47.730839],[-117.001975,47.745224],[-117.002035,47.749874],[-117.001697,47.752409],[-116.991365,47.752392],[-116.991365,47.757586],[-116.991298,47.758161],[-116.991365,47.759636],[-116.988576,47.759671],[-116.987816,47.759603],[-116.987668,47.759689],[-116.926709,47.759551],[-116.915956,47.75954],[-116.905053,47.759389],[-116.894147,47.759279],[-116.894208,47.752047],[-116.88878,47.752029],[-116.876203,47.752003],[-116.85098,47.752139],[-116.851032,47.74484],[-116.851076,47.737515],[-116.851083,47.736262],[-116.851085,47.736077],[-116.851121,47.730259],[-116.851125,47.730092],[-116.851272,47.718214],[-116.850915,47.707863],[-116.850319,47.705665],[-116.851008,47.704601],[-116.851011,47.703132],[-116.850983,47.702387],[-116.850957,47.701106],[-116.850957,47.701001],[-116.850957,47.700883],[-116.852882,47.700994],[-116.852897,47.698288],[-116.852896,47.697982],[-116.856192,47.697736],[-116.861865,47.696699],[-116.864087,47.696896],[-116.86964,47.699102],[-116.872507,47.699159],[-116.873928,47.698327],[-116.876026,47.695723],[-116.88366,47.694793],[-116.894312,47.695053],[-116.894503,47.695302],[-116.8942,47.665556],[-116.914257,47.665483],[-116.924794,47.665339],[-116.926592,47.665633],[-116.926592,47.657882],[-116.960902,47.658204],[-116.967286,47.658498],[-116.968864,47.658263],[-116.968845,47.656807],[-116.968828,47.655493],[-116.968678,47.644109],[-116.97694,47.643994],[-116.978916,47.644058],[-116.978905,47.643861],[-116.979763,47.643809],[-116.979746,47.640827],[-116.97968,47.62958],[-116.979011,47.619581],[-116.979103,47.60707],[-117.002079,47.606954],[-117.011341,47.606907],[-117.012069,47.607408],[-117.011917,47.610949],[-117.012048,47.622019],[-117.036255,47.621898],[-117.041116571495,47.6218480975135],[-117.041126168703,47.6235662785051],[-117.041431,47.67814],[-117.041431,47.678185],[-117.041431,47.68],[-117.041532,47.683194],[-117.041585130411,47.6954013693798],[-117.041591860922,47.6969477876381],[-117.04159505403,47.6976814437017],[-117.04159573462,47.6978378176435],[-117.041610020577,47.7011201931888],[-117.041612839026,47.7017677667094],[-117.041624896719,47.7045381709919],[-117.041626030808,47.7047987420446],[-117.041633,47.7064],[-117.041634010952,47.7067664138263],[-117.041634085152,47.7067933071937],[-117.041678,47.72271],[-117.041648648223,47.7311086107038]]]}},{"type":"Feature","properties":{"fips":"16000","lea_geoid":"1600010","district_name":"Whitepine Joint School District 288","state_fips":"16","state_abbr":"ID","county_name":"","county_fips":"000"},"geometry":{"type":"Polygon","coordinates":[[[-116.693092,46.860888],[-116.693029,46.861675],[-116.693069,46.87714],[-116.651362,46.877431],[-116.649948,46.877446],[-116.650393,46.906309],[-116.52264,46.907601],[-116.479984,46.908212],[-116.478261,46.908337],[-116.47881,46.964163],[-116.480205,47.011493],[-116.479924,47.01706],[-116.478566,47.020959],[-116.480103,47.024876],[-116.480073,47.036785],[-116.45812,47.036596],[-116.458221,47.022096],[-116.329418,47.021915],[-116.329421,47.006066],[-116.329436,46.934669],[-115.827006,46.934158],[-115.826966,46.934155],[-115.710707,46.933868],[-115.638478,46.933862],[-115.638588,46.846441],[-115.659044,46.84599],[-115.681245,46.847553],[-115.73951,46.847917],[-115.852725,46.847821],[-115.891269,46.847788],[-115.891274,46.830727],[-115.898117,46.827279],[-115.903606,46.82585],[-115.907332,46.826174],[-115.910754,46.826968],[-115.914187,46.827092],[-115.916612,46.826504],[-115.921656,46.818241],[-115.921877,46.816156],[-115.922283,46.815776],[-115.921792,46.814177],[-115.925739,46.813427],[-115.930519,46.813706],[-115.932523,46.810532],[-115.935175,46.808194],[-115.94221,46.804713],[-115.944272,46.802769],[-115.947541,46.80189],[-115.950686,46.798566],[-115.952845,46.794063],[-115.957008,46.79164],[-115.957964,46.789174],[-115.962682,46.785399],[-115.964439,46.781754],[-115.962342,46.777572],[-115.961972,46.774613],[-115.96351,46.774],[-115.962466,46.773284],[-115.970534,46.769707],[-115.971862,46.768399],[-115.97313,46.765569],[-115.972577,46.762805],[-115.970453,46.760361],[-115.968946,46.756845],[-115.968828,46.751658],[-115.971507,46.748386],[-115.973302,46.745414],[-115.974791,46.741926],[-115.976829,46.739718],[-115.978835,46.739012],[-115.982306,46.739081],[-115.984186,46.737882],[-115.985164,46.735927],[-115.98806,46.732588],[-115.992895,46.730407],[-115.997533,46.730008],[-116.000592,46.728734],[-116.00523,46.722382],[-116.011231,46.719022],[-116.014719,46.716033],[-116.016265,46.714153],[-116.01576,46.711579],[-116.017122,46.704965],[-116.014979,46.702025],[-116.01047,46.699963],[-116.00662,46.698784],[-116.002092,46.694755],[-116.000497,46.690387],[-115.997352,46.686888],[-115.996708,46.683544],[-115.994586,46.679343],[-115.994127,46.675463],[-115.994684,46.673726],[-115.996815,46.671198],[-116.002107,46.667876],[-116.003199,46.664254],[-116.006749,46.657496],[-116.007889,46.656371],[-116.009602,46.657069],[-116.009336,46.658526],[-116.267055,46.658725],[-116.267222,46.656924],[-116.329149,46.65661],[-116.329595,46.656905],[-116.32947,46.686408],[-116.342922,46.686433],[-116.343156,46.687624],[-116.41533,46.687732],[-116.415264,46.693007],[-116.415201,46.698092],[-116.415154,46.701869],[-116.416183,46.702299],[-116.418431,46.702563],[-116.457072,46.70268],[-116.457072,46.701793],[-116.478174,46.701441],[-116.484444,46.701256],[-116.488286,46.70116],[-116.488186,46.699453],[-116.488101,46.697993],[-116.492544,46.697783],[-116.498814,46.697486],[-116.498731,46.696655],[-116.498445,46.693812],[-116.511244,46.693579],[-116.519316,46.693432],[-116.519363,46.690498],[-116.518462,46.691079],[-116.518796,46.68244],[-116.534646,46.682295],[-116.549109,46.682204],[-116.550285,46.682075],[-116.554018,46.682124],[-116.562457,46.681958],[-116.565866,46.68203],[-116.56657,46.682043],[-116.567077,46.693164],[-116.563695,46.693341],[-116.564866,46.69389],[-116.561355,46.693904],[-116.561721,46.700598],[-116.557366,46.700392],[-116.556925,46.702699],[-116.556452,46.703068],[-116.556139,46.722657],[-116.555983,46.732425],[-116.563848,46.732363],[-116.566477,46.733643],[-116.567529,46.736539],[-116.568865,46.736956],[-116.577135,46.736875],[-116.577181,46.734148],[-116.580012,46.733292],[-116.593595,46.733292],[-116.593475,46.729368],[-116.600649,46.729397],[-116.604647,46.729397],[-116.604549,46.735883],[-116.604753,46.738702],[-116.604995,46.75155],[-116.624565,46.751534],[-116.624702,46.757795],[-116.630029,46.757919],[-116.630031,46.770933],[-116.634347,46.770435],[-116.646866,46.770686],[-116.646791,46.772444],[-116.644578,46.776319],[-116.641857,46.779755],[-116.635429,46.786381],[-116.628292,46.78615],[-116.624569,46.786535],[-116.624434,46.794491],[-116.623323,46.796307],[-116.625081,46.799389],[-116.624514,46.804341],[-116.645862,46.805],[-116.645934,46.810469],[-116.645205,46.811487],[-116.645459,46.815388],[-116.66649,46.815332],[-116.667162,46.829894],[-116.688887,46.82982],[-116.688888,46.848],[-116.69306,46.847979],[-116.693092,46.860888]]]}},{"type":"Feature","properties":{"fips":"16000","lea_geoid":"1601680","district_name":"Kendrick Joint School District 283","state_fips":"16","state_abbr":"ID","county_name":"","county_fips":"000"},"geometry":{"type":"Polygon","coordinates":[[[-116.77038,46.628322],[-116.766303,46.628377],[-116.749555,46.62848],[-116.748206,46.630371],[-116.746716,46.631943],[-116.742779,46.632053],[-116.742997,46.641327],[-116.743355,46.645307],[-116.742757,46.651874],[-116.74318,46.654867],[-116.743082,46.660278],[-116.740504,46.660344],[-116.71838,46.660503],[-116.697109,46.660612],[-116.697108,46.649805],[-116.67676,46.649914],[-116.67676,46.653377],[-116.682123,46.653593],[-116.682123,46.656948],[-116.673278,46.656948],[-116.675136,46.658886],[-116.675782,46.660737],[-116.675624,46.66423],[-116.682281,46.664307],[-116.681965,46.668095],[-116.687013,46.667987],[-116.687171,46.675021],[-116.676691,46.675421],[-116.676631,46.668234],[-116.661144,46.667662],[-116.661302,46.660627],[-116.656096,46.660519],[-116.655939,46.68541],[-116.661302,46.685735],[-116.660986,46.714522],[-116.655137,46.71445],[-116.655198,46.724845],[-116.64048,46.725079],[-116.64036,46.728724],[-116.638876,46.728811],[-116.634148,46.729008],[-116.631173,46.72903],[-116.628624,46.729139],[-116.62456,46.72932],[-116.621579,46.729358],[-116.617788,46.729505],[-116.616827,46.729414],[-116.604647,46.729397],[-116.600649,46.729397],[-116.593475,46.729368],[-116.593595,46.733292],[-116.580012,46.733292],[-116.577181,46.734148],[-116.577135,46.736875],[-116.568865,46.736956],[-116.567529,46.736539],[-116.566477,46.733643],[-116.563848,46.732363],[-116.555983,46.732425],[-116.556139,46.722657],[-116.556452,46.703068],[-116.556925,46.702699],[-116.557366,46.700392],[-116.561721,46.700598],[-116.561355,46.693904],[-116.564866,46.69389],[-116.563695,46.693341],[-116.567077,46.693164],[-116.56657,46.682043],[-116.565866,46.68203],[-116.562457,46.681958],[-116.554018,46.682124],[-116.550285,46.682075],[-116.549109,46.682204],[-116.534646,46.682295],[-116.518796,46.68244],[-116.518462,46.691079],[-116.519363,46.690498],[-116.519316,46.693432],[-116.511244,46.693579],[-116.498445,46.693812],[-116.498731,46.696655],[-116.498814,46.697486],[-116.492544,46.697783],[-116.488101,46.697993],[-116.488186,46.699453],[-116.488286,46.70116],[-116.484444,46.701256],[-116.478174,46.701441],[-116.457072,46.701793],[-116.457072,46.70268],[-116.418431,46.702563],[-116.416183,46.702299],[-116.415154,46.701869],[-116.415201,46.698092],[-116.415264,46.693007],[-116.41533,46.687732],[-116.343156,46.687624],[-116.342922,46.686433],[-116.32947,46.686408],[-116.329595,46.656905],[-116.32954,46.627957],[-116.392944,46.628967],[-116.392948,46.585858],[-116.454363,46.585745],[-116.455881,46.585694],[-116.456115,46.578569],[-116.466354,46.578465],[-116.466517,46.571384],[-116.518735,46.571098],[-116.519011,46.561773],[-116.521032,46.561217],[-116.523584,46.561652],[-116.530012,46.56186],[-116.533491,46.563277],[-116.540516,46.56417],[-116.54499,46.562959],[-116.547576,46.561588],[-116.550095,46.559325],[-116.551454,46.555737],[-116.551256,46.553497],[-116.552585,46.551618],[-116.577255,46.550525],[-116.5771,46.53637],[-116.579083,46.536651],[-116.644989,46.536088],[-116.645312,46.543773],[-116.648716,46.547506],[-116.655946,46.547145],[-116.656226,46.569602],[-116.65464,46.570908],[-116.696822,46.57079],[-116.696872,46.564042],[-116.707745,46.563833],[-116.707822,46.55665],[-116.712128,46.556721],[-116.713113,46.553494],[-116.715015,46.552917],[-116.715706,46.551609],[-116.713815,46.550126],[-116.716825,46.546116],[-116.717942,46.54362],[-116.719085,46.542874],[-116.729445,46.542731],[-116.729441,46.542976],[-116.729233,46.556107],[-116.72522,46.556272],[-116.722611,46.556879],[-116.722979,46.57808],[-116.726936,46.57791],[-116.739838,46.577837],[-116.741843,46.614123],[-116.770027,46.613762],[-116.77038,46.628322]]]}},{"type":"Feature","properties":{"fips":"16000","lea_geoid":"1600570","district_name":"Cambridge Joint School District 432","state_fips":"16","state_abbr":"ID","county_name":"","county_fips":"000"},"geometry":{"type":"Polygon","coordinates":[[[-117.081022,44.673685],[-117.079031,44.677676],[-117.078574,44.680328],[-117.079835603761,44.6825280578776],[-117.080772,44.684161],[-117.080555,44.686714],[-117.079483004572,44.6886720621095],[-117.07871,44.690084],[-117.07912,44.692175],[-117.074137,44.696374],[-117.072221,44.700517],[-117.063824,44.703623],[-117.061799,44.706654],[-117.060454,44.721668],[-117.062273,44.727143],[-117.05856,44.730265],[-117.050495,44.732477],[-117.048178,44.735916],[-117.04782,44.741549],[-117.046250547549,44.7431132252987],[-117.044217,44.74514],[-117.039549,44.746483],[-117.03827,44.748179],[-117.031738,44.74986],[-117.02942,44.751102],[-117.021398,44.750785],[-117.018418,44.751942],[-117.016216,44.755572],[-117.013802,44.756841],[-117.006045,44.756024],[-116.998903,44.756382],[-116.992003,44.759182],[-116.986502,44.762381],[-116.977802,44.767981],[-116.972902,44.772581],[-116.970902,44.773881],[-116.966801,44.775181],[-116.949001,44.777981],[-116.9368,44.782881],[-116.9347,44.783881],[-116.9318,44.787181],[-116.9307,44.789881],[-116.9308,44.790981],[-116.933099,44.794481],[-116.933799,44.796781],[-116.933699,44.798781],[-116.931099,44.804781],[-116.928099,44.808381],[-116.920498,44.81438],[-116.905771,44.834794],[-116.901051,44.83568],[-116.900146,44.836672],[-116.900069,44.840036],[-116.899640878328,44.8406075080495],[-116.896683,44.84054],[-116.625034,44.838952],[-116.624171,44.666215],[-116.624434,44.662859],[-116.622297,44.661074],[-116.621334,44.659442],[-116.619161,44.657637],[-116.613868,44.65511],[-116.611948,44.653234],[-116.609413,44.651357],[-116.608377,44.648501],[-116.606235,44.645865],[-116.603727,44.643443],[-116.6015,44.640058],[-116.599263,44.636862],[-116.598833,44.635342],[-116.599479,44.634434],[-116.598113,44.632496],[-116.598472,44.628804],[-116.598255,44.625349],[-116.603212,44.615192],[-116.594924,44.615276],[-116.529167,44.615154],[-116.529136,44.607796],[-116.478858,44.607956],[-116.47893,44.611577],[-116.47389,44.611596],[-116.47389,44.61522],[-116.441788,44.615167],[-116.433156,44.615181],[-116.43286,44.620845],[-116.432973,44.629752],[-116.392471,44.629986],[-116.392356,44.629193],[-116.171878,44.629088],[-116.17183,44.628757],[-116.17159,44.627136],[-116.170135,44.624413],[-116.171478,44.622996],[-116.170058,44.621195],[-116.171998,44.614493],[-116.175979,44.612448],[-116.177427,44.609173],[-116.177614,44.60649],[-116.178807,44.605053],[-116.177642,44.604491],[-116.176527,44.602053],[-116.179408,44.596322],[-116.180452,44.58954],[-116.182851,44.587569],[-116.184176,44.585652],[-116.183571,44.583655],[-116.181971,44.583015],[-116.179731,44.580428],[-116.178083,44.580305],[-116.176206,44.578721],[-116.17618,44.577079],[-116.174814,44.57408],[-116.174821,44.569974],[-116.173745,44.568876],[-116.175748,44.565144],[-116.175433,44.562637],[-116.176306,44.561],[-116.173744,44.558411],[-116.172601,44.556488],[-116.172938,44.555369],[-116.171483,44.54939],[-116.171374,44.547797],[-116.170075,44.545844],[-116.167336,44.544095],[-116.165333,44.539749],[-116.165579,44.538806],[-116.164281,44.535296],[-116.164264,44.533429],[-116.165814,44.532035],[-116.163767,44.530732],[-116.161901,44.524808],[-116.162442,44.524208],[-116.160986,44.521618],[-116.161475,44.520083],[-116.1606,44.516797],[-116.161075,44.515047],[-116.164247,44.513305],[-116.161398,44.509906],[-116.158717,44.508816],[-116.158001,44.506522],[-116.158763,44.504092],[-116.158135,44.502258],[-116.158585,44.500702],[-116.157022,44.498928],[-116.16022,44.498072],[-116.167404,44.499578],[-116.170757,44.49968],[-116.174348,44.500665],[-116.176557,44.500656],[-116.180319,44.499324],[-116.185376,44.494678],[-116.188791,44.49324],[-116.193278,44.493666],[-116.194598,44.495707],[-116.196913,44.498256],[-116.199905,44.500131],[-116.200495,44.503083],[-116.202171,44.50313],[-116.204315,44.502308],[-116.20731,44.503778],[-116.210823,44.504619],[-116.211808,44.507731],[-116.213314,44.510813],[-116.214025,44.509853],[-116.217788,44.508556],[-116.220383,44.497392],[-116.222574,44.494154],[-116.223983,44.493234],[-116.227385,44.492686],[-116.227752,44.491364],[-116.229984,44.489492],[-116.23098,44.484996],[-116.23192,44.483219],[-116.233874,44.481262],[-116.232312,44.478606],[-116.231936,44.476854],[-116.23642,44.469771],[-116.237,44.467313],[-116.236136,44.464713],[-116.238288,44.464212],[-116.24156,44.461982],[-116.243812,44.461464],[-116.244703,44.462003],[-116.244723,44.464289],[-116.245815,44.464689],[-116.249266,44.46461],[-116.252197,44.465056],[-116.255973,44.466296],[-116.257022,44.466265],[-116.26467,44.4643],[-116.268595,44.462692],[-116.270964,44.460422],[-116.272604,44.460273],[-116.280066,44.458403],[-116.283341,44.456036],[-116.288102,44.454231],[-116.288864,44.453043],[-116.290771,44.452189],[-116.291488,44.452712],[-116.294084,44.450388],[-116.295983,44.450147],[-116.2983,44.448198],[-116.299876,44.444576],[-116.406051,44.444503],[-116.407648,44.444436],[-116.51914,44.487781],[-116.614811,44.488264],[-116.615066,44.498062],[-116.616138,44.498898],[-116.651701,44.498714],[-116.651696,44.513536],[-116.655298,44.513026],[-116.665853,44.513175],[-116.666176,44.525012],[-116.666534,44.527795],[-116.687021,44.527587],[-116.685742,44.529716],[-116.687457,44.53259],[-116.686691,44.535737],[-116.687271,44.537501],[-116.688887,44.538788],[-116.689251,44.542461],[-116.697618,44.541818],[-116.717254,44.542016],[-116.716971,44.556604],[-116.766237,44.55659],[-116.837405,44.556778],[-116.837385,44.571402],[-116.877616,44.571587],[-116.877394,44.586314],[-116.876487,44.586503],[-116.877705,44.611717],[-116.877703,44.622743],[-116.877359,44.639837],[-116.877627,44.643843],[-116.877575,44.672956],[-117.001308,44.672657],[-117.002353,44.67259],[-117.00286,44.673701],[-117.054215,44.673527],[-117.081286739531,44.6735859256969],[-117.081022,44.673685]]]}},{"type":"Feature","properties":{"fips":"16000","lea_geoid":"1602160","district_name":"Midvale School District 433","state_fips":"16","state_abbr":"ID","county_name":"","county_fips":"000"},"geometry":{"type":"Polygon","coordinates":[[[-116.877616,44.571587],[-116.837385,44.571402],[-116.837405,44.556778],[-116.766237,44.55659],[-116.716971,44.556604],[-116.717254,44.542016],[-116.697618,44.541818],[-116.689251,44.542461],[-116.688887,44.538788],[-116.687271,44.537501],[-116.686691,44.535737],[-116.687457,44.53259],[-116.685742,44.529716],[-116.687021,44.527587],[-116.666534,44.527795],[-116.666176,44.525012],[-116.665853,44.513175],[-116.655298,44.513026],[-116.651696,44.513536],[-116.651701,44.498714],[-116.616138,44.498898],[-116.615066,44.498062],[-116.614811,44.488264],[-116.51914,44.487781],[-116.407648,44.444436],[-116.406051,44.444503],[-116.299876,44.444576],[-116.299686,44.442899],[-116.301019,44.441905],[-116.303016,44.439115],[-116.304381,44.436032],[-116.30456,44.434413],[-116.306196,44.432252],[-116.305612,44.430965],[-116.306916,44.430328],[-116.307137,44.428509],[-116.30891,44.42616],[-116.308017,44.425796],[-116.308294,44.423441],[-116.312051,44.421929],[-116.315479,44.422984],[-116.319643,44.420688],[-116.319456,44.417167],[-116.320191,44.416472],[-116.3191,44.411643],[-116.319772,44.409537],[-116.319124,44.405323],[-116.319876,44.403393],[-116.321875,44.401134],[-116.322045,44.398408],[-116.32129,44.396813],[-116.323601,44.393127],[-116.321137,44.390753],[-116.322154,44.388973],[-116.32172,44.387724],[-116.324129,44.386198],[-116.325609,44.383118],[-116.327855,44.382616],[-116.327784,44.380288],[-116.329084,44.37551],[-116.333911,44.376],[-116.333132,44.374355],[-116.333087,44.371748],[-116.335769,44.365867],[-116.334917,44.361932],[-116.332812,44.3587],[-116.32864,44.357712],[-116.329369,44.354896],[-116.332542,44.351768],[-116.331267,44.350081],[-116.331232,44.348687],[-116.334058,44.345418],[-116.336118,44.34375],[-116.3363,44.340857],[-116.338557,44.339477],[-116.34018,44.336795],[-116.339512,44.334193],[-116.341079,44.330604],[-116.341368,44.326972],[-116.343925,44.324434],[-116.348007,44.322308],[-116.347394,44.322103],[-116.344273,44.317892],[-116.345437,44.31615],[-116.345073,44.313034],[-116.343957,44.3128],[-116.341666,44.310691],[-116.341872,44.305658],[-116.343682,44.303989],[-116.342889,44.299228],[-116.343839,44.29881],[-116.347185,44.293652],[-116.349097,44.292109],[-116.348554,44.290905],[-116.351187,44.287764],[-116.345023,44.287367],[-116.344027,44.286374],[-116.343815,44.283053],[-116.342276,44.280136],[-116.341794,44.276999],[-116.342562,44.275077],[-116.344223,44.273839],[-116.344304,44.270441],[-116.34234,44.268143],[-116.343891,44.265828],[-116.343424,44.264826],[-116.344578,44.26369],[-116.343954,44.261666],[-116.344722,44.25969],[-116.343651,44.257643],[-116.344028,44.256424],[-116.346314,44.255056],[-116.349282,44.251888],[-116.34913,44.247709],[-116.350253,44.245032],[-116.348491,44.242488],[-116.346393,44.241246],[-116.347272,44.240302],[-116.349917,44.239385],[-116.351477,44.237823],[-116.34902,44.235061],[-116.34744,44.23419],[-116.345649,44.229859],[-116.346753,44.229427],[-116.344483,44.22742],[-116.343607,44.225773],[-116.346856,44.22424],[-116.347679,44.221545],[-116.34656,44.219392],[-116.343323,44.217804],[-116.346407,44.215249],[-116.348793,44.210613],[-116.350338,44.209696],[-116.354129,44.208901],[-116.357027,44.207233],[-116.355607,44.205261],[-116.355382,44.203206],[-116.356355,44.200477],[-116.35558,44.198668],[-116.357143,44.196529],[-116.356651,44.19445],[-116.353829,44.190743],[-116.355491,44.188608],[-116.353679,44.186348],[-116.355605,44.182747],[-116.356602,44.182398],[-116.356264,44.178476],[-116.355009,44.17817],[-116.353188,44.175519],[-116.354351,44.170766],[-116.354106,44.167662],[-116.355805,44.165659],[-116.35716,44.162176],[-116.357393,44.159856],[-116.35871,44.158898],[-116.360283,44.154224],[-116.358522,44.15296],[-116.358492,44.151158],[-116.452068,44.151465],[-116.553224,44.15169],[-116.552868,44.237873],[-116.592442,44.238055],[-116.673536,44.238332],[-116.673817,44.279506],[-116.673181,44.354416],[-116.795035,44.354009],[-116.85346,44.353802],[-116.854272,44.379646],[-116.857956,44.379647],[-116.860139,44.379667],[-116.859935,44.44114],[-116.855243,44.441442],[-116.854978,44.485176],[-116.864068,44.485385],[-116.874264,44.485364],[-116.874274,44.493363],[-116.873813,44.498683],[-116.878157,44.498827],[-116.877616,44.571587]]]}},{"type":"Feature","properties":{"fips":"16000","lea_geoid":"1603330","district_name":"Weiser School District 431","state_fips":"16","state_abbr":"ID","county_name":"","county_fips":"000"},"geometry":{"type":"Polygon","coordinates":[[[-117.242675,44.396548],[-117.234835,44.399669],[-117.22698,44.405583],[-117.225461,44.407729],[-117.218285,44.420664],[-117.215072,44.427162],[-117.214637,44.44803],[-117.215573,44.453746],[-117.217015,44.459042],[-117.221548,44.470146],[-117.224445,44.473884],[-117.225758,44.477223],[-117.225932,44.479389],[-117.225076,44.482346],[-117.224104,44.483734],[-117.221479026379,44.4845576143306],[-117.216372,44.48616],[-117.211148,44.485359],[-117.208936,44.485661],[-117.200237,44.492027],[-117.194317,44.499884],[-117.192494,44.503272],[-117.191329,44.506784],[-117.19163,44.509886],[-117.189759,44.513385],[-117.185386,44.519261],[-117.181583,44.52296],[-117.167187,44.523431],[-117.161033,44.525166],[-117.152406,44.531802],[-117.149242,44.536151],[-117.144161,44.545647],[-117.14293,44.557236],[-117.147934,44.562143],[-117.148255,44.564371],[-117.146032,44.568603],[-117.14248,44.57143],[-117.138066,44.572996],[-117.133963,44.57524],[-117.126009,44.581553],[-117.124754,44.583834],[-117.125267,44.593818],[-117.120522,44.614658],[-117.117809,44.620139],[-117.114754,44.624883],[-117.108231,44.62711],[-117.098221,44.640689],[-117.094968,44.652011],[-117.096791,44.657385],[-117.095868,44.664737],[-117.091223,44.668807],[-117.086075,44.671794],[-117.081286739531,44.6735859256969],[-117.054215,44.673527],[-117.00286,44.673701],[-117.002353,44.67259],[-117.001308,44.672657],[-116.877575,44.672956],[-116.877627,44.643843],[-116.877359,44.639837],[-116.877703,44.622743],[-116.877705,44.611717],[-116.876487,44.586503],[-116.877394,44.586314],[-116.877616,44.571587],[-116.878157,44.498827],[-116.873813,44.498683],[-116.874274,44.493363],[-116.874264,44.485364],[-116.864068,44.485385],[-116.854978,44.485176],[-116.855243,44.441442],[-116.859935,44.44114],[-116.860139,44.379667],[-116.857956,44.379647],[-116.854272,44.379646],[-116.85346,44.353802],[-116.795035,44.354009],[-116.673181,44.354416],[-116.673817,44.279506],[-116.673536,44.238332],[-116.592442,44.238055],[-116.552868,44.237873],[-116.553224,44.15169],[-116.556013,44.151698],[-116.772019,44.151824],[-116.771893,44.177165],[-116.884538,44.177992],[-116.886958,44.177742],[-116.88693,44.174044],[-116.894963,44.174179],[-116.892747,44.170893],[-116.891564,44.166488],[-116.895028421445,44.1664463691315],[-116.895757,44.171267],[-116.900103,44.176851],[-116.902752,44.179467],[-116.915738,44.183152],[-116.924028,44.18844],[-116.925392,44.191544],[-116.935443,44.193962],[-116.939296726739,44.1937712439328],[-116.940534,44.19371],[-116.945256,44.191677],[-116.947591,44.191264],[-116.949516444006,44.191571735564],[-116.965498,44.194126],[-116.967259,44.194581],[-116.971675,44.197256],[-116.973701,44.208017],[-116.9726,44.2132],[-116.970219,44.217493],[-116.970365,44.221221],[-116.973945,44.225932],[-116.973991,44.229821],[-116.972537,44.232836],[-116.972110100178,44.2349306846191],[-116.971958,44.235677],[-116.972828624351,44.2380420862255],[-116.973542,44.23998],[-116.975905,44.242844],[-116.978570032446,44.2434839480557],[-116.981589778363,44.244209072634],[-116.981825336926,44.2442656367649],[-116.983658939347,44.2447059354583],[-116.98687,44.245477],[-117.001,44.245386],[-117.003682330068,44.2453868423874],[-117.008000996386,44.2453881986673],[-117.015868756715,44.2453906695423],[-117.016921,44.245391],[-117.020231,44.246063],[-117.025277,44.248505],[-117.027558,44.248881],[-117.031862,44.248635],[-117.03585,44.246805],[-117.042283,44.242775],[-117.045513,44.232005],[-117.047062,44.229742],[-117.047399154136,44.2296393340327],[-117.050057,44.22883],[-117.05303,44.229076],[-117.05651,44.230874],[-117.059352,44.237244],[-117.067284,44.24401],[-117.074191882813,44.2476774328148],[-117.07835,44.249885],[-117.089503,44.258234],[-117.090933,44.260311],[-117.093578,44.269383],[-117.09457,44.270978],[-117.098531,44.275533],[-117.102242,44.278799],[-117.104208,44.27994],[-117.107673,44.280763],[-117.111617,44.280667],[-117.118018,44.278945],[-117.121037,44.277585],[-117.130904,44.269453],[-117.13253,44.267045],[-117.133104,44.264236],[-117.133984,44.262972],[-117.138523,44.25937],[-117.143394,44.258262],[-117.15706,44.25749],[-117.170342,44.25889],[-117.193129,44.270963],[-117.198147,44.273828],[-117.198559149539,44.2741460602673],[-117.216974,44.288357],[-117.222647,44.297578],[-117.222451,44.298963],[-117.220069,44.301382],[-117.220060553639,44.3014040000001],[-117.217843,44.30718],[-117.216795,44.308236],[-117.21521,44.309116],[-117.2055,44.311789],[-117.203323,44.313024],[-117.192203,44.32863],[-117.191546,44.329621],[-117.189842,44.335007],[-117.189769,44.336585],[-117.196149,44.346362],[-117.197339,44.347406],[-117.206962,44.355206],[-117.210587,44.357703],[-117.216911,44.360163],[-117.227938,44.367975],[-117.235117,44.373853],[-117.243027,44.390974],[-117.242675,44.396548]]]}},{"type":"Feature","properties":{"fips":"16000","lea_geoid":"1600690","district_name":"Castleford School District 417","state_fips":"16","state_abbr":"ID","county_name":"","county_fips":"000"},"geometry":{"type":"Polygon","coordinates":[[[-115.103421,42.682284],[-115.037588,42.682433],[-115.037678,42.628852],[-114.899507,42.629063],[-114.900053,42.626515],[-114.901633,42.62326],[-114.901952,42.620887],[-114.901465,42.618892],[-114.900204,42.615999],[-114.898377,42.614895],[-114.896683,42.615356],[-114.89557,42.612666],[-114.893037,42.612506],[-114.892547,42.611178],[-114.894153,42.610619],[-114.893733,42.606108],[-114.89178,42.604153],[-114.891209,42.6026],[-114.889384,42.600645],[-114.883503,42.59809],[-114.882722,42.598677],[-114.880234,42.598275],[-114.88149,42.597436],[-114.880445,42.595751],[-114.881048,42.594445],[-114.880516,42.591427],[-114.882181,42.59005],[-114.885108,42.589124],[-114.888547,42.589241],[-114.888562,42.586283],[-114.8683,42.586393],[-114.868373,42.571847],[-114.837911,42.571715],[-114.833358,42.571461],[-114.813282,42.571039],[-114.809963,42.570831],[-114.809897,42.549543],[-114.81,42.530476],[-114.800094,42.530648],[-114.799589,42.51306],[-114.731537,42.513215],[-114.731525,42.506031],[-114.736652,42.502553],[-114.735961,42.501317],[-114.740159,42.499193],[-114.739577,42.498023],[-114.740471,42.49641],[-114.744846,42.496162],[-114.749326,42.4952],[-114.750907,42.493753],[-114.750696,42.375434],[-114.751391,42.371502],[-114.751254,42.346878],[-114.749163,42.344635],[-114.746625,42.344307],[-114.743073,42.343277],[-114.736405,42.339631],[-114.735043,42.338583],[-114.734392,42.337338],[-114.735158,42.333743],[-114.734957,42.33101],[-114.738459,42.326322],[-114.738532,42.324912],[-114.740149,42.322189],[-114.740945,42.318479],[-114.739678,42.315538],[-114.74029,42.312887],[-114.739675,42.310966],[-114.73676,42.309063],[-114.735908,42.306764],[-114.738782,42.303652],[-114.739126,42.299859],[-114.740743,42.297537],[-114.748472,42.293313],[-114.749469,42.292396],[-114.750095,42.290184],[-114.751406,42.287865],[-114.751091,42.285692],[-114.749542,42.283775],[-114.749139,42.280471],[-114.750015,42.276267],[-114.752634,42.272132],[-114.752894,42.270985],[-114.754846,42.269378],[-114.755277,42.266163],[-114.756838,42.264495],[-114.757194,42.262816],[-114.754322,42.260433],[-114.753903,42.258303],[-114.751054,42.255777],[-114.748287,42.254871],[-114.748388,42.252149],[-114.746008,42.250125],[-114.745528,42.248703],[-114.745992,42.247035],[-114.74808,42.244679],[-114.745042,42.241394],[-114.745809,42.239939],[-114.745785,42.23827],[-114.748878,42.236244],[-114.749017,42.235113],[-114.748195,42.232101],[-114.747181,42.229445],[-114.74594,42.228612],[-114.743045,42.228092],[-114.74215,42.226989],[-114.743079,42.22549],[-114.740951,42.223208],[-114.741127,42.221765],[-114.739716,42.220761],[-114.740231,42.218659],[-114.739094,42.217688],[-114.735849,42.213376],[-114.734021,42.212372],[-114.732336,42.209258],[-114.732931,42.206236],[-114.73415,42.204495],[-114.736473,42.202549],[-114.736983,42.200204],[-114.737128,42.196133],[-114.738597,42.194215],[-114.743942,42.18943],[-114.745798,42.186886],[-114.746349,42.181755],[-114.746551,42.176078],[-114.742274,42.168589],[-114.740345,42.163812],[-114.739377,42.15766],[-114.93004,42.157744],[-114.930116,42.167026],[-114.929863,42.169715],[-114.929939,42.202777],[-115.037899,42.202406],[-115.037841,42.245605],[-115.037509,42.579122],[-115.093826,42.579289],[-115.103783,42.579599],[-115.103421,42.682284]]]}},{"type":"Feature","properties":{"fips":"16000","lea_geoid":"1601710","district_name":"Kimberly School District 414","state_fips":"16","state_abbr":"ID","county_name":"","county_fips":"000"},"geometry":{"type":"Polygon","coordinates":[[[-114.430538,42.403621],[-114.40067,42.403662],[-114.40062,42.454137],[-114.388355,42.454034],[-114.388484,42.461175],[-114.384908,42.461313],[-114.383337,42.462135],[-114.385002,42.465384],[-114.385052,42.467206],[-114.383836,42.468072],[-114.386161,42.469731],[-114.38579,42.470811],[-114.388291,42.474868],[-114.390787,42.477777],[-114.392422,42.481015],[-114.393608,42.482058],[-114.394592,42.484308],[-114.395896,42.48438],[-114.396681,42.485916],[-114.399015,42.487832],[-114.400275,42.4878],[-114.399768,42.488918],[-114.400296,42.490176],[-114.401074,42.490505],[-114.401132,42.492942],[-114.40245,42.495247],[-114.404429,42.496416],[-114.405837,42.498156],[-114.408389,42.499459],[-114.408679,42.500467],[-114.411196,42.502735],[-114.412018,42.504558],[-114.408541,42.504876],[-114.401615,42.504799],[-114.40158,42.519419],[-114.401514,42.533858],[-114.401502,42.537457],[-114.401485,42.540898],[-114.401481,42.544716],[-114.401444,42.548321],[-114.401397,42.562807],[-114.40136,42.585486],[-114.401491,42.586068],[-114.401187,42.58985],[-114.401242,42.591954],[-114.402151,42.594264],[-114.402536,42.595436],[-114.400647,42.596749],[-114.39835,42.596732],[-114.393785,42.599447],[-114.389754,42.599859],[-114.381472,42.599096],[-114.375217,42.598132],[-114.373936,42.596387],[-114.37141,42.595476],[-114.367489,42.593273],[-114.365,42.593216],[-114.359266,42.590975],[-114.3582,42.589881],[-114.356019,42.590008],[-114.351265,42.588883],[-114.344692,42.585062],[-114.339919,42.581591],[-114.336766,42.578694],[-114.335859,42.575033],[-114.332917,42.572566],[-114.325691,42.572492],[-114.32557,42.53342],[-114.325507,42.518931],[-114.325205,42.460438],[-114.324846,42.378602],[-114.325894,42.373658],[-114.325046,42.365332],[-114.326157,42.35747],[-114.325208,42.354539],[-114.32554,42.332202],[-114.286653,42.332346],[-114.286652,42.330526],[-114.281325,42.330885],[-114.281406,42.244138],[-114.39895,42.244511],[-114.399287,42.253978],[-114.399177,42.332391],[-114.431487,42.332214],[-114.430538,42.403621]]]}},{"type":"Feature","properties":{"fips":"16000","lea_geoid":"1602310","district_name":"Murtaugh Joint School District 418","state_fips":"16","state_abbr":"ID","county_name":"","county_fips":"000"},"geometry":{"type":"Polygon","coordinates":[[[-114.285448,42.417333],[-114.285331,42.41738],[-114.229463,42.417337],[-114.229743,42.475121],[-114.229868,42.533126],[-114.202019,42.532988],[-114.200736,42.533037],[-114.200851,42.543102],[-114.19821,42.542259],[-114.190894,42.538162],[-114.182378,42.534299],[-114.17947,42.532331],[-114.176751,42.529404],[-114.175538,42.527371],[-114.17364,42.519108],[-114.172734,42.516688],[-114.170954,42.513961],[-114.169349,42.512496],[-114.16094,42.50832],[-114.157134,42.502761],[-114.153188,42.499268],[-114.151487,42.498437],[-114.149969,42.497826],[-114.147573,42.498012],[-114.140752,42.49767],[-114.137132,42.498152],[-114.13035,42.494906],[-114.128756,42.496494],[-114.124934,42.49613],[-114.121692,42.498371],[-114.12092,42.500594],[-114.118775,42.50298],[-114.114358,42.506621],[-114.10861,42.507411],[-114.106077,42.507093],[-114.09574,42.508116],[-114.091658,42.50971],[-114.082781,42.51363],[-114.082066,42.514451],[-114.078667,42.515866],[-114.075428,42.515926],[-114.073502,42.516802],[-114.072349,42.518742],[-114.069219,42.521405],[-114.069486,42.519722],[-114.065056,42.519935],[-114.065137,42.515149],[-114.067073,42.514453],[-114.067143,42.504007],[-114.069349,42.504019],[-114.06908,42.503179],[-114.069368,42.474996],[-114.009932,42.474941],[-114.010004,42.419532],[-114.009798,42.416879],[-114.023502,42.416873],[-114.029363,42.41717],[-114.033825,42.416924],[-114.049537,42.417073],[-114.049724,42.373968],[-114.059402,42.373958],[-114.065783,42.373781],[-114.101233,42.373837],[-114.101186,42.374358],[-114.285836,42.374577],[-114.285448,42.417333]]]}},{"type":"Feature","properties":{"fips":"16000","lea_geoid":"1601650","district_name":"Kellogg Joint School District 391","state_fips":"16","state_abbr":"ID","county_name":"","county_fips":"000"},"geometry":{"type":"Polygon","coordinates":[[[-116.52542,47.625306],[-116.524713,47.626262],[-116.52493,47.631068],[-116.513321,47.631342],[-116.512884,47.63924],[-116.513918,47.731254],[-116.467091,47.730434],[-116.445572,47.7307],[-116.432123,47.730366],[-116.39561,47.730365],[-116.395464,47.732623],[-116.329476,47.732719],[-116.329502,47.804725],[-116.324501,47.80474],[-116.007974,47.804292],[-116.007985,47.71761],[-116.015077,47.717921],[-116.03169,47.718276],[-116.045422,47.717789],[-116.054347,47.717943],[-116.055814,47.717686],[-116.057476,47.718454],[-116.060969,47.717966],[-116.156493,47.718218],[-116.157882,47.700691],[-116.157871,47.6775],[-116.157303,47.67657],[-116.157684,47.674435],[-116.115862,47.674209],[-116.113949,47.670665],[-116.115421,47.659687],[-116.093874,47.6594],[-116.093937,47.653254],[-116.097191,47.652143],[-116.100282,47.650079],[-116.102667,47.64796],[-116.111164,47.646683],[-116.116864,47.647174],[-116.1197,47.648328],[-116.12078,47.652692],[-116.1202,47.654117],[-116.122284,47.65514],[-116.125167,47.65491],[-116.125418,47.653959],[-116.13005,47.652895],[-116.133098,47.653409],[-116.136942,47.654891],[-116.140597,47.656787],[-116.146798,47.660675],[-116.152436,47.662097],[-116.154614,47.661833],[-116.158168,47.660336],[-116.158198,47.630917],[-116.156875,47.631056],[-116.007852,47.630819],[-116.007672,47.622489],[-116.019422,47.622268],[-116.02011,47.608502],[-116.029391,47.608437],[-116.029718,47.601375],[-116.032526,47.60127],[-116.032419,47.589016],[-116.032489,47.589015],[-116.032422,47.588301],[-116.032297,47.57253],[-116.013927,47.572478],[-116.013742,47.571381],[-116.013936,47.55964],[-116.014267,47.557297],[-116.032899,47.557167],[-116.032568,47.516885],[-116.032707,47.5166],[-116.033518,47.516578],[-116.033849,47.51585],[-116.032469,47.515213],[-116.032399,47.515003],[-116.03249,47.513683],[-116.032374,47.488303],[-116.032342,47.480581],[-116.031949,47.457096],[-116.043431,47.45675],[-116.043431,47.437261],[-116.04283,47.413416],[-116.04283,47.372255],[-116.042558,47.370662],[-116.114064,47.370669],[-116.116271,47.370459],[-116.3294,47.370674],[-116.329405,47.394081],[-116.329406,47.414011],[-116.394182,47.413713],[-116.394215,47.413105],[-116.485644,47.412967],[-116.464549,47.435845],[-116.438727,47.463204],[-116.479337,47.462923],[-116.480022,47.512341],[-116.480274,47.528528],[-116.522322,47.528295],[-116.522627,47.542768],[-116.523583,47.542767],[-116.525114,47.58426],[-116.525396,47.60081],[-116.525016,47.612381],[-116.525486,47.622056],[-116.52542,47.625306]]]}},{"type":"Feature","properties":{"fips":"16000","lea_geoid":"1602280","district_name":"Mullan School District 392","state_fips":"16","state_abbr":"ID","county_name":"","county_fips":"000"},"geometry":{"type":"Polygon","coordinates":[[[-115.862831,47.417462],[-115.862543,47.418936],[-115.862681,47.458717],[-115.85715,47.458717],[-115.857156,47.461313],[-115.857365,47.461856],[-115.857514,47.46862],[-115.858239,47.478845],[-115.858376,47.494031],[-115.842239,47.494145],[-115.836484,47.494027],[-115.836713,47.499136],[-115.836833,47.501805],[-115.825454,47.501868],[-115.815552,47.501923],[-115.815377,47.502865],[-115.794271,47.50263],[-115.794271,47.501805],[-115.698633,47.502273],[-115.692192,47.501736],[-115.690064,47.500794],[-115.686264,47.48494],[-115.682579,47.483966],[-115.680963,47.485458],[-115.676668,47.486485],[-115.674325,47.486296],[-115.668003,47.4888],[-115.662027,47.483137],[-115.660893,47.478272],[-115.660276,47.477962],[-115.647342,47.47796],[-115.644169,47.479878],[-115.636376,47.48085],[-115.63432,47.481468],[-115.629974,47.479633],[-115.631949,47.473608],[-115.640133,47.459714],[-115.644059,47.458464],[-115.649011,47.456218],[-115.664221,47.453883],[-115.669777,47.454503],[-115.676437,47.453079],[-115.682336,47.456851],[-115.691925,47.457082],[-115.693744,47.454621],[-115.702113,47.452501],[-115.707227,47.453231],[-115.717039,47.452575],[-115.725363,47.447596],[-115.731851,47.445174],[-115.740026,47.442785],[-115.745733,47.442334],[-115.747933,47.441675],[-115.750769,47.437767],[-115.752414,47.432153],[-115.756304,47.429504],[-115.759304,47.423862],[-115.758768373243,47.4235707129387],[-115.756794,47.422497],[-115.752083,47.422254],[-115.742706,47.423557],[-115.739287,47.425943],[-115.730365,47.424874],[-115.721435,47.425714],[-115.720514,47.420807],[-115.716868,47.419798],[-115.716727,47.4186],[-115.712021,47.415406],[-115.702006,47.415927],[-115.700414,47.416646],[-115.699311,47.416726],[-115.697384,47.41544],[-115.692123,47.41534],[-115.686862,47.411735],[-115.675604,47.40942],[-115.675333,47.408905],[-115.677369,47.402449],[-115.676908,47.402097],[-115.67295,47.402412],[-115.667231,47.401586],[-115.663361,47.402882],[-115.657304,47.400208],[-115.656934,47.395753],[-115.655088,47.393794],[-115.650603,47.392613],[-115.646297,47.387367],[-115.647906,47.385506],[-115.648366,47.382669],[-115.642921,47.377367],[-115.636612,47.379729],[-115.630077,47.379327],[-115.627121,47.380586],[-115.619277,47.382313],[-115.615401,47.381943],[-115.609642,47.380683],[-115.605305,47.37798],[-115.602067,47.377525],[-115.59578,47.371719],[-115.593721458667,47.3710090842038],[-115.596375,47.370781],[-115.862376,47.370989],[-115.862554,47.415325],[-115.862831,47.417462]]]}},{"type":"Feature","properties":{"fips":"16000","lea_geoid":"1602790","district_name":"Ririe Joint School District 252","state_fips":"16","state_abbr":"ID","county_name":"","county_fips":"000"},"geometry":{"type":"Polygon","coordinates":[[[-111.83518,43.608716],[-111.834295,43.614516],[-111.833911,43.626846],[-111.815034,43.626868],[-111.814241,43.633714],[-111.814375,43.655819],[-111.804405,43.655842],[-111.804338,43.648521],[-111.794136,43.648492],[-111.794049,43.663256],[-111.789686,43.66313],[-111.789767,43.670211],[-111.798866,43.670206],[-111.79878,43.666616],[-111.804372,43.666526],[-111.804313,43.672038],[-111.804273,43.673864],[-111.784806,43.673793],[-111.784831,43.682643],[-111.785042,43.684489],[-111.783579,43.68353],[-111.783111,43.681793],[-111.779929,43.679693],[-111.779939,43.677497],[-111.778098,43.675995],[-111.774153,43.675495],[-111.770691,43.671755],[-111.76733,43.670634],[-111.762761,43.667522],[-111.760761,43.667346],[-111.758835,43.668498],[-111.756806,43.66894],[-111.751085,43.666974],[-111.749166,43.666802],[-111.743734,43.668165],[-111.73846,43.666713],[-111.735565,43.665648],[-111.731489,43.664807],[-111.7272,43.663225],[-111.72608,43.662332],[-111.722515,43.661206],[-111.721044,43.65883],[-111.719659,43.658267],[-111.717356,43.655326],[-111.713971,43.655037],[-111.625938,43.655227],[-111.626043,43.626756],[-111.566042,43.626836],[-111.565974,43.622037],[-111.468574,43.62198],[-111.468858,43.596592],[-111.468449,43.594825],[-111.468525,43.580894],[-111.464675,43.581389],[-111.461838,43.582344],[-111.458113,43.581588],[-111.458007,43.58077],[-111.447382,43.579485],[-111.445308,43.578829],[-111.441904,43.576248],[-111.442298,43.574393],[-111.447378,43.571197],[-111.448711,43.568617],[-111.44694,43.565489],[-111.443536,43.563662],[-111.440727,43.562909],[-111.436872,43.560758],[-111.43436,43.558071],[-111.430957,43.553018],[-111.427706,43.549363],[-111.42589,43.548012],[-111.423564,43.544418],[-111.423708,43.541946],[-111.424457,43.541516],[-111.432182,43.539679],[-111.435085,43.536828],[-111.435846,43.534963],[-111.435263,43.532813],[-111.43437,43.532168],[-111.430229,43.525195],[-111.431084,43.523967],[-111.434822,43.523584],[-111.436531,43.522366],[-111.438379,43.519716],[-111.434824,43.515844],[-111.432223,43.508429],[-111.433202,43.505526],[-111.431726,43.503914],[-111.428406,43.501927],[-111.428309,43.495872],[-111.487824,43.49544],[-111.488954,43.494851],[-111.488954,43.466411],[-111.566126,43.465674],[-111.565323,43.568949],[-111.65838,43.568732],[-111.66148,43.568573],[-111.665644,43.56855],[-111.665853,43.554018],[-111.660886,43.554083],[-111.661033,43.539875],[-111.666018,43.539877],[-111.665956,43.547064],[-111.675985,43.547099],[-111.675893,43.568737],[-111.803743,43.568947],[-111.804532,43.569003],[-111.824352,43.56911],[-111.82426,43.58354],[-111.83404,43.583526],[-111.834018,43.594898],[-111.834407,43.607724],[-111.83518,43.608716]]]}},{"type":"Feature","properties":{"fips":"16000","lea_geoid":"1603400","district_name":"West Jefferson School District 253","state_fips":"16","state_abbr":"ID","county_name":"","county_fips":"000"},"geometry":{"type":"Polygon","coordinates":[[[-112.696915,43.79789],[-112.694966,43.797913],[-112.695175,43.96532],[-112.695242,43.971941],[-112.694744,44.058464],[-112.649403,44.058193],[-112.321632,44.057936],[-112.316499,44.058186],[-112.310036,44.058013],[-112.235727,44.0578],[-112.164139,44.057693],[-112.163204,44.057825],[-112.161161,44.057754],[-112.155935,44.05778],[-112.15637,43.971247],[-112.107398,43.97129],[-111.977016,43.970909],[-111.976849,43.927385],[-111.977336,43.826827],[-111.991649,43.826928],[-112.014971,43.826422],[-112.023348,43.825617],[-112.051215,43.823938],[-112.054364,43.824053],[-112.062496,43.824837],[-112.084754,43.824818],[-112.08711,43.824883],[-112.102819,43.827049],[-112.106494,43.827387],[-112.114943,43.827285],[-112.122846,43.826495],[-112.127176,43.826306],[-112.135077,43.827261],[-112.138713,43.827533],[-112.172126,43.829054],[-112.183562,43.829601],[-112.195238,43.830722],[-112.185318,43.812249],[-112.21735,43.812113],[-112.217208,43.797417],[-112.22267,43.797478],[-112.223157,43.756633],[-112.26514,43.75681],[-112.284781,43.758406],[-112.350358,43.75834],[-112.461797,43.758229],[-112.460997,43.734818],[-112.461583,43.682805],[-112.46244,43.644531],[-112.462731,43.626336],[-112.519861,43.626623],[-112.639238,43.626574],[-112.639238,43.623167],[-112.697122,43.62314],[-112.696915,43.79789]]]}},{"type":"Feature","properties":{"fips":"16000","lea_geoid":"1600450","district_name":"Bruneau-Grand View Joint School District 365","state_fips":"16","state_abbr":"ID","county_name":"","county_fips":"000"},"geometry":{"type":"Polygon","coordinates":[[[-116.86141,42.330177],[-116.711346,42.330843],[-116.709547,42.330926],[-116.630105,42.330823],[-116.629968,42.588169],[-116.629699,42.679086],[-116.510391,42.679432],[-116.511155,42.751632],[-116.513583,42.752869],[-116.511122,42.756065],[-116.511187,42.765684],[-116.541765,42.765778],[-116.54415,42.763418],[-116.546043,42.765772],[-116.554904,42.765805],[-116.555616,42.766414],[-116.557753,42.765803],[-116.628161,42.765963],[-116.628169,42.764127],[-116.745466,42.764143],[-116.74559,42.85057],[-116.748679,42.850556],[-116.748646,42.937351],[-116.627779,42.938216],[-116.627606,43.024454],[-116.608438,43.024654],[-116.609057,43.079793],[-116.60921,43.082504],[-116.561392,43.082641],[-116.530527,43.085389],[-116.529892,43.097087],[-116.510529,43.097297],[-116.511104,43.1117],[-116.493362,43.11191],[-116.49346,43.12012],[-116.493221,43.126907],[-116.4732,43.127119],[-116.473184,43.141301],[-116.414106,43.141586],[-116.413512,43.185032],[-116.375959,43.18517],[-116.371406,43.183325],[-116.368057,43.181246],[-116.365948,43.177089],[-116.36471,43.175655],[-116.361267,43.173318],[-116.358727,43.171035],[-116.355887,43.167351],[-116.352529,43.165123],[-116.350427,43.16464],[-116.344503,43.164748],[-116.339633,43.163575],[-116.336044,43.161372],[-116.333931,43.15735],[-116.332969,43.153818],[-116.333643,43.149867],[-116.333281,43.149055],[-116.330694,43.147564],[-116.327061,43.146541],[-116.321253,43.144413],[-116.319411,43.143972],[-116.316404,43.141321],[-116.312795,43.13621],[-116.312245,43.133013],[-116.310787,43.129669],[-116.309667,43.125139],[-116.308001,43.12284],[-116.305099,43.12058],[-116.302379,43.119563],[-116.299945,43.119216],[-116.294386,43.119275],[-116.285911,43.119954],[-116.280759,43.119922],[-116.276559,43.119261],[-116.269363,43.117213],[-116.267681,43.116255],[-116.266723,43.114913],[-116.266207,43.112269],[-116.155856,43.112316],[-116.155838,43.113013],[-116.144439,43.113056],[-115.978714,43.113432],[-115.978185,43.113192],[-115.977953,43.03085],[-115.978792,43.02759],[-115.97856,43.01354],[-115.978329,43.008699],[-115.977998,42.98597],[-115.978327,42.982951],[-115.977292,42.947154],[-115.973678,42.945662],[-115.967461,42.944649],[-115.965575,42.94352],[-115.964966,42.943673],[-115.963139,42.949384],[-115.960932,42.951924],[-115.962003,42.95519],[-115.961853,42.956304],[-115.964264,42.95976],[-115.965103,42.960237],[-115.967287,42.963137],[-115.967777,42.964802],[-115.97211,42.970485],[-115.97146,42.972258],[-115.969205,42.974206],[-115.966793,42.977263],[-115.967473,42.980205],[-115.964482,42.985462],[-115.961882,42.98811],[-115.961652,42.988871],[-115.95757,42.989295],[-115.955121,42.990811],[-115.953709,42.992358],[-115.951658,42.99323],[-115.950623,42.992965],[-115.945019,42.993838],[-115.942742,42.995251],[-115.93906,43.00024],[-115.935655,43.001733],[-115.933457,43.001513],[-115.92898,43.001859],[-115.926,43.001326],[-115.923217,42.999389],[-115.921648,42.997553],[-115.91744,42.995231],[-115.916478,42.993283],[-115.917101,42.987405],[-115.915352,42.985895],[-115.911783,42.985009],[-115.908437,42.982936],[-115.906719,42.982283],[-115.899049,42.981829],[-115.893469,42.982665],[-115.890948,42.98436],[-115.889392,42.986535],[-115.887293,42.987626],[-115.88244,42.988397],[-115.880118,42.989122],[-115.878432,42.98891],[-115.874866,42.987284],[-115.871353,42.985184],[-115.869343,42.984455],[-115.867561,42.982954],[-115.86592,42.976439],[-115.8647,42.974781],[-115.860385,42.973916],[-115.855342,42.972591],[-115.854706,42.971884],[-115.846266,42.969258],[-115.842578,42.969631],[-115.839483,42.970685],[-115.837008,42.971037],[-115.832122,42.972959],[-115.822854,42.972928],[-115.817147,42.972358],[-115.814536,42.973036],[-115.808278,42.974146],[-115.804302,42.973687],[-115.799668,42.973702],[-115.794484,42.973047],[-115.790867,42.971924],[-115.78933,42.970796],[-115.788538,42.969263],[-115.788358,42.965543],[-115.786336,42.962306],[-115.786071,42.960395],[-115.789337,42.957219],[-115.796755,42.951603],[-115.797103,42.950555],[-115.79631,42.948712],[-115.793356,42.94654],[-115.788152,42.944494],[-115.784078,42.944043],[-115.781341,42.943348],[-115.778067,42.941549],[-115.776014,42.94105],[-115.771505,42.938664],[-115.768025,42.938593],[-115.765571,42.938964],[-115.761357,42.939054],[-115.755796,42.937644],[-115.752273,42.937602],[-115.749365,42.938273],[-115.748183,42.938699],[-115.740817,42.943003],[-115.739866,42.943249],[-115.736455,42.941883],[-115.732861,42.939034],[-115.731537,42.938634],[-115.728674,42.938857],[-115.72251,42.940691],[-115.717841,42.940002],[-115.705814,42.939678],[-115.703531,42.939935],[-115.697827,42.939332],[-115.694474,42.939357],[-115.686587,42.940438],[-115.68152,42.942176],[-115.677949,42.94239],[-115.674796,42.943113],[-115.670963,42.943477],[-115.66552,42.944739],[-115.659061,42.94729],[-115.656208,42.948009],[-115.647668,42.953246],[-115.641349,42.955191],[-115.638069,42.955743],[-115.638357,42.851008],[-115.65077,42.851001],[-115.650988,42.84852],[-115.649686,42.825889],[-115.600917,42.826105],[-115.454046,42.826732],[-115.454224,42.767936],[-115.037697,42.768414],[-115.037588,42.682433],[-115.103421,42.682284],[-115.103783,42.579599],[-115.093826,42.579289],[-115.037509,42.579122],[-115.037841,42.245605],[-115.081756,42.24529],[-115.1497,42.24537],[-115.152502,42.24528],[-115.324118,42.245647],[-115.349858,42.245462],[-115.379477,42.245827],[-115.383734,42.245572],[-115.386438,42.245715],[-115.57123,42.244615],[-115.569975183905,41.9968357223365],[-115.586849,41.996884],[-115.625914,41.997415],[-115.711103055967,41.9971886587532],[-115.733245719569,41.997129827275],[-115.870181,41.996766],[-115.941634,41.9965],[-115.986168884886,41.9964341487172],[-115.986173927768,41.9964341412606],[-116.047136,41.996344],[-116.065991,41.997462],[-116.117642900065,41.9974870520592],[-116.146723905157,41.9975011568465],[-116.160833,41.997508],[-116.163931,41.997555],[-116.332763,41.997283],[-116.368478,41.996281],[-116.378087960334,41.9963661815149],[-116.409882,41.996648],[-116.467134,41.996991],[-116.484389,41.99721],[-116.498188,41.997443],[-116.501741,41.997334],[-116.525319,41.997558],[-116.582217,41.997834],[-116.586937,41.99737],[-116.625947,41.997379],[-116.62677,41.99775],[-116.8622743929,41.9986036007652],[-116.86141,42.330177]]]}},{"type":"Feature","properties":{"fips":"16000","lea_geoid":"1602730","district_name":"Prairie Elementary School District 191","state_fips":"16","state_abbr":"ID","county_name":"","county_fips":"000"},"geometry":{"type":"Polygon","coordinates":[[[-115.8567,43.601601],[-115.85309,43.602741],[-115.847213,43.607992],[-115.845106,43.608351],[-115.841131,43.60685],[-115.83511,43.608424],[-115.831268,43.606701],[-115.830872,43.60525],[-115.829316,43.605645],[-115.82792,43.607667],[-115.822024,43.611131],[-115.822203,43.611926],[-115.798224,43.611988],[-115.798032,43.609891],[-115.44016,43.611023],[-115.43983,43.575082],[-115.439513,43.572882],[-115.4399,43.430539],[-115.439587,43.426409],[-115.44048,43.370423],[-115.441979,43.370423],[-115.441501,43.360185],[-115.443098,43.35961],[-115.447518,43.359919],[-115.44901,43.357463],[-115.452972,43.356234],[-115.454454,43.35451],[-115.45654,43.353266],[-115.460726,43.353312],[-115.467987,43.352203],[-115.469371,43.351412],[-115.47082,43.348726],[-115.475618,43.345387],[-115.478388,43.341448],[-115.481759,43.337513],[-115.485408,43.335235],[-115.487402,43.334599],[-115.494859,43.33331],[-115.500257,43.330333],[-115.505163,43.330142],[-115.507267,43.329707],[-115.512413,43.329581],[-115.514576,43.32946],[-115.515243,43.329376],[-115.515951,43.329481],[-115.516389,43.32907],[-115.519562,43.329541],[-115.524846,43.328973],[-115.526004,43.329099],[-115.529079,43.330385],[-115.533587,43.333379],[-115.536688,43.334637],[-115.537,43.335089],[-115.537198,43.335604],[-115.537417,43.335952],[-115.53728,43.336286],[-115.537302,43.337155],[-115.537565,43.337571],[-115.53687,43.339527],[-115.537695,43.343478],[-115.535601,43.346886],[-115.535858,43.350227],[-115.534219,43.351146],[-115.538263,43.354487],[-115.539101,43.356841],[-115.54085,43.357814],[-115.541489,43.359468],[-115.546095,43.36262],[-115.547365,43.364274],[-115.550959,43.364824],[-115.553865,43.368848],[-115.554107,43.369984],[-115.553504,43.373628],[-115.551601,43.375547],[-115.550521,43.377851],[-115.551428,43.378174],[-115.550289,43.379515],[-115.545415,43.381407],[-115.545279,43.384188],[-115.543832,43.388944],[-115.544298,43.391122],[-115.545573,43.391996],[-115.547745,43.392227],[-115.552421,43.396548],[-115.552912,43.398441],[-115.553874,43.39937],[-115.55804,43.401563],[-115.561246,43.402446],[-115.566161,43.405009],[-115.567293,43.405264],[-115.571769,43.404806],[-115.575786,43.402875],[-115.583598,43.399876],[-115.585061,43.400024],[-115.585678,43.40073],[-115.585667,43.403121],[-115.586931,43.404282],[-115.590113,43.405444],[-115.593914,43.407463],[-115.594845,43.409395],[-115.595895,43.410149],[-115.597303,43.413332],[-115.597185,43.414392],[-115.599881,43.418487],[-115.601955,43.420023],[-115.604649,43.421384],[-115.606937,43.423875],[-115.60875,43.427081],[-115.611487,43.431015],[-115.616083,43.434174],[-115.616794,43.435106],[-115.617063,43.436512],[-115.616064,43.438993],[-115.617656,43.441006],[-115.618954,43.443732],[-115.619349,43.445664],[-115.619081,43.44865],[-115.620675,43.453366],[-115.620461,43.456127],[-115.62108,43.46041],[-115.620097,43.463559],[-115.62087,43.464865],[-115.623625,43.465813],[-115.62813,43.465404],[-115.630275,43.463419],[-115.632624,43.463308],[-115.635974,43.461876],[-115.637382,43.462148],[-115.637679,43.463435],[-115.641057,43.464981],[-115.644353,43.468255],[-115.64455,43.470761],[-115.645345,43.472514],[-115.647105,43.474137],[-115.649936,43.47403],[-115.653412,43.475167],[-115.657658,43.476966],[-115.660145,43.477526],[-115.661831,43.477189],[-115.66554,43.473774],[-115.666978,43.473707],[-115.668,43.474756],[-115.671258,43.475526],[-115.675247,43.475009],[-115.681907,43.47997],[-115.682779,43.482849],[-115.682459,43.487157],[-115.685774,43.491545],[-115.687466,43.495247],[-115.688421,43.496277],[-115.693046,43.498259],[-115.692752,43.49933],[-115.689316,43.503403],[-115.687218,43.507782],[-115.688058,43.509092],[-115.690326,43.510828],[-115.691436,43.514281],[-115.690897,43.515941],[-115.691667,43.519278],[-115.690323,43.522533],[-115.692488,43.524395],[-115.69307,43.526545],[-115.695259,43.527567],[-115.699616,43.531551],[-115.704399,43.534528],[-115.70631,43.535075],[-115.709797,43.53844],[-115.712264,43.538962],[-115.716413,43.541845],[-115.717784,43.543265],[-115.717166,43.548244],[-115.717374,43.548896],[-115.719774,43.550022],[-115.722591,43.550281],[-115.726498,43.550095],[-115.731022,43.550705],[-115.73742,43.550134],[-115.741302,43.551199],[-115.741689,43.556767],[-115.743789,43.558307],[-115.752102,43.557661],[-115.757386,43.556361],[-115.758475,43.555724],[-115.761121,43.552628],[-115.764875,43.551667],[-115.766501,43.55163],[-115.769965,43.552362],[-115.773156,43.551546],[-115.775671,43.551832],[-115.777153,43.552701],[-115.778579,43.552267],[-115.781599,43.550293],[-115.785418,43.553258],[-115.789961,43.555497],[-115.79249,43.555094],[-115.794267,43.553638],[-115.79542,43.551134],[-115.79674,43.549638],[-115.798869,43.549335],[-115.801436,43.549904],[-115.803181,43.551186],[-115.806446,43.555325],[-115.80875,43.556447],[-115.810139,43.557936],[-115.809087,43.561021],[-115.809231,43.56322],[-115.80747,43.566804],[-115.807151,43.568531],[-115.807888,43.570782],[-115.807809,43.572755],[-115.81478,43.575534],[-115.816105,43.576965],[-115.818138,43.580544],[-115.820642,43.581255],[-115.822757,43.582963],[-115.826037,43.583054],[-115.82916,43.584742],[-115.832813,43.588521],[-115.834064,43.589328],[-115.834616,43.591098],[-115.837657,43.593975],[-115.840461,43.598832],[-115.841458,43.599537],[-115.844088,43.600379],[-115.851233,43.600288],[-115.855812,43.600596],[-115.8567,43.601601]]]}},{"type":"Feature","properties":{"fips":"16000","lea_geoid":"1603360","district_name":"Wendell School District 232","state_fips":"16","state_abbr":"ID","county_name":"","county_fips":"000"},"geometry":{"type":"Polygon","coordinates":[[[-114.854645,42.754205],[-114.835491,42.753978],[-114.835649,42.750513],[-114.830721,42.750372],[-114.830604,42.768359],[-114.821923,42.768198],[-114.810866,42.768329],[-114.810943,42.779501],[-114.811023,42.779532],[-114.81109,42.796829],[-114.82086,42.797178],[-114.821009,42.825767],[-114.789989,42.825856],[-114.790295,42.839093],[-114.751878,42.83923],[-114.75194,42.84988],[-114.712103,42.850179],[-114.635393,42.850753],[-114.635246,42.839046],[-114.634644,42.791067],[-114.635071,42.786983],[-114.635038,42.775774],[-114.621372,42.775631],[-114.621394,42.771843],[-114.616873,42.771874],[-114.616827,42.76786],[-114.63502,42.767919],[-114.635093,42.746218],[-114.633309,42.746219],[-114.626523,42.744221],[-114.626558,42.742542],[-114.635126,42.742618],[-114.634508,42.694479],[-114.634648,42.654312],[-114.636801,42.655925],[-114.639571,42.656908],[-114.643416,42.657668],[-114.646264,42.659189],[-114.651814,42.660948],[-114.660323,42.661338],[-114.662489,42.661678],[-114.66569,42.661558],[-114.670088,42.660514],[-114.676659,42.659563],[-114.680831,42.659361],[-114.684619,42.660522],[-114.687197,42.661348],[-114.689025,42.662538],[-114.693043,42.664023],[-114.699363,42.66499],[-114.704523,42.668168],[-114.706211,42.668378],[-114.709588,42.66763],[-114.713021,42.66595],[-114.713806,42.666403],[-114.713725,42.681278],[-114.791707,42.681514],[-114.791774,42.681513],[-114.791614,42.674167],[-114.796583,42.674167],[-114.796612,42.675662],[-114.796526,42.680997],[-114.796508,42.681499],[-114.801448,42.681527],[-114.801447,42.688995],[-114.817657,42.689026],[-114.821856,42.689356],[-114.825541,42.689164],[-114.825495,42.690468],[-114.823306,42.693499],[-114.823932,42.695955],[-114.823961,42.698875],[-114.824634,42.704035],[-114.825777,42.705986],[-114.830032,42.709031],[-114.834691,42.707475],[-114.839538,42.708821],[-114.843965,42.711116],[-114.847503,42.712506],[-114.849868,42.7128],[-114.850399,42.713668],[-114.848662,42.717105],[-114.848917,42.719287],[-114.847395,42.722652],[-114.847389,42.724894],[-114.84695,42.728506],[-114.84631,42.730211],[-114.844263,42.733315],[-114.843978,42.735102],[-114.845158,42.739607],[-114.848493,42.745584],[-114.850483,42.74973],[-114.854731,42.753676],[-114.854645,42.754205]]]}},{"type":"Feature","properties":{"fips":"16000","lea_geoid":"1602490","district_name":"Oneida County School District 351","state_fips":"16","state_abbr":"ID","county_name":"","county_fips":"000"},"geometry":{"type":"Polygon","coordinates":[[[-112.999965,42.327427],[-112.771414,42.328058],[-112.771411,42.328854],[-112.704619,42.328897],[-112.654028,42.328872],[-112.653989,42.416169],[-112.510314,42.41603],[-112.497849,42.415998],[-112.498139,42.502967],[-112.419825,42.503038],[-112.384498,42.503055],[-112.38445,42.499577],[-112.384503,42.488625],[-112.380254,42.48862],[-112.380208,42.481475],[-112.370458,42.481345],[-112.370456,42.474183],[-112.365495,42.474154],[-112.365464,42.467002],[-112.345984,42.466945],[-112.345948,42.458722],[-112.347101,42.457883],[-112.348014,42.454454],[-112.347708,42.452414],[-112.345757,42.449391],[-112.342931,42.447667],[-112.332906,42.449808],[-112.3279,42.449668],[-112.325027,42.450827],[-112.322716,42.450512],[-112.322168,42.449447],[-112.319926,42.449279],[-112.318192,42.451343],[-112.315777,42.452298],[-112.311968,42.452783],[-112.311034,42.455329],[-112.308297,42.456725],[-112.304803,42.456472],[-112.30022,42.454525],[-112.297244,42.453874],[-112.296959,42.449586],[-112.294452,42.446237],[-112.29562,42.442977],[-112.294617,42.442255],[-112.295454,42.440921],[-112.295313,42.437082],[-112.293987,42.435674],[-112.294319,42.433793],[-112.293185,42.432711],[-112.292816,42.429789],[-112.290785,42.427114],[-112.291002,42.425644],[-112.293652,42.422367],[-112.293131,42.421045],[-112.293846,42.419803],[-112.293491,42.417565],[-112.292243,42.416104],[-112.293417,42.410933],[-112.292903,42.409975],[-112.293856,42.408271],[-112.292398,42.406414],[-112.292203,42.40294],[-112.290791,42.397278],[-112.29119,42.395675],[-112.294077,42.395003],[-112.29369,42.391166],[-112.293857,42.386723],[-112.300558,42.383033],[-112.302841,42.38008],[-112.304747,42.379694],[-112.305427,42.376804],[-112.307251,42.375504],[-112.309655,42.37241],[-112.31042,42.370619],[-112.309595,42.369525],[-112.309231,42.366832],[-112.310007,42.365589],[-112.311552,42.365751],[-112.313563,42.364544],[-112.314628,42.36233],[-112.318653,42.357204],[-112.324062,42.353306],[-112.323783,42.351751],[-112.328868,42.347207],[-112.329014,42.345377],[-112.330699,42.343439],[-112.329839,42.339201],[-112.328297,42.337393],[-112.328639,42.333692],[-112.327951,42.331502],[-112.328686,42.329497],[-112.327208,42.326643],[-112.327102,42.323836],[-112.325033,42.32407],[-112.321859,42.323265],[-112.320779,42.323498],[-112.31598,42.322788],[-112.315299,42.322041],[-112.307578,42.326684],[-112.305058,42.326497],[-112.30236,42.324807],[-112.30194,42.323569],[-112.299054,42.322355],[-112.29494,42.318925],[-112.291822,42.317661],[-112.291247,42.316825],[-112.279899,42.316568],[-112.276765,42.317665],[-112.275651,42.318628],[-112.276046,42.321114],[-112.272647,42.326204],[-112.270504,42.327542],[-112.266579,42.328729],[-112.267904,42.330755],[-112.26369,42.334575],[-112.263059,42.337188],[-112.259253,42.342125],[-112.259281,42.350721],[-112.190656,42.350839],[-112.190113,42.348939],[-112.190707,42.347834],[-112.188778,42.346134],[-112.186801,42.341048],[-112.185879,42.339864],[-112.185897,42.337392],[-112.180353,42.332923],[-112.179033,42.330444],[-112.177051,42.327956],[-112.177137,42.325756],[-112.176461,42.323953],[-112.175301,42.323771],[-112.172155,42.320327],[-112.170499,42.317579],[-112.16895,42.317217],[-112.168924,42.315742],[-112.167381,42.314351],[-112.16491,42.313966],[-112.16364,42.311309],[-112.160956,42.308476],[-112.160255,42.305291],[-112.16113,42.303949],[-112.16071,42.302049],[-112.161047,42.299425],[-112.159115,42.299111],[-112.155866,42.296951],[-112.156013,42.294473],[-112.152355,42.294505],[-112.148285,42.293118],[-112.144177,42.293159],[-112.140788,42.293814],[-112.137805,42.295749],[-112.134358,42.293257],[-112.130414,42.29163],[-112.128581,42.289644],[-112.128424,42.288024],[-112.127083,42.287275],[-112.126194,42.285229],[-112.125761,42.284644],[-112.121333,42.282186],[-112.11887,42.281143],[-112.117191,42.276206],[-112.115875,42.27435],[-112.115225,42.272411],[-112.114012,42.271146],[-112.113323,42.269345],[-112.111362,42.268792],[-112.109113,42.269305],[-112.105655,42.268194],[-112.103241,42.268141],[-112.10184,42.268375],[-112.098293,42.26994],[-112.09624,42.267334],[-112.096834,42.264613],[-112.096298,42.263331],[-112.09392,42.263115],[-112.093617,42.260402],[-112.090327,42.25702],[-112.088024,42.252255],[-112.086992,42.251981],[-112.083426,42.245963],[-112.080395,42.245037],[-112.076315,42.242693],[-112.075324,42.241353],[-112.074252,42.238282],[-112.070959,42.238263],[-112.070266,42.169646],[-112.109271,42.169911],[-112.109206,42.116895],[-112.109443425513,41.9977448322096],[-112.153848,41.997226],[-112.159177687464,41.9984104056753],[-112.173148,42.001515],[-112.186029,42.001206],[-112.220733995874,42.0011791294825],[-112.2364,42.001167],[-112.24126597448,42.0011654624054],[-112.264882,42.001158],[-112.364813,42.001053],[-112.44068,42.000776],[-112.508568,42.00077],[-112.647733,42.000272],[-112.687027781615,42.0001732981923],[-112.709441,42.000117],[-112.775055,41.999806],[-112.833517,41.999418],[-112.882288,41.999089],[-112.951211,41.998557],[-112.979408161555,41.9983410995408],[-113.000040840117,41.9981831189311],[-113.000033,42.11954],[-112.984515,42.11927],[-112.984543,42.112151],[-112.965231,42.111791],[-112.950829,42.111361],[-112.945603,42.111521],[-112.945598,42.125955],[-112.927266,42.125563],[-112.926032,42.137227],[-112.926279,42.142085],[-112.926398,42.183857],[-113.000081,42.185047],[-112.999965,42.327427]]]}},{"type":"Feature","properties":{"fips":"16000","lea_geoid":"1601020","district_name":"Emmett Independent School District 221","state_fips":"16","state_abbr":"ID","county_name":"","county_fips":"000"},"geometry":{"type":"Polygon","coordinates":[[[-116.712752,43.879858],[-116.712348,43.905222],[-116.712348,43.952066],[-116.712421,43.960539],[-116.712501,43.981326],[-116.572224,43.980485],[-116.572142,44.009214],[-116.53217,44.008843],[-116.532117,44.066024],[-116.452551,44.065414],[-116.452068,44.151465],[-116.358492,44.151158],[-116.358522,44.15296],[-116.360283,44.154224],[-116.35871,44.158898],[-116.357393,44.159856],[-116.35716,44.162176],[-116.355805,44.165659],[-116.354106,44.167662],[-116.354351,44.170766],[-116.353188,44.175519],[-116.355009,44.17817],[-116.356264,44.178476],[-116.356602,44.182398],[-116.355605,44.182747],[-116.353679,44.186348],[-116.355491,44.188608],[-116.353829,44.190743],[-116.356651,44.19445],[-116.357143,44.196529],[-116.35558,44.198668],[-116.356355,44.200477],[-116.355382,44.203206],[-116.355607,44.205261],[-116.357027,44.207233],[-116.354129,44.208901],[-116.350338,44.209696],[-116.348793,44.210613],[-116.346407,44.215249],[-116.343323,44.217804],[-116.34656,44.219392],[-116.347679,44.221545],[-116.346856,44.22424],[-116.343607,44.225773],[-116.344483,44.22742],[-116.346753,44.229427],[-116.345649,44.229859],[-116.34744,44.23419],[-116.34902,44.235061],[-116.351477,44.237823],[-116.349917,44.239385],[-116.347272,44.240302],[-116.346393,44.241246],[-116.348491,44.242488],[-116.350253,44.245032],[-116.34913,44.247709],[-116.349282,44.251888],[-116.346314,44.255056],[-116.344028,44.256424],[-116.343651,44.257643],[-116.344722,44.25969],[-116.343954,44.261666],[-116.344578,44.26369],[-116.343424,44.264826],[-116.343891,44.265828],[-116.34234,44.268143],[-116.344304,44.270441],[-116.344223,44.273839],[-116.342562,44.275077],[-116.341794,44.276999],[-116.342276,44.280136],[-116.343815,44.283053],[-116.344027,44.286374],[-116.345023,44.287367],[-116.351187,44.287764],[-116.348554,44.290905],[-116.349097,44.292109],[-116.347185,44.293652],[-116.343839,44.29881],[-116.342889,44.299228],[-116.343682,44.303989],[-116.341872,44.305658],[-116.341666,44.310691],[-116.343957,44.3128],[-116.345073,44.313034],[-116.345437,44.31615],[-116.344273,44.317892],[-116.347394,44.322103],[-116.348007,44.322308],[-116.343925,44.324434],[-116.341368,44.326972],[-116.341079,44.330604],[-116.339512,44.334193],[-116.34018,44.336795],[-116.338557,44.339477],[-116.3363,44.340857],[-116.336118,44.34375],[-116.334058,44.345418],[-116.331232,44.348687],[-116.331267,44.350081],[-116.332542,44.351768],[-116.329369,44.354896],[-116.32864,44.357712],[-116.332812,44.3587],[-116.334917,44.361932],[-116.335769,44.365867],[-116.333087,44.371748],[-116.333132,44.374355],[-116.333911,44.376],[-116.329084,44.37551],[-116.327784,44.380288],[-116.327855,44.382616],[-116.325609,44.383118],[-116.324129,44.386198],[-116.32172,44.387724],[-116.322154,44.388973],[-116.321137,44.390753],[-116.323601,44.393127],[-116.32129,44.396813],[-116.322045,44.398408],[-116.321875,44.401134],[-116.319876,44.403393],[-116.319124,44.405323],[-116.319772,44.409537],[-116.3191,44.411643],[-116.320191,44.416472],[-116.319456,44.417167],[-116.319643,44.420688],[-116.315479,44.422984],[-116.312051,44.421929],[-116.308294,44.423441],[-116.308017,44.425796],[-116.30891,44.42616],[-116.307137,44.428509],[-116.306916,44.430328],[-116.305612,44.430965],[-116.306196,44.432252],[-116.30456,44.434413],[-116.304381,44.436032],[-116.303016,44.439115],[-116.301019,44.441905],[-116.299686,44.442899],[-116.299876,44.444576],[-116.2983,44.448198],[-116.295983,44.450147],[-116.294084,44.450388],[-116.291488,44.452712],[-116.290771,44.452189],[-116.288864,44.453043],[-116.288102,44.454231],[-116.283341,44.456036],[-116.280066,44.458403],[-116.272604,44.460273],[-116.270964,44.460422],[-116.268595,44.462692],[-116.26467,44.4643],[-116.257022,44.466265],[-116.255973,44.466296],[-116.252197,44.465056],[-116.249266,44.46461],[-116.245815,44.464689],[-116.244723,44.464289],[-116.244703,44.462003],[-116.243812,44.461464],[-116.24156,44.461982],[-116.238288,44.464212],[-116.236136,44.464713],[-116.237,44.467313],[-116.23642,44.469771],[-116.231936,44.476854],[-116.232312,44.478606],[-116.233874,44.481262],[-116.23192,44.483219],[-116.23098,44.484996],[-116.229984,44.489492],[-116.227752,44.491364],[-116.227385,44.492686],[-116.223983,44.493234],[-116.222574,44.494154],[-116.220383,44.497392],[-116.217788,44.508556],[-116.214025,44.509853],[-116.213314,44.510813],[-116.211808,44.507731],[-116.210823,44.504619],[-116.20731,44.503778],[-116.204315,44.502308],[-116.202171,44.50313],[-116.200495,44.503083],[-116.199905,44.500131],[-116.196913,44.498256],[-116.194598,44.495707],[-116.193278,44.493666],[-116.188791,44.49324],[-116.185376,44.494678],[-116.180319,44.499324],[-116.176557,44.500656],[-116.174348,44.500665],[-116.170757,44.49968],[-116.167404,44.499578],[-116.16022,44.498072],[-116.157022,44.498928],[-116.152418,44.498832],[-116.152295,44.324519],[-116.155225,44.324589],[-116.21291,44.324373],[-116.213381,44.237844],[-116.213871,44.151387],[-116.216485,44.151357],[-116.235806,44.151369],[-116.235608,44.14044],[-116.236134,44.123637],[-116.25549,44.123613],[-116.255549,44.109236],[-116.27281,44.109205],[-116.273342,44.109032],[-116.273561,43.910907],[-116.273402,43.893551],[-116.274022,43.80736],[-116.282019,43.807365],[-116.483854,43.807224],[-116.512502,43.807161],[-116.644569,43.807228],[-116.671352,43.80714],[-116.707966,43.807159],[-116.712672,43.807161],[-116.712752,43.879858]]]}},{"type":"Feature","properties":{"fips":"16000","lea_geoid":"1601140","district_name":"Fruitland School District 373","state_fips":"16","state_abbr":"ID","county_name":"","county_fips":"000"},"geometry":{"type":"Polygon","coordinates":[[[-116.98384,43.880846],[-116.97617647824,43.8946464890304],[-116.976114,43.894759],[-116.9765,43.897128],[-116.976694,43.900361],[-116.976429,43.901293],[-116.977332,43.905812],[-116.978564231043,43.9072537431298],[-116.979961,43.908888],[-116.980250760831,43.9094192775191],[-116.981919,43.912478],[-116.97958,43.915253],[-116.972362,43.916453],[-116.962615,43.91748],[-116.958752,43.923246],[-116.959363,43.927739],[-116.959993,43.93065],[-116.961806,43.932797],[-116.967641,43.934792],[-116.968931,43.937007],[-116.968955773782,43.9377512350526],[-116.969028,43.939921],[-116.968214,43.941881],[-116.964292,43.944286],[-116.962251,43.948097],[-116.96177,43.952149],[-116.960415,43.954564],[-116.961264,43.956],[-116.964915,43.956301],[-116.971574,43.956964],[-116.972331,43.958357],[-116.97049,43.959764],[-116.959808,43.963815],[-116.959206,43.96636],[-116.961683,43.968168],[-116.966314,43.968884],[-116.968634,43.968412],[-116.97088,43.968302],[-116.971556,43.970112],[-116.973807,43.972187],[-116.975525,43.973091],[-116.97618,43.974719],[-116.973435,43.977085],[-116.968743,43.977477],[-116.959871,43.982925],[-116.942757,43.984043],[-116.938195,43.98459],[-116.935584,43.986874],[-116.935847,43.990875],[-116.94242,43.999437],[-116.94321505163,44.0016934551559],[-116.943742,44.003189],[-116.941734972941,44.0069165870337],[-116.941458,44.007431],[-116.935911,44.012652],[-116.934485,44.021249],[-116.934719940664,44.0219173103878],[-116.935592015008,44.0243980062902],[-116.935696297006,44.0246946460507],[-116.937261403083,44.0291467346366],[-116.937342,44.029376],[-116.943361,44.035645],[-116.950573662942,44.0396994290017],[-116.945879,44.039982],[-116.938437,44.03979],[-116.933689,44.039695],[-116.932754,44.039795],[-116.9311,44.039789],[-116.928483,44.039676],[-116.926979,44.039658],[-116.925025,44.039769],[-116.924841,44.038985],[-116.923389,44.038429],[-116.919155,44.035679],[-116.907072,44.030718],[-116.902074,44.031572],[-116.899457,44.031216],[-116.898,44.0306],[-116.893605,44.027035],[-116.893076,44.024945],[-116.892729,44.02516],[-116.891586,44.023611],[-116.890493,44.02316],[-116.887482,44.022674],[-116.885103,44.022941],[-116.884088,44.022825],[-116.879152,44.022471],[-116.874812,44.021417],[-116.873176,44.021736],[-116.865636,44.025413],[-116.861536,44.026697],[-116.859057,44.026584],[-116.857786,44.026041],[-116.856549,44.024255],[-116.856071,44.020858],[-116.855087,44.01981],[-116.852881,44.018573],[-116.848417,44.017224],[-116.846109,44.015118],[-116.844258,44.013821],[-116.840541,44.012483],[-116.839933,44.012564],[-116.839592,44.012515],[-116.837903,44.01251],[-116.837237,44.012377],[-116.835151,44.011795],[-116.833749,44.010508],[-116.852488,44.010693],[-116.852417,43.996301],[-116.852397,43.990613],[-116.858959,43.990449],[-116.858911,43.987157],[-116.862454,43.987065],[-116.862571,43.969226],[-116.858474,43.969109],[-116.858425,43.965754],[-116.862733,43.965824],[-116.862645,43.95468],[-116.853133,43.954897],[-116.853477,43.939159],[-116.853234,43.933477],[-116.853647,43.92497],[-116.853513,43.877609],[-116.854201,43.822246],[-116.853132,43.807387],[-116.872272,43.807366],[-116.893746,43.807381],[-116.893814,43.821589],[-116.913796,43.821721],[-116.913963,43.8362],[-116.95452,43.836487],[-116.954519,43.844743],[-116.954201,43.851102],[-116.954422,43.880154],[-116.98371442608,43.8801032140428],[-116.98384,43.880846]]]}},{"type":"Feature","properties":{"fips":"16000","lea_geoid":"1600150","district_name":"Avery School District 394","state_fips":"16","state_abbr":"ID","county_name":"","county_fips":"000"},"geometry":{"type":"Polygon","coordinates":[[[-116.329421,47.006066],[-116.329418,47.021915],[-116.32941,47.073003],[-116.329402,47.318709],[-116.324442,47.317018],[-116.320223,47.315038],[-116.316699,47.314122],[-116.31436,47.314188],[-116.309383,47.313569],[-116.309258,47.326479],[-116.319569,47.326554],[-116.319552,47.323033],[-116.3294,47.323186],[-116.3294,47.370674],[-116.116271,47.370459],[-116.114064,47.370669],[-116.042558,47.370662],[-115.862376,47.370989],[-115.596375,47.370781],[-115.593721458667,47.3710090842038],[-115.590981,47.370064],[-115.586421,47.370272],[-115.584284,47.3686],[-115.577639,47.367404],[-115.576086,47.365678],[-115.578345,47.361088],[-115.575047,47.355875],[-115.570907,47.355548],[-115.565827,47.352456],[-115.560299,47.352174],[-115.557555,47.353535],[-115.552605,47.351441],[-115.549074,47.347205],[-115.550179,47.333741],[-115.538835,47.329059],[-115.54104,47.325776],[-115.537062,47.317838],[-115.532785,47.314218],[-115.53136,47.311189],[-115.528258,47.309212],[-115.528511,47.299314],[-115.515345,47.296767],[-115.506999,47.291825],[-115.496352,47.289314],[-115.490838,47.289482],[-115.48881,47.288113],[-115.483637,47.282134],[-115.480384,47.281641],[-115.476535,47.284222],[-115.471806,47.284238],[-115.466691,47.287173],[-115.461099,47.285332],[-115.45748,47.282034],[-115.457255,47.278321],[-115.453683,47.277391],[-115.449639,47.278398],[-115.444685,47.277021],[-115.4372,47.27918],[-115.43681,47.279878],[-115.435829,47.280267],[-115.432464,47.279485],[-115.425967,47.280278],[-115.421026,47.277558],[-115.421388,47.27201],[-115.414706,47.268231],[-115.412079,47.264602],[-115.40826,47.263942],[-115.404727,47.26506],[-115.392114,47.265369],[-115.385119,47.26766],[-115.376652,47.264648],[-115.371251,47.265283],[-115.366024,47.261925],[-115.359219,47.259643],[-115.353849,47.262148],[-115.350012,47.260511],[-115.345786,47.260584],[-115.340441,47.26287],[-115.323517,47.256321],[-115.320147,47.2567],[-115.319654,47.256288],[-115.318676,47.251365],[-115.324431,47.245746],[-115.324369,47.244724],[-115.320962,47.242517],[-115.316402,47.233293],[-115.311053,47.229701],[-115.306988,47.229624],[-115.301934,47.225932],[-115.298784,47.225504],[-115.294696,47.219609],[-115.294594,47.216194],[-115.291579,47.210001],[-115.295986,47.205658],[-115.301226,47.193452],[-115.300504,47.188139],[-115.295091,47.186821],[-115.290964,47.186815],[-115.286849,47.183485],[-115.282848,47.183529],[-115.277692,47.182077],[-115.272573,47.182664],[-115.271522866093,47.1824068321016],[-115.267044,47.18131],[-115.262422,47.181687],[-115.259455,47.17955],[-115.256196,47.174977],[-115.256792,47.169828],[-115.255462,47.163692],[-115.253658,47.16149],[-115.250495,47.159905],[-115.249006,47.159077],[-115.247835,47.155092],[-115.245265,47.151751],[-115.243106,47.150729],[-115.231401,47.150293],[-115.225433,47.148756],[-115.221893,47.148995],[-115.216689,47.146121],[-115.216319651809,47.1453627925957],[-115.215875,47.14445],[-115.21253,47.141998],[-115.204574,47.140498],[-115.202893,47.139757],[-115.199849,47.139826],[-115.199059,47.139622],[-115.198231,47.137123],[-115.19441,47.135207],[-115.192923,47.133085],[-115.185987,47.129402],[-115.186701,47.128171],[-115.186477,47.124726],[-115.1836,47.121676],[-115.179738,47.120626],[-115.179293,47.120165],[-115.178763,47.11743],[-115.172861,47.112025],[-115.173509,47.109717],[-115.172175,47.107151],[-115.160327,47.102224],[-115.15796,47.102824],[-115.149667,47.10179],[-115.147433,47.10321],[-115.144341,47.101977],[-115.140233,47.096762],[-115.142679,47.092063],[-115.141675,47.085729],[-115.140039,47.083635],[-115.139619,47.080019],[-115.137826,47.077488],[-115.134917,47.075673],[-115.131134,47.068956],[-115.126284,47.065964],[-115.123233,47.065702],[-115.122286,47.06532],[-115.121998,47.063333],[-115.120154845766,47.0613838394128],[-115.116834,47.057872],[-115.108058,47.051821],[-115.107202,47.049484],[-115.102619,47.047419],[-115.098008,47.048581],[-115.087602,47.045789],[-115.088363,47.041121],[-115.081856,47.038186],[-115.080713,47.035602],[-115.081034,47.029847],[-115.075665,47.025854],[-115.072289,47.026078],[-115.071728,47.025855],[-115.072304,47.023829],[-115.071254,47.022083],[-115.069444,47.015134],[-115.07001,47.014585],[-115.072439,47.013925],[-115.072806,47.013364],[-115.065546,47.000598],[-115.06622,46.996625],[-115.06737,46.995539],[-115.067301,46.994989],[-115.061139,46.991934],[-115.056691,46.984832],[-115.050201,46.98123],[-115.051421,46.974345],[-115.048383,46.969819],[-115.037337,46.97054],[-115.03381,46.971657],[-115.029678,46.97251],[-115.029523,46.974426],[-115.028386,46.975659],[-115.017007,46.973857],[-115.011315,46.974123],[-115.001274,46.971901],[-115.00091,46.967703],[-114.993917,46.962228],[-114.993077,46.959264],[-114.986358,46.954245],[-114.986516,46.950148],[-114.983115,46.949282],[-114.976279,46.942998],[-114.970201,46.93872],[-114.966349,46.938111],[-114.964263,46.937458],[-114.958866,46.933466],[-114.959275310333,46.9328693979985],[-115.636166,46.933363],[-115.638137,46.933438],[-115.638478,46.933862],[-115.710707,46.933868],[-115.826966,46.934155],[-115.827006,46.934158],[-116.329436,46.934669],[-116.329421,47.006066]]]}},{"type":"Feature","properties":{"fips":"16000","lea_geoid":"1603240","district_name":"Twin Falls School District 411","state_fips":"16","state_abbr":"ID","county_name":"","county_fips":"000"},"geometry":{"type":"Polygon","coordinates":[[[-114.555122,42.520268],[-114.555114,42.56376],[-114.555118,42.563935],[-114.555138,42.59418],[-114.546128,42.593429],[-114.534887,42.593358],[-114.529573,42.593449],[-114.53138,42.594939],[-114.531773,42.596201],[-114.531237,42.597139],[-114.528987,42.597243],[-114.526929,42.598762],[-114.527032,42.60049],[-114.524676,42.6014],[-114.525626,42.603025],[-114.524583,42.607255],[-114.523654,42.608193],[-114.52487,42.611118],[-114.526564,42.612018],[-114.525315,42.613231],[-114.526969,42.616567],[-114.529525,42.616623],[-114.531396,42.618961],[-114.530859,42.620991],[-114.532724,42.620953],[-114.533734,42.621996],[-114.533845,42.623939],[-114.539369,42.628342],[-114.537756,42.629352],[-114.539033,42.632403],[-114.539344,42.633309],[-114.538229,42.633118],[-114.530291,42.632676],[-114.527995,42.631986],[-114.524179,42.631793],[-114.520482,42.631033],[-114.51667,42.629525],[-114.515054,42.627594],[-114.510153,42.6267],[-114.50977,42.62537],[-114.511772,42.622219],[-114.511709,42.621659],[-114.50962,42.620476],[-114.505011,42.618511],[-114.500135,42.615833],[-114.495235,42.613722],[-114.489597,42.610731],[-114.487813,42.610068],[-114.482257,42.609188],[-114.47802,42.607485],[-114.470806,42.604034],[-114.46878,42.601494],[-114.465709,42.599673],[-114.462659,42.599748],[-114.45802,42.600788],[-114.453372,42.600766],[-114.453228,42.600773],[-114.449803,42.600645],[-114.448034,42.600135],[-114.442144,42.596287],[-114.440807,42.595868],[-114.438164,42.596628],[-114.434322,42.598292],[-114.431803,42.599803],[-114.430896,42.598699],[-114.427104,42.599737],[-114.422597,42.599678],[-114.414665,42.598386],[-114.408827,42.596038],[-114.407102,42.595643],[-114.402536,42.595436],[-114.402151,42.594264],[-114.401242,42.591954],[-114.401187,42.58985],[-114.401491,42.586068],[-114.40136,42.585486],[-114.401397,42.562807],[-114.401444,42.548321],[-114.401481,42.544716],[-114.401485,42.540898],[-114.401502,42.537457],[-114.401514,42.533858],[-114.40158,42.519419],[-114.401615,42.504799],[-114.408541,42.504876],[-114.412018,42.504558],[-114.411196,42.502735],[-114.408679,42.500467],[-114.408389,42.499459],[-114.405837,42.498156],[-114.404429,42.496416],[-114.40245,42.495247],[-114.401132,42.492942],[-114.401074,42.490505],[-114.400296,42.490176],[-114.399768,42.488918],[-114.400275,42.4878],[-114.399015,42.487832],[-114.396681,42.485916],[-114.395896,42.48438],[-114.394592,42.484308],[-114.393608,42.482058],[-114.392422,42.481015],[-114.390787,42.477777],[-114.388291,42.474868],[-114.38579,42.470811],[-114.386161,42.469731],[-114.383836,42.468072],[-114.385052,42.467206],[-114.385002,42.465384],[-114.383337,42.462135],[-114.384908,42.461313],[-114.388484,42.461175],[-114.388355,42.454034],[-114.40062,42.454137],[-114.40067,42.403662],[-114.430538,42.403621],[-114.459956,42.404153],[-114.470879,42.403878],[-114.515895,42.403841],[-114.517486,42.403877],[-114.51751,42.404615],[-114.517564,42.447583],[-114.508372,42.447575],[-114.508544,42.462031],[-114.489576,42.461784],[-114.489492,42.483779],[-114.501961,42.484238],[-114.508928,42.484232],[-114.509029,42.487654],[-114.508275,42.487749],[-114.545456,42.487954],[-114.545411,42.491274],[-114.555065,42.491282],[-114.555167,42.505741],[-114.555122,42.520268]]]}},{"type":"Feature","properties":{"fips":"16000","lea_geoid":"1600815","district_name":"Plummer-Worley Joint School District 44","state_fips":"16","state_abbr":"ID","county_name":"","county_fips":"000"},"geometry":{"type":"Polygon","coordinates":[[[-117.041174,47.55853],[-117.040904195748,47.571515578743],[-117.034112,47.571424],[-117.033305,47.5704],[-116.957866,47.570908],[-116.957905,47.585383],[-116.936657,47.585452],[-116.935998,47.580244],[-116.936118,47.578556],[-116.936101,47.523118],[-116.936196,47.511486],[-116.916163,47.511275],[-116.916105,47.508801],[-116.915901,47.49642],[-116.916027,47.488407],[-116.915666,47.480313],[-116.915544,47.476476],[-116.907636,47.479895],[-116.902451,47.48091],[-116.896793,47.48118],[-116.890734,47.481042],[-116.876585,47.479669],[-116.865621,47.477755],[-116.86082,47.477639],[-116.858696,47.474368],[-116.854625,47.470314],[-116.842439,47.463639],[-116.836391,47.459256],[-116.826489,47.454186],[-116.819346,47.451638],[-116.812048,47.451046],[-116.805266,47.450811],[-116.799459,47.450109],[-116.796373,47.449795],[-116.793147,47.449],[-116.789857,47.447767],[-116.787213,47.446043],[-116.77901,47.437641],[-116.760966,47.421123],[-116.750484,47.409491],[-116.748762,47.402519],[-116.749074,47.391045],[-116.749616,47.385888],[-116.756583,47.385857],[-116.760112,47.385802],[-116.763007,47.385449],[-116.764413,47.384397],[-116.764521,47.38133],[-116.759677,47.379622],[-116.756619,47.377454],[-116.763462,47.372602],[-116.76454,47.368559],[-116.766092,47.366651],[-116.768467,47.365171],[-116.771382,47.364333],[-116.774774,47.361575],[-116.774275,47.360725],[-116.776907,47.359321],[-116.777231,47.357796],[-116.774447,47.356687],[-116.769863,47.355863],[-116.766852,47.355867],[-116.763939,47.35455],[-116.761016,47.355289],[-116.758167,47.355123],[-116.756836,47.354398],[-116.752776,47.354056],[-116.749714,47.354654],[-116.747592,47.355857],[-116.746634,47.357826],[-116.745383,47.357871],[-116.744008,47.35582],[-116.744467,47.354174],[-116.742495,47.352661],[-116.740575,47.352706],[-116.73565,47.351386],[-116.735631,47.349148],[-116.735639,47.343827],[-116.735526,47.311572],[-116.768456,47.311433],[-116.768536,47.295426],[-116.768633,47.293813],[-116.768217,47.27941],[-116.810873,47.279382],[-116.811237,47.264774],[-116.821568,47.265026],[-116.821488,47.250552],[-116.832168,47.250552],[-116.832294,47.219512],[-116.832212,47.192481],[-116.789664,47.192471],[-116.78944,47.148723],[-116.768152,47.148676],[-116.768134,47.152242],[-116.725361,47.152437],[-116.680596,47.152102],[-116.680626,47.122797],[-116.670309,47.122717],[-116.670102,47.108349],[-116.660786,47.108336],[-116.660703,47.095557],[-116.648672,47.095594],[-116.648588,47.093803],[-116.649776,47.093783],[-116.650026,47.037499],[-116.771054,47.037394],[-116.771126,47.032511],[-116.8081,47.032543],[-116.835269,47.032452],[-116.835112,47.045244],[-116.836765,47.047101],[-116.839009,47.047591],[-116.842309,47.049375],[-116.848292,47.047166],[-116.85103,47.048393],[-116.852143,47.051117],[-116.854925,47.050781],[-116.858366,47.052513],[-116.856949,47.054413],[-116.857655,47.054787],[-116.861308,47.054644],[-116.866324,47.05769],[-116.872216,47.059084],[-116.874909,47.061645],[-116.875737,47.063147],[-116.878891,47.063917],[-116.880797,47.065677],[-116.883079,47.066392],[-116.883782,47.068008],[-116.884397,47.071415],[-116.88639,47.071614],[-116.892504,47.076105],[-116.896191,47.077896],[-116.898172,47.077843],[-116.901442,47.078493],[-116.904542,47.077484],[-116.906538,47.077912],[-116.911298,47.07796],[-116.913954,47.079556],[-116.91845,47.080281],[-116.923935,47.081594],[-116.925186,47.081565],[-116.929415,47.079639],[-116.932055,47.076521],[-116.939216,47.072505],[-116.941753,47.069555],[-116.944371,47.067227],[-116.945784,47.066978],[-116.953962,47.068905],[-116.955043,47.068822],[-116.957449,47.070897],[-116.958817,47.075039],[-116.962304,47.077594],[-116.963298,47.080319],[-116.966828,47.082106],[-116.970691,47.083326],[-116.974802,47.085884],[-116.977444,47.089121],[-116.976738,47.091208],[-116.976775,47.094683],[-116.97625,47.098397],[-116.974943,47.099272],[-116.974513,47.100862],[-116.973049,47.102321],[-116.96997,47.107674],[-116.96972,47.110798],[-116.967735,47.115232],[-116.969051,47.117629],[-116.971167,47.119965],[-116.974494,47.12081],[-116.977237,47.121972],[-116.979399,47.122174],[-116.98156,47.124361],[-116.985009,47.126458],[-116.987463,47.125861],[-116.989001,47.126145],[-116.995538,47.126434],[-116.99736,47.127098],[-117.001018,47.130487],[-117.00484,47.130066],[-117.006254,47.130513],[-117.015733,47.130829],[-117.018269,47.129696],[-117.020098,47.12779],[-117.022427,47.128135],[-117.024006,47.127534],[-117.028579,47.127729],[-117.033445,47.12731],[-117.035355,47.126768],[-117.039821054109,47.1272689624222],[-117.039824711567,47.1339900213799],[-117.039836,47.154734],[-117.039871,47.181858],[-117.039888,47.203282],[-117.039899,47.225515],[-117.03995127044,47.2402191103341],[-117.040019,47.259272],[-117.039916377106,47.3105420482251],[-117.039843,47.347201],[-117.039843156268,47.3472139984013],[-117.040069338271,47.3660278581666],[-117.040176,47.3749],[-117.039882,47.399085],[-117.039913013072,47.4051631061251],[-117.03995,47.412412],[-117.039948,47.434885],[-117.039948008841,47.4348959255487],[-117.039971,47.463309],[-117.039945,47.477823],[-117.040513191232,47.5222877085925],[-117.040514,47.522351],[-117.040519835225,47.5233318825769],[-117.040545,47.527562],[-117.040745,47.532909],[-117.041276,47.55821],[-117.041174,47.55853]]]}},{"type":"Feature","properties":{"fips":"16000","lea_geoid":"1602190","district_name":"Minidoka County Joint School District 331","state_fips":"16","state_abbr":"ID","county_name":"","county_fips":"000"},"geometry":{"type":"Polygon","coordinates":[[[-114.030064,42.678212],[-114.01052,42.678139],[-114.010253,42.685433],[-113.990838,42.685462],[-113.990817,42.721411],[-114.002879,42.721411],[-114.01035,42.721641],[-114.010289,42.73455],[-114.010561,42.736911],[-114.010206,42.761513],[-113.990788,42.761501],[-113.990816,42.750501],[-113.945993,42.751007],[-113.931784,42.751018],[-113.931687,42.765026],[-113.891485,42.764795],[-113.892077,42.836913],[-113.912131,42.837068],[-113.912083,42.849866],[-113.920279,42.849826],[-113.923409,42.850193],[-113.925575,42.849805],[-113.931948,42.849814],[-113.933306,42.850185],[-113.953687,42.850082],[-113.953764,42.89348],[-113.953756,42.894],[-113.954051,42.937122],[-113.834135,42.93666],[-113.833595,42.870999],[-113.814166,42.870937],[-113.814091,42.849846],[-113.81779,42.849797],[-113.833138,42.849575],[-113.832031,42.836245],[-113.82706,42.836647],[-113.811157,42.836497],[-113.803611,42.836623],[-113.803565,42.829052],[-113.78335,42.828749],[-113.783371,42.821764],[-113.766834,42.821896],[-113.76375,42.821941],[-113.763792,42.836642],[-113.783317,42.836684],[-113.78331,42.84306],[-113.794358,42.842918],[-113.794162,42.849538],[-113.791767,42.849881],[-113.774433,42.849824],[-113.77447,42.864636],[-113.794193,42.864724],[-113.794334,42.878002],[-113.774492,42.878339],[-113.756278,42.878111],[-113.734574,42.878171],[-113.734521,42.881455],[-113.733439,42.882042],[-113.734459,42.88451],[-113.713975,42.884888],[-113.714642,43.199783],[-113.413867,43.199859],[-113.413138,42.849169],[-113.472155,42.849201],[-113.472369,42.723845],[-113.472262,42.705105],[-113.472177,42.669352],[-113.448488,42.670756],[-113.434648,42.673577],[-113.429483,42.673642],[-113.420148,42.672687],[-113.414933,42.673184],[-113.411559,42.674448],[-113.404998,42.680106],[-113.39946,42.683897],[-113.39685,42.684901],[-113.39307,42.685741],[-113.384528,42.687018],[-113.375062,42.687832],[-113.373117,42.687638],[-113.37102,42.686866],[-113.367682,42.684031],[-113.364157,42.679674],[-113.360707,42.672118],[-113.359493,42.670761],[-113.35624,42.668446],[-113.351122,42.666309],[-113.348467,42.662727],[-113.354567,42.662774],[-113.355522,42.590713],[-113.355689,42.589571],[-113.506307,42.590392],[-113.50643,42.592133],[-113.50668,42.61208],[-113.526474,42.612108],[-113.526598,42.590411],[-113.551049,42.590439],[-113.589336,42.590489],[-113.589161,42.605067],[-113.601908,42.605116],[-113.603217,42.604705],[-113.604802,42.601629],[-113.607095,42.596291],[-113.608619,42.594965],[-113.614813,42.591108],[-113.619059,42.587769],[-113.621329,42.586529],[-113.625843,42.581847],[-113.627728,42.579182],[-113.629078,42.576311],[-113.630595,42.569157],[-113.631272,42.566854],[-113.634065,42.562738],[-113.639001,42.557478],[-113.644167,42.54549],[-113.647158,42.543039],[-113.651535,42.538363],[-113.654149,42.536155],[-113.657625,42.534553],[-113.661003,42.533664],[-113.669125,42.531028],[-113.673822,42.528169],[-113.684538,42.524961],[-113.68807,42.524599],[-113.6906,42.523585],[-113.692713,42.521293],[-113.699044,42.51919],[-113.700906,42.519002],[-113.708126,42.519119],[-113.711452,42.518563],[-113.713976,42.518837],[-113.719538,42.520803],[-113.724864,42.521135],[-113.730643,42.521349],[-113.739278,42.522854],[-113.741826,42.523653],[-113.7444,42.525095],[-113.746686,42.52721],[-113.749128,42.528529],[-113.752128,42.529362],[-113.756802,42.532825],[-113.758328,42.534076],[-113.758794,42.538783],[-113.761925,42.545159],[-113.763556,42.547209],[-113.765253,42.548357],[-113.771327,42.552587],[-113.77442,42.554333],[-113.778137,42.556424],[-113.783405,42.557003],[-113.788485,42.556343],[-113.789533,42.556102],[-113.793215,42.554576],[-113.794402,42.55398],[-113.798197,42.552502],[-113.804043,42.550458],[-113.806765,42.547915],[-113.808402,42.547064],[-113.811006,42.544758],[-113.81903,42.542606],[-113.820865,42.541845],[-113.824949,42.538075],[-113.829088,42.535546],[-113.831989,42.535053],[-113.836539,42.535024],[-113.840385,42.535978],[-113.846841,42.538848],[-113.850877,42.539958],[-113.854628,42.540248],[-113.859513,42.544178],[-113.864928,42.545614],[-113.867771,42.547386],[-113.878007,42.549716],[-113.881562,42.548972],[-113.885312,42.548772],[-113.889787,42.549375],[-113.895851,42.546696],[-113.900523,42.545419],[-113.903791,42.544293],[-113.908941,42.541263],[-113.913862,42.53899],[-113.920352,42.53859],[-113.924487,42.537436],[-113.926533,42.535718],[-113.931799,42.535243],[-113.936283,42.534747],[-113.94565,42.531126],[-113.950478,42.530195],[-113.956105,42.530221],[-113.958152,42.531136],[-113.958826,42.534505],[-113.959493,42.534965],[-113.960917,42.535117],[-113.966573,42.534782],[-113.969475,42.533468],[-113.974017,42.532779],[-113.976027,42.533059],[-113.980286,42.534421],[-113.982546,42.534419],[-113.986118,42.533841],[-113.988243,42.532453],[-113.990628,42.532149],[-113.990696,42.576312],[-113.990866,42.59142],[-114.030059,42.591827],[-114.030096,42.59878],[-114.029971,42.65666],[-114.030358,42.663611],[-114.030064,42.678212]]]}},{"type":"Feature","properties":{"fips":"16000","lea_geoid":"1602760","district_name":"Richfield School District 316","state_fips":"16","state_abbr":"ID","county_name":"","county_fips":"000"},"geometry":{"type":"Polygon","coordinates":[[[-114.296521,43.054645],[-114.292037,43.054828],[-114.292044,43.148856],[-114.291819,43.156568],[-114.292219,43.163602],[-114.25717,43.163213],[-114.257249,43.200113],[-114.010696,43.200145],[-113.714642,43.199783],[-113.713975,42.884888],[-113.734459,42.88451],[-113.733439,42.882042],[-113.734521,42.881455],[-113.734574,42.878171],[-113.756278,42.878111],[-113.774492,42.878339],[-113.794334,42.878002],[-113.794193,42.864724],[-113.77447,42.864636],[-113.774433,42.849824],[-113.791767,42.849881],[-113.794162,42.849538],[-113.794358,42.842918],[-113.78331,42.84306],[-113.783317,42.836684],[-113.763792,42.836642],[-113.76375,42.821941],[-113.766834,42.821896],[-113.783371,42.821764],[-113.78335,42.828749],[-113.803565,42.829052],[-113.803611,42.836623],[-113.811157,42.836497],[-113.82706,42.836647],[-113.832031,42.836245],[-113.833138,42.849575],[-113.81779,42.849797],[-113.814091,42.849846],[-113.814166,42.870937],[-113.833595,42.870999],[-113.834135,42.93666],[-113.954051,42.937122],[-113.973697,42.93721],[-113.973212,42.962226],[-113.972928,42.965104],[-113.973131,42.965784],[-113.973205,42.985317],[-113.97355,42.995812],[-113.973154,43.002341],[-113.973144,43.024658],[-114.016115,43.024776],[-114.016985,43.027148],[-114.195344,43.025764],[-114.195332,42.986034],[-114.195045,42.982153],[-114.255831,42.982028],[-114.26732,42.981914],[-114.29575,42.982031],[-114.295191,42.995638],[-114.296521,43.054645]]]}},{"type":"Feature","properties":{"fips":"16000","lea_geoid":"1601290","district_name":"Grace Joint School District 148","state_fips":"16","state_abbr":"ID","county_name":"","county_fips":"000"},"geometry":{"type":"Polygon","coordinates":[[[-111.935934,42.589077],[-111.916946,42.58899],[-111.916385,42.588362],[-111.904273,42.58807],[-111.857976,42.588225],[-111.857988,42.617294],[-111.838114,42.617264],[-111.838137,42.635273],[-111.838039,42.635235],[-111.837917,42.656445],[-111.798625,42.656444],[-111.798388,42.649304],[-111.759597,42.64915],[-111.759605,42.663706],[-111.740105,42.663568],[-111.740064,42.659271],[-111.720345,42.650674],[-111.720323,42.648974],[-111.720416,42.634677],[-111.707165,42.634641],[-111.700742,42.634625],[-111.700713,42.620288],[-111.700674,42.600177],[-111.700878,42.59699],[-111.700851,42.590456],[-111.651591,42.590828],[-111.644182,42.590714],[-111.636906,42.590931],[-111.603631,42.590753],[-111.603122,42.590274],[-111.604581,42.587346],[-111.610039,42.584923],[-111.614154,42.583625],[-111.61763,42.583037],[-111.61773,42.580035],[-111.618937,42.578214],[-111.620987,42.576892],[-111.625112,42.576753],[-111.627745,42.575545],[-111.628605,42.573588],[-111.630098,42.57234],[-111.634519,42.570342],[-111.63358,42.565935],[-111.632657,42.565031],[-111.634383,42.562545],[-111.634164,42.560024],[-111.632789,42.557884],[-111.631555,42.557035],[-111.630062,42.553333],[-111.630794,42.551888],[-111.630388,42.549941],[-111.631816,42.546785],[-111.630266,42.544223],[-111.62971,42.540272],[-111.626119,42.535569],[-111.625373,42.531763],[-111.625745,42.530329],[-111.624344,42.522619],[-111.622495,42.521098],[-111.621822,42.51838],[-111.617878,42.516176],[-111.616005,42.514008],[-111.612093,42.511484],[-111.610232,42.509789],[-111.608723,42.506483],[-111.609219,42.504927],[-111.607688,42.50333],[-111.606625,42.500847],[-111.606315,42.495324],[-111.607071,42.493654],[-111.603294,42.491135],[-111.603045,42.490145],[-111.603844,42.486188],[-111.602471,42.484002],[-111.597945,42.481927],[-111.597799,42.480217],[-111.598347,42.476873],[-111.597432,42.47545],[-111.597604,42.473211],[-111.595572,42.469408],[-111.593577,42.462601],[-111.591762,42.461183],[-111.58922,42.457814],[-111.589333,42.456192],[-111.5875,42.452816],[-111.584434,42.448162],[-111.582742,42.44636],[-111.5837,42.445545],[-111.584319,42.443493],[-111.582177,42.440978],[-111.583107,42.437208],[-111.584236,42.434726],[-111.582875,42.432968],[-111.580419,42.431692],[-111.579764,42.429908],[-111.582642,42.428583],[-111.583656,42.427006],[-111.586278,42.425421],[-111.592896,42.424478],[-111.595116,42.424635],[-111.594938,42.422731],[-111.596652,42.420385],[-111.597806,42.420026],[-111.599227,42.415395],[-111.599282,42.412867],[-111.603598,42.411677],[-111.603805,42.408413],[-111.600409,42.405999],[-111.600264,42.404234],[-111.598699,42.400984],[-111.599834,42.399612],[-111.599358,42.396949],[-111.599139,42.390754],[-111.590256,42.393038],[-111.585375,42.39354],[-111.584179,42.394229],[-111.584151,42.390142],[-111.582951,42.38655],[-111.579814,42.38318],[-111.57986,42.381275],[-111.582349,42.379209],[-111.582125,42.375829],[-111.578519,42.375131],[-111.57824,42.372095],[-111.576031,42.37019],[-111.57466,42.367582],[-111.572552,42.367164],[-111.570999,42.368022],[-111.565599,42.36781],[-111.562687,42.365582],[-111.560534,42.364629],[-111.559008,42.363794],[-111.559103,42.360074],[-111.558189,42.358507],[-111.558108,42.356504],[-111.555838,42.354182],[-111.552416,42.352245],[-111.552151,42.351386],[-111.555711,42.350702],[-111.559832,42.34816],[-111.560336,42.346962],[-111.562884,42.344475],[-111.56459,42.343596],[-111.567532,42.339873],[-111.569712,42.33941],[-111.570151,42.338243],[-111.572709,42.336988],[-111.568767,42.334436],[-111.567081,42.332612],[-111.568424,42.332006],[-111.572029,42.332844],[-111.573183,42.332599],[-111.574707,42.330642],[-111.578011,42.32832],[-111.642108,42.328553],[-111.644832,42.328321],[-111.654968,42.32881],[-111.683269,42.328487],[-111.701243,42.328802],[-111.724497,42.32826],[-111.760338,42.328811],[-111.760213,42.321455],[-111.740651,42.321301],[-111.740443,42.284979],[-111.818275,42.285518],[-111.817859,42.309066],[-111.818067,42.315453],[-111.819003,42.323302],[-111.819315,42.328842],[-111.836796,42.328842],[-111.836753,42.342924],[-111.829014,42.343259],[-111.828114,42.357717],[-111.836843,42.357983],[-111.836377,42.416038],[-111.833727,42.416056],[-111.834143,42.419751],[-111.83656,42.419446],[-111.837517,42.467025],[-111.885128,42.466928],[-111.895169,42.467038],[-111.895002,42.488818],[-111.895183,42.502812],[-111.896759,42.502847],[-111.907186,42.502892],[-111.910483,42.503982],[-111.912164,42.505378],[-111.914638,42.50597],[-111.916999,42.505789],[-111.918154,42.507422],[-111.917615,42.509689],[-111.917848,42.512318],[-111.922041,42.513504],[-111.923175,42.514063],[-111.925573,42.516141],[-111.927761,42.515949],[-111.929842,42.51968],[-111.933653,42.520969],[-111.935026,42.52206],[-111.935844,42.524568],[-111.935934,42.589077]]]}},{"type":"Feature","properties":{"fips":"16000","lea_geoid":"1600009","district_name":"Troy School District 287","state_fips":"16","state_abbr":"ID","county_name":"","county_fips":"000"},"geometry":{"type":"Polygon","coordinates":[[[-116.854904,46.816452],[-116.85489,46.816669],[-116.820589,46.816398],[-116.807431,46.816408],[-116.795727,46.816493],[-116.792594,46.817256],[-116.792874,46.844324],[-116.77166,46.844514],[-116.771251,46.847859],[-116.721462,46.847896],[-116.707255,46.847575],[-116.69306,46.847979],[-116.688888,46.848],[-116.688887,46.82982],[-116.667162,46.829894],[-116.66649,46.815332],[-116.645459,46.815388],[-116.645205,46.811487],[-116.645934,46.810469],[-116.645862,46.805],[-116.624514,46.804341],[-116.625081,46.799389],[-116.623323,46.796307],[-116.624434,46.794491],[-116.624569,46.786535],[-116.628292,46.78615],[-116.635429,46.786381],[-116.641857,46.779755],[-116.644578,46.776319],[-116.646791,46.772444],[-116.646866,46.770686],[-116.634347,46.770435],[-116.630031,46.770933],[-116.630029,46.757919],[-116.624702,46.757795],[-116.624565,46.751534],[-116.604995,46.75155],[-116.604753,46.738702],[-116.604549,46.735883],[-116.604647,46.729397],[-116.616827,46.729414],[-116.617788,46.729505],[-116.621579,46.729358],[-116.62456,46.72932],[-116.628624,46.729139],[-116.631173,46.72903],[-116.634148,46.729008],[-116.638876,46.728811],[-116.64036,46.728724],[-116.64048,46.725079],[-116.655198,46.724845],[-116.655137,46.71445],[-116.660986,46.714522],[-116.661302,46.685735],[-116.655939,46.68541],[-116.656096,46.660519],[-116.661302,46.660627],[-116.661144,46.667662],[-116.676631,46.668234],[-116.676691,46.675421],[-116.687171,46.675021],[-116.687013,46.667987],[-116.681965,46.668095],[-116.682281,46.664307],[-116.675624,46.66423],[-116.675782,46.660737],[-116.675136,46.658886],[-116.673278,46.656948],[-116.682123,46.656948],[-116.682123,46.653593],[-116.67676,46.653377],[-116.67676,46.649914],[-116.697108,46.649805],[-116.697109,46.660612],[-116.71838,46.660503],[-116.740504,46.660344],[-116.743082,46.660278],[-116.74318,46.654867],[-116.742757,46.651874],[-116.743355,46.645307],[-116.742997,46.641327],[-116.742779,46.632053],[-116.746716,46.631943],[-116.748206,46.630371],[-116.749555,46.62848],[-116.766303,46.628377],[-116.77038,46.628322],[-116.790856,46.628788],[-116.789658,46.643215],[-116.789748,46.650932],[-116.789816,46.652712],[-116.789848,46.665308],[-116.790324,46.671562],[-116.803094,46.671385],[-116.811664,46.67152],[-116.811783,46.68299],[-116.822454,46.68324],[-116.822211,46.693969],[-116.832761,46.693969],[-116.832882,46.701122],[-116.851977,46.70125],[-116.853218,46.70184],[-116.853823,46.71615],[-116.853983,46.744345],[-116.846825,46.744353],[-116.843059,46.744622],[-116.843411,46.755331],[-116.838321,46.753643],[-116.838204,46.755601],[-116.843395,46.755684],[-116.843718,46.770222],[-116.843788,46.773307],[-116.845675,46.773276],[-116.845618,46.773171],[-116.854193,46.773529],[-116.854224,46.778845],[-116.854436,46.779271],[-116.854259,46.802222],[-116.855079,46.802255],[-116.854806,46.808107],[-116.855213,46.808118],[-116.854904,46.816452]]]}},{"type":"Feature","properties":{"fips":"16000","lea_geoid":"1602400","district_name":"Nezperce Joint School District 302","state_fips":"16","state_abbr":"ID","county_name":"","county_fips":"000"},"geometry":{"type":"Polygon","coordinates":[[[-116.400228,46.46774],[-116.397444,46.468017],[-116.395948,46.468862],[-116.393818,46.468243],[-116.392141,46.469006],[-116.385761,46.469357],[-116.382782,46.468409],[-116.37947,46.468898],[-116.375527,46.468936],[-116.370685,46.467714],[-116.369122,46.466923],[-116.369279,46.482816],[-116.369363,46.485402],[-116.348456,46.485345],[-116.348386,46.482634],[-116.348456,46.482438],[-116.34844,46.48019],[-116.34837,46.478162],[-116.3459,46.478167],[-116.342991,46.478142],[-116.341972,46.478171],[-116.329727,46.478191],[-116.300983,46.478288],[-116.27474,46.47834],[-116.274857,46.471034],[-116.264342,46.471078],[-116.264264,46.45664],[-116.259416,46.456674],[-116.259398,46.45068],[-116.259052,46.449347],[-116.253926,46.449236],[-116.253931,46.442016],[-116.232883,46.442053],[-116.232759,46.427363],[-116.222182,46.427339],[-116.222234,46.421076],[-116.220646,46.42129],[-116.220638,46.41298],[-116.211864,46.41291],[-116.211594,46.398244],[-116.190437,46.398406],[-116.189961,46.369392],[-116.179077,46.36939],[-116.17881,46.34006],[-116.158307,46.340281],[-116.158556,46.303386],[-116.159563,46.296203],[-116.14905,46.296234],[-116.149159,46.289387],[-116.141038,46.289305],[-116.138752,46.289348],[-116.138429,46.252907],[-116.136616,46.252522],[-116.096892,46.252582],[-116.096967,46.224396],[-116.121453,46.224219],[-116.149184,46.224024],[-116.148979,46.209771],[-116.14911,46.20888],[-116.153848,46.205791],[-116.155104,46.204632],[-116.154885,46.203251],[-116.15802,46.201183],[-116.162921,46.195643],[-116.162993,46.193262],[-116.165437,46.192123],[-116.165231,46.19042],[-116.167236,46.187801],[-116.171477,46.186333],[-116.175594,46.185567],[-116.175987,46.184211],[-116.180055,46.182693],[-116.184537,46.178638],[-116.186258,46.178197],[-116.186152,46.173757],[-116.187334,46.170836],[-116.164894,46.17069],[-116.163387,46.172258],[-116.148834,46.17219],[-116.148963,46.183265],[-116.138366,46.183354],[-116.13823,46.18066],[-116.138545,46.180394],[-116.138659,46.179447],[-116.139597,46.179448],[-116.143568,46.179529],[-116.143568,46.172279],[-116.13349,46.17216],[-116.133602,46.157601],[-116.138742,46.157601],[-116.138711,46.150318],[-116.113479,46.150055],[-116.113543,46.131819],[-116.118678,46.131819],[-116.118674,46.120819],[-116.103029,46.120819],[-116.103136,46.106365],[-116.107924,46.106397],[-116.108229,46.10288],[-116.113711,46.102679],[-116.113765,46.099051],[-116.092887,46.098976],[-116.092779,46.106356],[-116.097483,46.106374],[-116.097414,46.112761],[-116.097463,46.120728],[-116.07689,46.120937],[-116.077042,46.12823],[-116.055847,46.128335],[-116.056108,46.111251],[-116.055957,46.095045],[-116.056229,46.091149],[-116.056467,46.088068],[-116.067131,46.088068],[-116.067131,46.07697],[-116.082237,46.07697],[-116.185878,46.07812],[-116.18579,46.074175],[-116.191029,46.074108],[-116.191241,46.077029],[-116.191472,46.088654],[-116.196467,46.088697],[-116.196467,46.091907],[-116.201326,46.092012],[-116.201423,46.106599],[-116.185978,46.1066],[-116.185885,46.12841],[-116.191155,46.128427],[-116.191155,46.135785],[-116.200065,46.13602],[-116.21208,46.136051],[-116.212157,46.143196],[-116.190921,46.143142],[-116.190745,46.154494],[-116.192033,46.153677],[-116.195258,46.153123],[-116.196922,46.152079],[-116.20194,46.152879],[-116.207123,46.155113],[-116.211103,46.158051],[-116.212793,46.158107],[-116.214356,46.159374],[-116.21661,46.159076],[-116.219639,46.161073],[-116.225751,46.160544],[-116.22747,46.159021],[-116.229448,46.158814],[-116.233018,46.160427],[-116.23601,46.159759],[-116.240697,46.162711],[-116.242527,46.166683],[-116.248184,46.1691],[-116.252618,46.168225],[-116.257038,46.171886],[-116.258715,46.170978],[-116.260081,46.168795],[-116.263264,46.167851],[-116.267459,46.168081],[-116.274523,46.171202],[-116.275827,46.170912],[-116.276627,46.172045],[-116.281884,46.173669],[-116.287711,46.173782],[-116.290764,46.170823],[-116.292594,46.16986],[-116.297302,46.170233],[-116.299518,46.167715],[-116.301613,46.166767],[-116.303713,46.166778],[-116.306843,46.168201],[-116.310909,46.168851],[-116.315746,46.171213],[-116.318067,46.173029],[-116.318892,46.174613],[-116.321552,46.175727],[-116.325407,46.180462],[-116.326972,46.181157],[-116.330026,46.183635],[-116.331527,46.184213],[-116.338078,46.184037],[-116.339065,46.184688],[-116.346222,46.185275],[-116.346937,46.185732],[-116.35271,46.185772],[-116.356682,46.185011],[-116.35945,46.185013],[-116.359575,46.221229],[-116.359704,46.223568],[-116.347942,46.223596],[-116.348042,46.252876],[-116.347192,46.26667],[-116.357395,46.26683],[-116.357146,46.288486],[-116.357237,46.311023],[-116.347801,46.31104],[-116.347684,46.353939],[-116.362274,46.354689],[-116.36185,46.35556],[-116.364124,46.358687],[-116.360637,46.361079],[-116.360239,46.362382],[-116.361398,46.363725],[-116.360462,46.36597],[-116.361067,46.368388],[-116.362506,46.369531],[-116.362171,46.371154],[-116.36027,46.372175],[-116.361452,46.373888],[-116.362353,46.376976],[-116.361703,46.381426],[-116.362828,46.383555],[-116.361808,46.387383],[-116.364604,46.389646],[-116.362898,46.391448],[-116.362826,46.392527],[-116.364799,46.393235],[-116.365215,46.395554],[-116.364506,46.396548],[-116.367976,46.4001],[-116.367625,46.401921],[-116.36953,46.403144],[-116.371563,46.408381],[-116.369402,46.410608],[-116.369671,46.412325],[-116.367947,46.416374],[-116.368851,46.417847],[-116.369676,46.418867],[-116.372676,46.420011],[-116.374977,46.4222],[-116.378789,46.424034],[-116.379454,46.424836],[-116.38279,46.425556],[-116.382931,46.427134],[-116.384972,46.42895],[-116.387396,46.429866],[-116.389973,46.432112],[-116.392419,46.433167],[-116.394652,46.434975],[-116.39493,46.436955],[-116.398552,46.437854],[-116.399951,46.439397],[-116.399692,46.446532],[-116.400228,46.46774]]]}},{"type":"Feature","properties":{"fips":"16000","lea_geoid":"1600840","district_name":"Council School District 13","state_fips":"16","state_abbr":"ID","county_name":"","county_fips":"000"},"geometry":{"type":"Polygon","coordinates":[[[-116.898388,44.84228],[-116.896249,44.84833],[-116.896424,44.849733],[-116.898609,44.851985],[-116.898153,44.854319],[-116.895805,44.855752],[-116.892361,44.855218],[-116.889882,44.855171],[-116.887748,44.855799],[-116.883598,44.858268],[-116.879375,44.861793],[-116.878183,44.864706],[-116.876001,44.866684],[-116.871701,44.867613],[-116.865338,44.870599],[-116.857038,44.880769],[-116.852427,44.887577],[-116.850512,44.893523],[-116.846061,44.905249],[-116.842108,44.914922],[-116.838467,44.923601],[-116.833632,44.928976],[-116.832176,44.931373],[-116.835702,44.940633],[-116.846461,44.951521],[-116.850737,44.958113],[-116.847888,44.964768],[-116.836449,44.969239],[-116.829329,44.975173],[-116.826271,44.982493],[-116.830505,44.98458],[-116.834915,44.985756],[-116.839031,44.983992],[-116.841971,44.980758],[-116.844323,44.974879],[-116.848093,44.971906],[-116.85226,44.972527],[-116.856964,44.975173],[-116.858313,44.978761],[-116.856754,44.984298],[-116.846103,44.999878],[-116.844625,45.001435],[-116.844796,45.015312],[-116.845847,45.01847],[-116.847944,45.022602],[-116.842731,45.029446],[-116.826133,45.037285],[-116.814589,45.048106],[-116.808576,45.050652],[-116.797329,45.060267],[-116.78371,45.076972],[-116.783771926572,45.078265731912],[-116.784244,45.088128],[-116.783537,45.093605],[-116.782492,45.09579],[-116.774847,45.105536],[-116.754643,45.113972],[-116.752839,45.121768],[-116.748564,45.122945],[-116.746607,45.124878],[-116.745535,45.133038],[-116.742962,45.134898],[-116.734021,45.138289],[-116.731216,45.139934],[-116.729607,45.142091],[-116.728757,45.144381],[-116.727452,45.156023],[-116.725137,45.159072],[-116.724188,45.162924],[-116.724192007616,45.164945960344],[-116.6542,45.165197],[-116.551055,45.164746],[-116.546316,45.164549],[-116.488653,45.165299],[-116.393058,45.165305],[-116.392838,45.147644],[-116.393067,45.145216],[-116.392883,45.107197],[-116.460493,45.106983],[-116.505301,45.106816],[-116.514906,45.106899],[-116.514941,45.06506],[-116.514833,45.022279],[-116.515113,45.019265],[-116.515443,45.006848],[-116.51523,44.999547],[-116.515515,44.999069],[-116.515428,44.962221],[-116.515291,44.961995],[-116.474702,44.962132],[-116.474168,44.932293],[-116.474558,44.918694],[-116.392524,44.919062],[-116.383371,44.919046],[-116.376789,44.91888],[-116.351125,44.919169],[-116.351436,44.890024],[-116.271857,44.890678],[-116.173865,44.890368],[-116.175135,44.886976],[-116.17866,44.888573],[-116.181201,44.888692],[-116.183675,44.887821],[-116.18533,44.888911],[-116.186432,44.887736],[-116.18601,44.885586],[-116.188264,44.880783],[-116.187549,44.879777],[-116.189575,44.877677],[-116.190929,44.877165],[-116.191118,44.875801],[-116.189931,44.874753],[-116.188473,44.871246],[-116.189104,44.869322],[-116.190428,44.868006],[-116.190619,44.865112],[-116.1943,44.864139],[-116.197011,44.864216],[-116.197584,44.861232],[-116.196308,44.859129],[-116.196402,44.857112],[-116.195424,44.852989],[-116.196008,44.849053],[-116.197163,44.847824],[-116.196955,44.846255],[-116.198243,44.844267],[-116.197288,44.841933],[-116.199115,44.834582],[-116.198395,44.8333],[-116.198235,44.830352],[-116.198778,44.828809],[-116.198307,44.824011],[-116.200048,44.822721],[-116.199773,44.81716],[-116.200949,44.813107],[-116.200794,44.811053],[-116.20192,44.806314],[-116.203984,44.803005],[-116.204009,44.800943],[-116.202464,44.795945],[-116.204013,44.793579],[-116.205099,44.790831],[-116.205852,44.787097],[-116.209136,44.782146],[-116.211211,44.780872],[-116.210167,44.77969],[-116.208676,44.775603],[-116.20834,44.77145],[-116.207052,44.769481],[-116.206284,44.766973],[-116.202314,44.767213],[-116.199134,44.764602],[-116.198438,44.761381],[-116.195017,44.760232],[-116.193659,44.758808],[-116.192177,44.753583],[-116.190052,44.752841],[-116.189989,44.751642],[-116.188434,44.750379],[-116.185179,44.748532],[-116.181028,44.747717],[-116.176562,44.745238],[-116.177317,44.740725],[-116.179042,44.739305],[-116.179235,44.736272],[-116.177185,44.732431],[-116.177155,44.731006],[-116.179489,44.728982],[-116.18322,44.727367],[-116.183488,44.726153],[-116.181448,44.723774],[-116.179498,44.722471],[-116.175995,44.718799],[-116.173104,44.717069],[-116.16946,44.713271],[-116.168225,44.711255],[-116.165365,44.711149],[-116.160779,44.709271],[-116.161126,44.708044],[-116.160132,44.705479],[-116.157602,44.703743],[-116.157413,44.70296],[-116.159349,44.700716],[-116.16033,44.69835],[-116.159493,44.694255],[-116.161335,44.691587],[-116.163231,44.690594],[-116.163537,44.689128],[-116.163237,44.682967],[-116.16236,44.680365],[-116.163639,44.678254],[-116.164799,44.674831],[-116.164664,44.673346],[-116.165465,44.669036],[-116.16668,44.66812],[-116.168765,44.662345],[-116.167804,44.659517],[-116.169741,44.657018],[-116.175571,44.653782],[-116.177673,44.651903],[-116.177557,44.645936],[-116.175122,44.644741],[-116.172054,44.642324],[-116.168718,44.641269],[-116.17179,44.639712],[-116.173731,44.637013],[-116.171767,44.630285],[-116.171878,44.629088],[-116.392356,44.629193],[-116.392471,44.629986],[-116.432973,44.629752],[-116.43286,44.620845],[-116.433156,44.615181],[-116.441788,44.615167],[-116.47389,44.61522],[-116.47389,44.611596],[-116.47893,44.611577],[-116.478858,44.607956],[-116.529136,44.607796],[-116.529167,44.615154],[-116.594924,44.615276],[-116.603212,44.615192],[-116.598255,44.625349],[-116.598472,44.628804],[-116.598113,44.632496],[-116.599479,44.634434],[-116.598833,44.635342],[-116.599263,44.636862],[-116.6015,44.640058],[-116.603727,44.643443],[-116.606235,44.645865],[-116.608377,44.648501],[-116.609413,44.651357],[-116.611948,44.653234],[-116.613868,44.65511],[-116.619161,44.657637],[-116.621334,44.659442],[-116.622297,44.661074],[-116.624434,44.662859],[-116.624171,44.666215],[-116.625034,44.838952],[-116.896683,44.84054],[-116.899640878328,44.8406075080495],[-116.898388,44.84228]]]}},{"type":"Feature","properties":{"fips":"16000","lea_geoid":"1600780","district_name":"Coeur d'Alene School District 271","state_fips":"16","state_abbr":"ID","county_name":"","county_fips":"000"},"geometry":{"type":"Polygon","coordinates":[[[-117.041116571495,47.6218480975135],[-117.036255,47.621898],[-117.012048,47.622019],[-117.011917,47.610949],[-117.012069,47.607408],[-117.011341,47.606907],[-117.002079,47.606954],[-116.979103,47.60707],[-116.979011,47.619581],[-116.97968,47.62958],[-116.979746,47.640827],[-116.979763,47.643809],[-116.978905,47.643861],[-116.978916,47.644058],[-116.97694,47.643994],[-116.968678,47.644109],[-116.968828,47.655493],[-116.968845,47.656807],[-116.968864,47.658263],[-116.967286,47.658498],[-116.960902,47.658204],[-116.926592,47.657882],[-116.926592,47.665633],[-116.924794,47.665339],[-116.914257,47.665483],[-116.8942,47.665556],[-116.894503,47.695302],[-116.894312,47.695053],[-116.88366,47.694793],[-116.876026,47.695723],[-116.873928,47.698327],[-116.872507,47.699159],[-116.86964,47.699102],[-116.864087,47.696896],[-116.861865,47.696699],[-116.856192,47.697736],[-116.852896,47.697982],[-116.852897,47.698288],[-116.852882,47.700994],[-116.850957,47.700883],[-116.850957,47.701001],[-116.850957,47.701106],[-116.850983,47.702387],[-116.851011,47.703132],[-116.851008,47.704601],[-116.850319,47.705665],[-116.850915,47.707863],[-116.851272,47.718214],[-116.851125,47.730092],[-116.851121,47.730259],[-116.851085,47.736077],[-116.851083,47.736262],[-116.851076,47.737515],[-116.851032,47.74484],[-116.85098,47.752139],[-116.848905,47.751785],[-116.840217,47.751932],[-116.829505,47.751958],[-116.829487,47.753757],[-116.829479,47.75466],[-116.832055,47.754679],[-116.832052,47.753763],[-116.833415,47.753779],[-116.833335,47.755617],[-116.834863,47.755623],[-116.834864,47.757423],[-116.832178,47.758309],[-116.829534,47.758277],[-116.829685,47.766455],[-116.829722,47.770085],[-116.829442,47.773318],[-116.811405,47.773365],[-116.810768,47.773571],[-116.808069,47.773537],[-116.798177,47.773505],[-116.798199,47.778911],[-116.79726,47.778908],[-116.797241,47.780275],[-116.789492,47.78023],[-116.786383,47.780206],[-116.786384,47.784002],[-116.780619,47.784094],[-116.776097,47.783977],[-116.77608,47.784358],[-116.775963,47.787705],[-116.77588,47.793861],[-116.764979,47.793437],[-116.764864,47.80232],[-116.764193,47.802589],[-116.694912,47.802649],[-116.69324,47.808229],[-116.691731,47.811298],[-116.693843,47.814874],[-116.692602,47.817484],[-116.683019,47.817252],[-116.657823,47.817137],[-116.63394,47.816977],[-116.63394,47.803517],[-116.629232,47.803527],[-116.628869,47.803524],[-116.588365,47.803658],[-116.575515,47.803124],[-116.560692,47.803716],[-116.524844,47.803133],[-116.523683,47.802673],[-116.391977,47.803043],[-116.391755,47.804607],[-116.329502,47.804725],[-116.329476,47.732719],[-116.395464,47.732623],[-116.39561,47.730365],[-116.432123,47.730366],[-116.445572,47.7307],[-116.467091,47.730434],[-116.513918,47.731254],[-116.512884,47.63924],[-116.513321,47.631342],[-116.52493,47.631068],[-116.524713,47.626262],[-116.52542,47.625306],[-116.525486,47.622056],[-116.525016,47.612381],[-116.525396,47.60081],[-116.525114,47.58426],[-116.591856,47.584745],[-116.592616,47.584688],[-116.645803,47.584472],[-116.720747,47.584303],[-116.72062,47.591704],[-116.754347,47.591554],[-116.753857,47.60603],[-116.753976,47.614373],[-116.768603,47.61443],[-116.788487,47.614067],[-116.790625,47.612971],[-116.808158,47.594023],[-116.807388,47.566853],[-116.805508,47.565711],[-116.802819,47.558686],[-116.802073,47.555589],[-116.802393,47.553843],[-116.804253,47.550732],[-116.806778,47.54536],[-116.806734,47.543854],[-116.812391,47.537701],[-116.812343,47.535889],[-116.813444,47.533002],[-116.816228,47.529311],[-116.820718,47.525621],[-116.828494,47.520331],[-116.858423,47.488833],[-116.861494,47.485063],[-116.862518,47.482493],[-116.86082,47.477639],[-116.865621,47.477755],[-116.876585,47.479669],[-116.890734,47.481042],[-116.896793,47.48118],[-116.902451,47.48091],[-116.907636,47.479895],[-116.915544,47.476476],[-116.915666,47.480313],[-116.916027,47.488407],[-116.915901,47.49642],[-116.916105,47.508801],[-116.916163,47.511275],[-116.936196,47.511486],[-116.936101,47.523118],[-116.936118,47.578556],[-116.935998,47.580244],[-116.936657,47.585452],[-116.957905,47.585383],[-116.957866,47.570908],[-117.033305,47.5704],[-117.034112,47.571424],[-117.040904195748,47.571515578743],[-117.04085,47.574124],[-117.040881470044,47.5797580586535],[-117.040909286513,47.5847380205789],[-117.040986291497,47.5985241659422],[-117.041116571495,47.6218480975135]]]}},{"type":"Feature","properties":{"fips":"16000","lea_geoid":"1602460","district_name":"Notus School District 135","state_fips":"16","state_abbr":"ID","county_name":"","county_fips":"000"},"geometry":{"type":"Polygon","coordinates":[[[-116.891712,43.719835],[-116.886734,43.719835],[-116.886723,43.723464],[-116.881733,43.723457],[-116.881692,43.730632],[-116.886704,43.730677],[-116.886747,43.73267],[-116.88302,43.733185],[-116.876982,43.73514],[-116.875659,43.734729],[-116.873613,43.732141],[-116.871273,43.73144],[-116.867918,43.731153],[-116.865512,43.729988],[-116.864462,43.727922],[-116.861913,43.726723],[-116.858893,43.726317],[-116.858794,43.726714],[-116.847728,43.727524],[-116.844255,43.72853],[-116.842446,43.728673],[-116.839932,43.727883],[-116.8363,43.728411],[-116.83449,43.727945],[-116.832371,43.726595],[-116.829381,43.726332],[-116.827506,43.726833],[-116.827626,43.73237],[-116.827677,43.733768],[-116.828361,43.77049],[-116.828102,43.775765],[-116.828107,43.792701],[-116.793189,43.792687],[-116.7932,43.799861],[-116.778009,43.799892],[-116.753114,43.799926],[-116.753165,43.749113],[-116.7477,43.749387],[-116.747619,43.753622],[-116.742674,43.753575],[-116.742559,43.750091],[-116.722595,43.750079],[-116.722619,43.735515],[-116.722636,43.732061],[-116.72372,43.731764],[-116.723887,43.726648],[-116.722767,43.726169],[-116.723131,43.702118],[-116.718125,43.702152],[-116.718349,43.678531],[-116.720316,43.681331],[-116.720779,43.683064],[-116.722061,43.68433],[-116.723951,43.684975],[-116.727107,43.685578],[-116.728951,43.686534],[-116.731622,43.689335],[-116.73384,43.690435],[-116.736856,43.690393],[-116.739545,43.692718],[-116.741554,43.693638],[-116.742303,43.69653],[-116.745618,43.697814],[-116.751629,43.697978],[-116.75346,43.700196],[-116.752802,43.702391],[-116.753367,43.703311],[-116.757655,43.703276],[-116.762072,43.701728],[-116.765297,43.702674],[-116.766414,43.706915],[-116.767453,43.708232],[-116.77299,43.709058],[-116.773662,43.709134],[-116.774093,43.709436],[-116.776308,43.711863],[-116.779796,43.713934],[-116.781476,43.714071],[-116.785131,43.713106],[-116.786251,43.713057],[-116.788839,43.713793],[-116.790919,43.715594],[-116.792636,43.718904],[-116.793157,43.721632],[-116.79374,43.722099],[-116.7979,43.720816],[-116.800015,43.719311],[-116.802702,43.719031],[-116.802834,43.681817],[-116.810739,43.683946],[-116.817518,43.683872],[-116.81769,43.683871],[-116.822753,43.683694],[-116.823578,43.683818],[-116.826336,43.684358],[-116.829589,43.686317],[-116.832657,43.68799],[-116.832607,43.690962],[-116.846932,43.690843],[-116.847533,43.69084],[-116.847586,43.695321],[-116.852528,43.697501],[-116.862473,43.698053],[-116.862481,43.702519],[-116.865473,43.705189],[-116.870337,43.708696],[-116.871611,43.709143],[-116.871779,43.716224],[-116.891657,43.716191],[-116.891712,43.719835]]]}},{"type":"Feature","properties":{"fips":"16000","lea_geoid":"1600480","district_name":"Buhl Joint School District 412","state_fips":"16","state_abbr":"ID","county_name":"","county_fips":"000"},"geometry":{"type":"Polygon","coordinates":[[[-115.038174,42.901149],[-115.037715,42.903324],[-115.037774,42.911864],[-115.036133,42.911567],[-115.03382,42.912454],[-115.031964,42.914248],[-115.026017,42.917753],[-115.023421,42.918353],[-115.016381,42.918016],[-115.013199,42.917173],[-115.009312,42.915608],[-115.004144,42.917518],[-114.998823,42.918177],[-114.996296,42.91813],[-114.993283,42.917389],[-114.993293,42.908696],[-115.008203,42.908687],[-115.008585,42.904871],[-115.005125,42.905121],[-114.992597,42.905265],[-114.988575,42.905093],[-114.988313,42.908755],[-114.973472,42.908791],[-114.973435,42.912286],[-114.968504,42.912277],[-114.968917,42.908924],[-114.964216,42.908864],[-114.96429,42.905375],[-114.959502,42.905438],[-114.959409,42.901827],[-114.954514,42.901476],[-114.954356,42.898185],[-114.949561,42.898191],[-114.949517,42.894697],[-114.941351,42.894668],[-114.937499,42.892178],[-114.935071,42.889205],[-114.936796,42.888484],[-114.936874,42.887331],[-114.938517,42.887244],[-114.938523,42.890886],[-114.941019,42.890901],[-114.940963,42.887244],[-114.93974,42.887333],[-114.939678,42.883524],[-114.933297,42.883611],[-114.925772,42.880958],[-114.925131,42.881],[-114.924821,42.872592],[-114.918219,42.872592],[-114.916512,42.872819],[-114.910344,42.870035],[-114.90853,42.867741],[-114.9064,42.863236],[-114.905454,42.862671],[-114.904719,42.861204],[-114.901636,42.859108],[-114.901425,42.858071],[-114.902292,42.855408],[-114.901751,42.852716],[-114.902445,42.850789],[-114.902151,42.848115],[-114.903188,42.843731],[-114.904868,42.842445],[-114.906548,42.838723],[-114.908189,42.836146],[-114.910561,42.833467],[-114.909962,42.830687],[-114.910954,42.828618],[-114.914366,42.826337],[-114.918936,42.825549],[-114.926486,42.823363],[-114.930463,42.820575],[-114.932667,42.817078],[-114.935507,42.814914],[-114.936678,42.813253],[-114.936215,42.81194],[-114.933546,42.80966],[-114.9316,42.806873],[-114.931386,42.80593],[-114.932507,42.802957],[-114.935586,42.799366],[-114.937666,42.798115],[-114.938474,42.795737],[-114.940816,42.791409],[-114.940981,42.78999],[-114.94038,42.786551],[-114.940529,42.784979],[-114.939922,42.781326],[-114.939821,42.776171],[-114.937898,42.77214],[-114.935826,42.770045],[-114.935189,42.768493],[-114.946466,42.768623],[-114.948901,42.753934],[-114.908937,42.753937],[-114.908535,42.724907],[-114.879009,42.724543],[-114.878958,42.723202],[-114.869013,42.723056],[-114.869079,42.725053],[-114.867375,42.724828],[-114.847389,42.724894],[-114.847395,42.722652],[-114.848917,42.719287],[-114.848662,42.717105],[-114.850399,42.713668],[-114.849868,42.7128],[-114.847503,42.712506],[-114.843965,42.711116],[-114.839538,42.708821],[-114.834691,42.707475],[-114.830032,42.709031],[-114.825777,42.705986],[-114.824634,42.704035],[-114.823961,42.698875],[-114.823932,42.695955],[-114.823306,42.693499],[-114.825495,42.690468],[-114.825541,42.689164],[-114.821856,42.689356],[-114.817657,42.689026],[-114.801447,42.688995],[-114.801448,42.681527],[-114.796508,42.681499],[-114.796526,42.680997],[-114.796612,42.675662],[-114.796583,42.674167],[-114.791614,42.674167],[-114.791774,42.681513],[-114.791707,42.681514],[-114.713725,42.681278],[-114.713806,42.666403],[-114.713021,42.66595],[-114.709588,42.66763],[-114.706211,42.668378],[-114.704523,42.668168],[-114.699363,42.66499],[-114.693043,42.664023],[-114.689025,42.662538],[-114.687197,42.661348],[-114.684619,42.660522],[-114.683812,42.654641],[-114.664232,42.655247],[-114.665122,42.593614],[-114.672791,42.593569],[-114.692398,42.593496],[-114.692384,42.592385],[-114.692476,42.534857],[-114.692717,42.525746],[-114.695422,42.524059],[-114.697772,42.524156],[-114.700151,42.52289],[-114.700641,42.521543],[-114.70286,42.520308],[-114.702097,42.513017],[-114.711997,42.513044],[-114.715653,42.512718],[-114.716084,42.512074],[-114.714767,42.509553],[-114.713159,42.508349],[-114.714327,42.50766],[-114.721259,42.509757],[-114.721598,42.513232],[-114.731537,42.513215],[-114.799589,42.51306],[-114.800094,42.530648],[-114.81,42.530476],[-114.809897,42.549543],[-114.809963,42.570831],[-114.813282,42.571039],[-114.833358,42.571461],[-114.837911,42.571715],[-114.868373,42.571847],[-114.8683,42.586393],[-114.888562,42.586283],[-114.888547,42.589241],[-114.885108,42.589124],[-114.882181,42.59005],[-114.880516,42.591427],[-114.881048,42.594445],[-114.880445,42.595751],[-114.88149,42.597436],[-114.880234,42.598275],[-114.882722,42.598677],[-114.883503,42.59809],[-114.889384,42.600645],[-114.891209,42.6026],[-114.89178,42.604153],[-114.893733,42.606108],[-114.894153,42.610619],[-114.892547,42.611178],[-114.893037,42.612506],[-114.89557,42.612666],[-114.896683,42.615356],[-114.898377,42.614895],[-114.900204,42.615999],[-114.901465,42.618892],[-114.901952,42.620887],[-114.901633,42.62326],[-114.900053,42.626515],[-114.899507,42.629063],[-115.037678,42.628852],[-115.037588,42.682433],[-115.037697,42.768414],[-115.037897,42.894518],[-115.038174,42.901149]]]}},{"type":"Feature","properties":{"fips":"16000","lea_geoid":"1602580","district_name":"Payette Joint School District 371","state_fips":"16","state_abbr":"ID","county_name":"","county_fips":"000"},"geometry":{"type":"Polygon","coordinates":[[[-116.977351,44.085364],[-116.974253,44.088295],[-116.967203,44.090936],[-116.957009,44.091743],[-116.943132,44.09406],[-116.940274509534,44.0956152473123],[-116.940005494001,44.0957616644886],[-116.937835,44.096943],[-116.937750474425,44.0970063481431],[-116.933704,44.100039],[-116.928306,44.107326],[-116.927688,44.109438],[-116.929442,44.112621],[-116.929069,44.113972],[-116.925642,44.118929],[-116.918991,44.123278],[-116.916410383599,44.125462976158],[-116.914236,44.127304],[-116.91376,44.128381],[-116.913239,44.132929],[-116.911218,44.139992],[-116.903327,44.144422],[-116.901922,44.145931],[-116.901737,44.14862],[-116.900834,44.150099],[-116.897846346997,44.1526558411174],[-116.895931,44.154295],[-116.894309,44.158114],[-116.894083,44.160191],[-116.895028421445,44.1664463691315],[-116.891564,44.166488],[-116.892747,44.170893],[-116.894963,44.174179],[-116.88693,44.174044],[-116.886958,44.177742],[-116.884538,44.177992],[-116.771893,44.177165],[-116.772019,44.151824],[-116.556013,44.151698],[-116.553224,44.15169],[-116.452068,44.151465],[-116.452551,44.065414],[-116.532117,44.066024],[-116.555362,44.066426],[-116.557267,44.066532],[-116.754159,44.068326],[-116.767029,44.068286],[-116.771663,44.068432],[-116.771885,44.065892],[-116.771963,44.054562],[-116.788154,44.054385],[-116.791745,44.054486],[-116.792103,44.039208],[-116.826492,44.039069],[-116.827665,44.039465],[-116.83254,44.039121],[-116.832431,44.038141],[-116.832236,44.021282],[-116.84187,44.026098],[-116.844075,44.027243],[-116.848852,44.027287],[-116.850903,44.025547],[-116.855131,44.024104],[-116.856549,44.024255],[-116.857786,44.026041],[-116.859057,44.026584],[-116.861536,44.026697],[-116.865636,44.025413],[-116.873176,44.021736],[-116.874812,44.021417],[-116.879152,44.022471],[-116.884088,44.022825],[-116.885103,44.022941],[-116.887482,44.022674],[-116.890493,44.02316],[-116.891586,44.023611],[-116.892729,44.02516],[-116.893076,44.024945],[-116.893605,44.027035],[-116.898,44.0306],[-116.899457,44.031216],[-116.902074,44.031572],[-116.907072,44.030718],[-116.919155,44.035679],[-116.923389,44.038429],[-116.924841,44.038985],[-116.925025,44.039769],[-116.926979,44.039658],[-116.928483,44.039676],[-116.9311,44.039789],[-116.932754,44.039795],[-116.933689,44.039695],[-116.938437,44.03979],[-116.945879,44.039982],[-116.950573662942,44.0396994290017],[-116.955694238564,44.0425778402732],[-116.955741432932,44.0426043694783],[-116.956246,44.042888],[-116.972045557891,44.0486051115188],[-116.972504,44.048771],[-116.973185,44.049425],[-116.974016,44.053663],[-116.9745725227,44.0589530528064],[-116.976979427494,44.081832],[-116.977351,44.085364]]]}},{"type":"Feature","properties":{"fips":"16000","lea_geoid":"1603210","district_name":"Three Creek Joint Elementary School District 416","state_fips":"16","state_abbr":"ID","county_name":"","county_fips":"000"},"geometry":{"type":"Polygon","coordinates":[[[-115.57123,42.244615],[-115.386438,42.245715],[-115.383734,42.245572],[-115.379477,42.245827],[-115.349858,42.245462],[-115.324118,42.245647],[-115.152502,42.24528],[-115.1497,42.24537],[-115.081756,42.24529],[-115.037841,42.245605],[-115.037899,42.202406],[-114.929939,42.202777],[-114.929863,42.169715],[-114.930116,42.167026],[-114.93004,42.157744],[-114.739377,42.15766],[-114.73994,42.153329],[-114.739576,42.14931],[-114.739027,42.146957],[-114.734839,42.142646],[-114.734433,42.139811],[-114.735696,42.13787],[-114.735641,42.136873],[-114.733315,42.134134],[-114.733218,42.13179],[-114.738222,42.130435],[-114.739899,42.129067],[-114.741754,42.126734],[-114.74514,42.12491],[-114.744248,42.123269],[-114.742321,42.121791],[-114.743592,42.120165],[-114.745647,42.119416],[-114.747549,42.118046],[-114.747717,42.117049],[-114.745359,42.114837],[-114.745246,42.113043],[-114.748679,42.109248],[-114.750874,42.107951],[-114.751904,42.106597],[-114.752233,42.104449],[-114.751518,42.102886],[-114.751735,42.100957],[-114.753956,42.09896],[-114.754442,42.097897],[-114.75484,42.094375],[-114.757292,42.089604],[-114.760977,42.088361],[-114.762761,42.086742],[-114.762727,42.084942],[-114.760303,42.082563],[-114.760813,42.080705],[-114.764769,42.073677],[-114.765298,42.070346],[-114.765171,42.068722],[-114.761966,42.063003],[-114.761024,42.060209],[-114.758671,42.058162],[-114.755677,42.05707],[-114.751913,42.056356],[-114.746549,42.056233],[-114.739971,42.054124],[-114.738865,42.052989],[-114.739984,42.052533],[-114.739475,42.050733],[-114.740859,42.050376],[-114.740114,42.048696],[-114.741159,42.048262],[-114.74051,42.046885],[-114.738545,42.047435],[-114.735842,42.046706],[-114.736702,42.044335],[-114.735825,42.044132],[-114.739328,42.04238],[-114.740475,42.040409],[-114.741121,42.037945],[-114.73928,42.03636],[-114.735622,42.037969],[-114.732508,42.038047],[-114.733449,42.036505],[-114.732734,42.035682],[-114.735553,42.034292],[-114.736096,42.032613],[-114.733747,42.031225],[-114.735115,42.029968],[-114.733642,42.028947],[-114.734554,42.027443],[-114.733193,42.027856],[-114.732272,42.027148],[-114.730536,42.029311],[-114.728836,42.029108],[-114.726847,42.02771],[-114.727568,42.026332],[-114.726103,42.025827],[-114.722165,42.025642],[-114.722681,42.026339],[-114.720774,42.026367],[-114.721031,42.025456],[-114.719831,42.0246],[-114.721067,42.024045],[-114.720242,42.022191],[-114.717879,42.021439],[-114.719357,42.018876],[-114.718106,42.018163],[-114.71784,42.015962],[-114.714726,42.013845],[-114.715564,42.012966],[-114.713842,42.012451],[-114.714429,42.009059],[-114.713634,42.007753],[-114.716003,42.006221],[-114.718822,42.008043],[-114.722009,42.008991],[-114.723355,42.00745],[-114.721263,42.00465],[-114.719696,42.004195],[-114.72121,42.001979],[-114.718995,42.000146],[-114.721046250472,41.9982448850745],[-114.806384,42.001822],[-114.831077,42.002207],[-114.875877,42.001319],[-114.89921,41.999909],[-114.914187,41.999909],[-114.97242922426,41.9979769366914],[-115.031783,41.996008],[-115.038157180221,41.9960123074291],[-115.250795,41.996156],[-115.254333,41.996721],[-115.313877,41.996103],[-115.569975183905,41.9968357223365],[-115.57123,42.244615]]]}},{"type":"Feature","properties":{"fips":"16000","lea_geoid":"1603270","district_name":"Valley School District 262","state_fips":"16","state_abbr":"ID","county_name":"","county_fips":"000"},"geometry":{"type":"Polygon","coordinates":[[[-114.34555,42.679262],[-114.325256,42.679314],[-114.325229,42.704955],[-114.325308,42.707992],[-114.326192,42.708002],[-114.330324,42.706203],[-114.335321,42.708053],[-114.345223,42.708017],[-114.345221,42.713092],[-114.345301,42.71969],[-114.344392,42.721594],[-114.340364,42.721559],[-114.329247,42.723664],[-114.31686,42.724073],[-114.303997,42.723731],[-114.269459,42.722273],[-114.230023,42.722274],[-114.230013,42.736789],[-114.17145,42.736684],[-114.171446,42.722095],[-114.171254,42.721411],[-114.002879,42.721411],[-113.990817,42.721411],[-113.990838,42.685462],[-114.010253,42.685433],[-114.01052,42.678139],[-114.030064,42.678212],[-114.030358,42.663611],[-114.029971,42.65666],[-114.030096,42.59878],[-114.030059,42.591827],[-113.990866,42.59142],[-113.990696,42.576312],[-113.990628,42.532149],[-113.993677,42.530213],[-113.995236,42.526408],[-113.995967,42.525876],[-114.000388,42.526373],[-114.003991,42.5268],[-114.007093,42.526597],[-114.011396,42.52553],[-114.013322,42.52565],[-114.015266,42.527309],[-114.017264,42.528113],[-114.020229,42.527917],[-114.023211,42.52498],[-114.026144,42.524267],[-114.028949,42.524202],[-114.033555,42.52693],[-114.036542,42.527112],[-114.039485,42.528227],[-114.042455,42.528765],[-114.045454,42.528699],[-114.049916,42.527132],[-114.054394,42.526606],[-114.060684,42.523336],[-114.066939,42.522858],[-114.069219,42.521405],[-114.072349,42.518742],[-114.073502,42.516802],[-114.075428,42.515926],[-114.078667,42.515866],[-114.082066,42.514451],[-114.082781,42.51363],[-114.091658,42.50971],[-114.09574,42.508116],[-114.106077,42.507093],[-114.10861,42.507411],[-114.114358,42.506621],[-114.118775,42.50298],[-114.12092,42.500594],[-114.121692,42.498371],[-114.124934,42.49613],[-114.128756,42.496494],[-114.13035,42.494906],[-114.137132,42.498152],[-114.140752,42.49767],[-114.147573,42.498012],[-114.149969,42.497826],[-114.151487,42.498437],[-114.153188,42.499268],[-114.157134,42.502761],[-114.16094,42.50832],[-114.169349,42.512496],[-114.170954,42.513961],[-114.172734,42.516688],[-114.17364,42.519108],[-114.175538,42.527371],[-114.176751,42.529404],[-114.17947,42.532331],[-114.182378,42.534299],[-114.190894,42.538162],[-114.19821,42.542259],[-114.200851,42.543102],[-114.205226,42.54422],[-114.210529,42.546508],[-114.218977,42.548021],[-114.220146,42.548911],[-114.224898,42.549669],[-114.22866,42.551362],[-114.233397,42.555304],[-114.237371,42.557259],[-114.241745,42.557828],[-114.244703,42.559244],[-114.249976,42.560212],[-114.25131,42.560062],[-114.257496,42.561316],[-114.261994,42.561282],[-114.267892,42.560722],[-114.274437,42.563079],[-114.277541,42.563268],[-114.281173,42.562846],[-114.284454,42.561743],[-114.287207,42.561808],[-114.291187,42.5648],[-114.293464,42.565064],[-114.294906,42.565995],[-114.298757,42.566264],[-114.307325,42.571755],[-114.310381,42.570777],[-114.311569,42.571388],[-114.314932,42.571395],[-114.318358,42.572232],[-114.319693,42.572009],[-114.325691,42.572492],[-114.332917,42.572566],[-114.335859,42.575033],[-114.336766,42.578694],[-114.339919,42.581591],[-114.344692,42.585062],[-114.344924,42.603438],[-114.34555,42.679262]]]}},{"type":"Feature","properties":{"fips":"16000","lea_geoid":"1601530","district_name":"Idaho Falls School District 91","state_fips":"16","state_abbr":"ID","county_name":"","county_fips":"000"},"geometry":{"type":"Polygon","coordinates":[[[-112.520027,43.55222],[-112.519861,43.626623],[-112.462731,43.626336],[-112.26188,43.626388],[-112.261818,43.626418],[-112.221904,43.626459],[-112.167733,43.6266],[-112.167392,43.626511],[-112.083011,43.626157],[-112.083026,43.611629],[-112.061698,43.611554],[-112.054257,43.61151],[-112.053683,43.611353],[-112.05388,43.609663],[-112.054915,43.608104],[-112.055866,43.607391],[-112.056811,43.604663],[-112.056796,43.602814],[-112.057166,43.601376],[-112.056033,43.599306],[-112.054458,43.597976],[-112.052416,43.596408],[-112.050838,43.594361],[-112.05074,43.593686],[-112.051618,43.592643],[-112.054681,43.592092],[-112.057031,43.589175],[-112.055974,43.58524],[-112.052894,43.580772],[-112.049105,43.576101],[-112.04626,43.57048],[-112.046066,43.567912],[-112.042539,43.567886],[-112.023784,43.568344],[-112.023808,43.553539],[-112.023806,43.5506],[-112.023515,43.527257],[-112.023657,43.527183],[-112.023631,43.525878],[-112.023382,43.525844],[-112.020848,43.525868],[-112.01382,43.526023],[-112.0037,43.525954],[-112.00373,43.520353],[-112.003732,43.519365],[-112.003815,43.518484],[-112.003781,43.511295],[-112.003766,43.500422],[-112.003797,43.499257],[-112.004062,43.496859],[-112.003954,43.496858],[-111.999138,43.496819],[-111.99429,43.496779],[-111.994279,43.493064],[-111.994113,43.490044],[-111.993461,43.488426],[-111.993627,43.484662],[-111.993986,43.483753],[-111.993977,43.482369],[-111.994127,43.481255],[-111.9941,43.467996],[-112.003789,43.46811],[-112.003771,43.460857],[-112.004058,43.460875],[-112.003854,43.455536],[-112.003759,43.453452],[-111.991217,43.453374],[-111.98827,43.453369],[-111.983916,43.453383],[-111.983878,43.446134],[-111.973941,43.446123],[-111.96401,43.446112],[-111.964013,43.446016],[-111.964036,43.442988],[-111.964034,43.442155],[-111.964043,43.438853],[-111.964069,43.428111],[-111.958995,43.427984],[-111.96013,43.420901],[-111.964065,43.420884],[-111.964072,43.415303],[-111.964126,43.412776],[-111.964136,43.4074],[-111.963952,43.406659],[-111.964123,43.406322],[-111.964189,43.395401],[-111.969224,43.395296],[-111.974243,43.395461],[-111.986389,43.395334],[-111.99322,43.395555],[-112.023953,43.395612],[-112.023869,43.409999],[-112.043672,43.410143],[-112.053609,43.410182],[-112.053682,43.417431],[-112.095056,43.417624],[-112.103293,43.417804],[-112.103266,43.421082],[-112.103262,43.421522],[-112.100262,43.423056],[-112.098907,43.424582],[-112.097862,43.427052],[-112.097059,43.431411],[-112.097143,43.43331],[-112.098817,43.437469],[-112.099122,43.443073],[-112.098077,43.44635],[-112.096105,43.449298],[-112.093123,43.451505],[-112.091639,43.453609],[-112.146435,43.454134],[-112.281383,43.454319],[-112.282578,43.454231],[-112.282394,43.425229],[-112.520024,43.42517],[-112.519849,43.452294],[-112.519692,43.452754],[-112.520005,43.455105],[-112.520027,43.55222]]]}},{"type":"Feature","properties":{"fips":"16000","lea_geoid":"1601200","district_name":"Genesee Joint School District 282","state_fips":"16","state_abbr":"ID","county_name":"","county_fips":"000"},"geometry":{"type":"Polygon","coordinates":[[[-117.039771,46.471779],[-117.039656800448,46.5417092336369],[-117.039527695754,46.6207666483974],[-117.039527622108,46.6208117455244],[-117.039499416845,46.6380832727012],[-117.034294,46.637982],[-117.034161,46.642485],[-117.021239,46.642451],[-117.020945,46.644598],[-117.02166,46.646868],[-117.021526,46.649834],[-117.023121,46.650122],[-117.015478,46.650199],[-117.015091,46.658432],[-117.009058,46.658433],[-117.000274,46.658365],[-116.974525,46.658302],[-116.973475,46.658312],[-116.958687,46.658087],[-116.953682,46.657953],[-116.950899,46.658007],[-116.948866,46.657954],[-116.948862,46.657303],[-116.948452,46.657329],[-116.948424,46.650477],[-116.936394,46.650304],[-116.936543,46.658487],[-116.922635,46.658614],[-116.91644,46.658217],[-116.91637,46.661016],[-116.916377,46.665447],[-116.906538,46.665477],[-116.905482,46.665479],[-116.896033,46.665506],[-116.896076,46.672505],[-116.890462,46.672534],[-116.890212,46.673235],[-116.889856,46.686168],[-116.876445,46.68624],[-116.836922,46.686438],[-116.832875,46.68636],[-116.833231,46.671907],[-116.824848,46.671869],[-116.811664,46.67152],[-116.803094,46.671385],[-116.790324,46.671562],[-116.789848,46.665308],[-116.789816,46.652712],[-116.789748,46.650932],[-116.789658,46.643215],[-116.790856,46.628788],[-116.77038,46.628322],[-116.770027,46.613762],[-116.741843,46.614123],[-116.739838,46.577837],[-116.726936,46.57791],[-116.722979,46.57808],[-116.722611,46.556879],[-116.72522,46.556272],[-116.729233,46.556107],[-116.729441,46.542976],[-116.729445,46.542731],[-116.740659,46.542475],[-116.754203,46.542303],[-116.764948,46.542308],[-116.764948,46.541313],[-116.764822,46.520746],[-116.770875,46.52062],[-116.771222,46.499358],[-116.782341,46.498913],[-116.781782,46.480829],[-116.802973,46.481027],[-116.803136,46.484253],[-116.813185,46.484358],[-116.813707,46.476618],[-116.813499,46.471548],[-116.829413,46.471441],[-116.836539,46.471233],[-116.858434,46.471116],[-116.859952,46.47077],[-116.860005,46.467397],[-116.865215,46.467379],[-116.865215,46.464741],[-116.90428,46.464424],[-116.912061,46.463877],[-116.91196,46.477793],[-116.989904,46.477943],[-116.991285,46.477729],[-116.991285,46.457107],[-116.996496,46.456956],[-117.039752110714,46.4569512737151],[-117.039741,46.462704],[-117.039763,46.46957],[-117.039771,46.471779]]]}},{"type":"Feature","properties":{"fips":"16000","lea_geoid":"1602700","district_name":"Potlatch School District 285","state_fips":"16","state_abbr":"ID","county_name":"","county_fips":"000"},"geometry":{"type":"Polygon","coordinates":[[[-117.039821054109,47.1272689624222],[-117.035355,47.126768],[-117.033445,47.12731],[-117.028579,47.127729],[-117.024006,47.127534],[-117.022427,47.128135],[-117.020098,47.12779],[-117.018269,47.129696],[-117.015733,47.130829],[-117.006254,47.130513],[-117.00484,47.130066],[-117.001018,47.130487],[-116.99736,47.127098],[-116.995538,47.126434],[-116.989001,47.126145],[-116.987463,47.125861],[-116.985009,47.126458],[-116.98156,47.124361],[-116.979399,47.122174],[-116.977237,47.121972],[-116.974494,47.12081],[-116.971167,47.119965],[-116.969051,47.117629],[-116.967735,47.115232],[-116.96972,47.110798],[-116.96997,47.107674],[-116.973049,47.102321],[-116.974513,47.100862],[-116.974943,47.099272],[-116.97625,47.098397],[-116.976775,47.094683],[-116.976738,47.091208],[-116.977444,47.089121],[-116.974802,47.085884],[-116.970691,47.083326],[-116.966828,47.082106],[-116.963298,47.080319],[-116.962304,47.077594],[-116.958817,47.075039],[-116.957449,47.070897],[-116.955043,47.068822],[-116.953962,47.068905],[-116.945784,47.066978],[-116.944371,47.067227],[-116.941753,47.069555],[-116.939216,47.072505],[-116.932055,47.076521],[-116.929415,47.079639],[-116.925186,47.081565],[-116.923935,47.081594],[-116.91845,47.080281],[-116.913954,47.079556],[-116.911298,47.07796],[-116.906538,47.077912],[-116.904542,47.077484],[-116.901442,47.078493],[-116.898172,47.077843],[-116.896191,47.077896],[-116.892504,47.076105],[-116.88639,47.071614],[-116.884397,47.071415],[-116.883782,47.068008],[-116.883079,47.066392],[-116.880797,47.065677],[-116.878891,47.063917],[-116.875737,47.063147],[-116.874909,47.061645],[-116.872216,47.059084],[-116.866324,47.05769],[-116.861308,47.054644],[-116.857655,47.054787],[-116.856949,47.054413],[-116.858366,47.052513],[-116.854925,47.050781],[-116.852143,47.051117],[-116.85103,47.048393],[-116.848292,47.047166],[-116.842309,47.049375],[-116.839009,47.047591],[-116.836765,47.047101],[-116.835112,47.045244],[-116.835269,47.032452],[-116.8081,47.032543],[-116.771126,47.032511],[-116.771054,47.037394],[-116.650026,47.037499],[-116.650069,47.036939],[-116.500482,47.03636],[-116.480073,47.036785],[-116.480103,47.024876],[-116.478566,47.020959],[-116.479924,47.01706],[-116.480205,47.011493],[-116.47881,46.964163],[-116.478261,46.908337],[-116.479984,46.908212],[-116.52264,46.907601],[-116.650393,46.906309],[-116.649948,46.877446],[-116.651362,46.877431],[-116.693069,46.87714],[-116.693029,46.861675],[-116.693092,46.860888],[-116.69306,46.847979],[-116.707255,46.847575],[-116.721462,46.847896],[-116.771251,46.847859],[-116.77166,46.844514],[-116.792874,46.844324],[-116.792594,46.817256],[-116.795727,46.816493],[-116.807431,46.816408],[-116.820589,46.816398],[-116.85489,46.816669],[-116.854904,46.816452],[-116.887813,46.816422],[-116.917568,46.816396],[-116.916243,46.844161],[-116.906595,46.844148],[-116.905769,46.873439],[-116.926716,46.873304],[-116.926946,46.876957],[-116.937812,46.87676],[-116.937996,46.873095],[-116.947864,46.873297],[-116.947839,46.866227],[-116.969047,46.866062],[-116.968789,46.873183],[-116.990314,46.873521],[-116.989991,46.866412],[-117.001193,46.866848],[-117.00154,46.87328],[-117.039682919771,46.8734289815416],[-117.039704114388,46.9123768731441],[-117.039730626352,46.9610960879888],[-117.039734025588,46.9673426294541],[-117.039778427775,47.0489374768387],[-117.039800858751,47.0901573399456],[-117.039801333117,47.0910290508226],[-117.039818774118,47.1230791795563],[-117.039821054109,47.1272689624222]]]}},{"type":"Feature","properties":{"fips":"16000","lea_geoid":"1603420","district_name":"West Side Joint School District 202","state_fips":"16","state_abbr":"ID","county_name":"","county_fips":"000"},"geometry":{"type":"Polygon","coordinates":[[[-112.126194,42.285229],[-112.121306,42.285387],[-112.042249,42.285362],[-112.042075,42.296262],[-111.994062,42.296395],[-111.993709,42.292953],[-111.988217,42.292655],[-111.988279,42.285572],[-111.983848,42.28555],[-111.983968,42.273068],[-111.98377,42.271376],[-111.983916,42.256486],[-111.984416,42.238012],[-111.993102,42.237998],[-111.993102,42.223574],[-111.978517,42.223644],[-111.978769,42.214744],[-111.978543,42.205517],[-111.959027,42.205436],[-111.959064,42.190951],[-111.954177,42.190951],[-111.95419,42.147453],[-111.944932,42.147389],[-111.944976,42.140117],[-111.935267,42.139664],[-111.935748,42.134106],[-111.93533,42.130168],[-111.935699,42.126075],[-111.934997,42.125602],[-111.926214,42.125597],[-111.924152,42.123956],[-111.922133,42.12351],[-111.921786,42.121984],[-111.923455,42.12001],[-111.925136,42.118826],[-111.928479,42.11825],[-111.928553,42.116512],[-111.927045,42.115381],[-111.925819,42.113449],[-111.923422,42.111284],[-111.923525,42.110661],[-111.9273,42.110602],[-111.928417,42.110147],[-111.928522,42.108799],[-111.925789,42.108003],[-111.924961,42.104692],[-111.922745,42.103772],[-111.921968,42.102672],[-111.922545,42.099824],[-111.919116,42.097863],[-111.917657,42.097958],[-111.916334,42.09715],[-111.914524,42.096115],[-111.913934,42.093713],[-111.911083,42.09499],[-111.909721,42.094871],[-111.911543,42.090981],[-111.915736,42.091924],[-111.916589,42.090504],[-111.915558,42.089081],[-111.915286,42.087039],[-111.912561,42.084561],[-111.911274,42.084385],[-111.909921,42.085753],[-111.906988,42.0848],[-111.906265,42.083951],[-111.906833,42.082181],[-111.90983,42.081525],[-111.911926,42.077652],[-111.912107,42.075458],[-111.911076,42.073198],[-111.908056,42.073226],[-111.907082,42.074754],[-111.905611,42.074803],[-111.905424,42.073931],[-111.90952,42.070776],[-111.912653,42.069171],[-111.914972,42.067424],[-111.916173,42.065946],[-111.918633,42.065239],[-111.918082,42.063366],[-111.916236,42.06076],[-111.916617,42.059512],[-111.919442,42.058207],[-111.919766,42.055658],[-111.921048,42.05457],[-111.920576,42.052836],[-111.920464,42.05214],[-111.922897,42.048793],[-111.925152,42.047809],[-111.924692,42.045359],[-111.922149,42.042815],[-111.920579,42.039426],[-111.920781,42.03699],[-111.922015,42.036088],[-111.923818,42.036631],[-111.924858,42.036176],[-111.922641,42.034577],[-111.923351,42.032368],[-111.921296,42.031642],[-111.921934,42.030076],[-111.921799,42.028032],[-111.921098,42.026979],[-111.922227,42.024488],[-111.924898,42.024718],[-111.922903,42.021686],[-111.920369,42.020544],[-111.919382,42.019056],[-111.920977,42.017287],[-111.920627,42.01597],[-111.917776,42.014404],[-111.917845,42.012731],[-111.92391,42.013323],[-111.923323,42.011478],[-111.921021,42.009555],[-111.922922,42.009205],[-111.92539,42.007995],[-111.927393,42.007766],[-111.928141,42.00605],[-111.929604,42.005555],[-111.930275,42.003263],[-111.932424,42.003729],[-111.934806,42.002994],[-111.934952,42.001497],[-111.933594965261,41.9985943166533],[-111.935099,41.998593],[-111.949979637089,41.998546088377],[-111.974391479592,41.9984691293634],[-112.01218,41.99835],[-112.026840056539,41.9982256664441],[-112.040714,41.998108],[-112.103866,41.99781],[-112.109443425513,41.9977448322096],[-112.109206,42.116895],[-112.109271,42.169911],[-112.070266,42.169646],[-112.070959,42.238263],[-112.074252,42.238282],[-112.075324,42.241353],[-112.076315,42.242693],[-112.080395,42.245037],[-112.083426,42.245963],[-112.086992,42.251981],[-112.088024,42.252255],[-112.090327,42.25702],[-112.093617,42.260402],[-112.09392,42.263115],[-112.096298,42.263331],[-112.096834,42.264613],[-112.09624,42.267334],[-112.098293,42.26994],[-112.10184,42.268375],[-112.103241,42.268141],[-112.105655,42.268194],[-112.109113,42.269305],[-112.111362,42.268792],[-112.113323,42.269345],[-112.114012,42.271146],[-112.115225,42.272411],[-112.115875,42.27435],[-112.117191,42.276206],[-112.11887,42.281143],[-112.121333,42.282186],[-112.125761,42.284644],[-112.126194,42.285229]]]}},{"type":"Feature","properties":{"fips":"16000","lea_geoid":"1601980","district_name":"Marsing Joint School District 363","state_fips":"16","state_abbr":"ID","county_name":"","county_fips":"000"},"geometry":{"type":"Polygon","coordinates":[[[-117.02674059016,43.5457346710279],[-116.982665,43.54517],[-116.926678,43.545302],[-116.889386,43.545255],[-116.888854,43.545671],[-116.887559,43.545295],[-116.871126,43.545252],[-116.871136,43.548396],[-116.871712,43.556458],[-116.871248,43.556964],[-116.871491,43.588478],[-116.871204,43.592114],[-116.868951,43.591845],[-116.862804,43.594002],[-116.855991,43.594654],[-116.844978,43.5944],[-116.841896,43.593302],[-116.837383,43.590725],[-116.83231,43.58573],[-116.830911,43.584616],[-116.822466,43.580979],[-116.816511,43.577921],[-116.811934,43.573957],[-116.810228,43.571456],[-116.805411,43.564845],[-116.802945,43.55957],[-116.792205,43.559616],[-116.782317,43.559798],[-116.782375,43.566919],[-116.752418,43.566905],[-116.752407,43.531027],[-116.757374,43.530998],[-116.767437,43.53098],[-116.767495,43.52374],[-116.77231,43.523722],[-116.77226,43.516459],[-116.784387,43.51635],[-116.784918,43.514945],[-116.784509,43.510613],[-116.783027,43.505549],[-116.783138,43.501238],[-116.785062,43.49951],[-116.784188,43.498351],[-116.783246,43.493389],[-116.781453,43.489781],[-116.780911,43.48239],[-116.780227,43.481147],[-116.781336,43.478633],[-116.780634,43.477084],[-116.777692,43.473228],[-116.776184,43.472836],[-116.771673,43.469437],[-116.764072,43.465933],[-116.759467,43.463434],[-116.754518,43.460195],[-116.750457,43.45918],[-116.744726,43.45554],[-116.741607,43.450674],[-116.738535,43.448281],[-116.737855,43.447064],[-116.731992,43.441787],[-116.729814,43.437783],[-116.727625,43.435777],[-116.724502,43.435372],[-116.723001,43.434677],[-116.717622,43.431063],[-116.717047,43.430239],[-116.713688,43.426363],[-116.713065,43.42522],[-116.711029,43.424529],[-116.70708,43.421387],[-116.703915,43.41948],[-116.702827,43.417477],[-116.700174,43.414613],[-116.696442,43.412945],[-116.695899,43.412076],[-116.692597,43.409569],[-116.69016,43.409437],[-116.6844,43.406205],[-116.68219,43.403812],[-116.679372,43.402832],[-116.676417,43.400234],[-116.67542,43.39761],[-116.673175,43.39584],[-116.672754,43.394007],[-116.671683,43.392881],[-116.671436,43.391142],[-116.669397,43.387958],[-116.667349,43.386601],[-116.661663,43.384773],[-116.660797,43.384132],[-116.656494,43.382621],[-116.652999,43.37997],[-116.647405,43.377162],[-116.644425,43.376977],[-116.64098,43.377899],[-116.638204,43.376848],[-116.635861,43.375334],[-116.632408,43.373862],[-116.630443,43.372269],[-116.748816,43.371964],[-116.748944,43.285862],[-116.780842,43.285551],[-116.784589,43.28586],[-116.867392,43.285853],[-116.867445,43.199119],[-116.94661,43.199217],[-116.947082,43.314976],[-117.026701376309,43.3152915591549],[-117.026719331236,43.420805024449],[-117.02674059016,43.5457346710279]]]}},{"type":"Feature","properties":{"fips":"16000","lea_geoid":"1600030","district_name":"Aberdeen School District 58","state_fips":"16","state_abbr":"ID","county_name":"","county_fips":"000"},"geometry":{"type":"Polygon","coordinates":[[[-113.007591,43.053122],[-113.007568,43.053195],[-113.007712,43.110933],[-113.007592,43.154833],[-112.968932,43.154922],[-112.96582,43.155032],[-112.888937,43.154328],[-112.888948,43.15551],[-112.772708,43.156056],[-112.7727,43.155092],[-112.763728,43.155109],[-112.758917,43.154783],[-112.752368,43.154756],[-112.749318,43.15454],[-112.633875,43.154072],[-112.634085,43.116584],[-112.633967,43.095571],[-112.627836,43.095774],[-112.626542,43.095591],[-112.613812,43.095289],[-112.614063,43.093013],[-112.613224,43.033527],[-112.616577,43.032797],[-112.621183,43.030309],[-112.624655,43.030449],[-112.627716,43.030616],[-112.631755,43.031623],[-112.632743,43.031513],[-112.633798,43.030504],[-112.633948,43.029999],[-112.632643,43.025399],[-112.63485,43.021992],[-112.656552,43.021944],[-112.658128,43.02011],[-112.662024,43.017924],[-112.664762,43.015624],[-112.665635,43.01553],[-112.667334,43.016226],[-112.667584,43.019191],[-112.67342,43.021515],[-112.676152,43.022012],[-112.678364,43.02173],[-112.680582,43.020787],[-112.682232,43.018733],[-112.681266,43.016963],[-112.681375,43.015447],[-112.679995,43.015558],[-112.679632,43.01389],[-112.680409,43.012267],[-112.683636,43.010022],[-112.686258,43.007634],[-112.687649,43.007581],[-112.691807,43.009612],[-112.69482,43.008109],[-112.694733,43.00682],[-112.693312,43.005842],[-112.691505,43.002987],[-112.693185,42.999739],[-112.69531,42.999713],[-112.695965,42.997467],[-112.698348,42.995911],[-112.703159,42.997908],[-112.704496,42.997663],[-112.705841,42.995499],[-112.705701,42.992074],[-112.706747,42.990683],[-112.707547,42.990549],[-112.711012,42.992203],[-112.716175,42.990744],[-112.71761,42.99086],[-112.72305,42.992206],[-112.726418,42.992635],[-112.730342,42.992504],[-112.736676,42.991552],[-112.741566,42.988858],[-112.742602,42.98646],[-112.74284,42.984574],[-112.741501,42.980826],[-112.736487,42.978795],[-112.734651,42.977211],[-112.734204,42.975502],[-112.735659,42.973234],[-112.737568,42.972503],[-112.740771,42.972215],[-112.743499,42.971125],[-112.745021,42.969863],[-112.746804,42.966383],[-112.751066,42.963382],[-112.750157,42.961086],[-112.752341,42.958],[-112.751747,42.955001],[-112.749732,42.953068],[-112.750562,42.951528],[-112.754699,42.946717],[-112.756975,42.942026],[-112.760125,42.938831],[-112.764158,42.936662],[-112.766126,42.934308],[-112.764017,42.931531],[-112.763465,42.929117],[-112.761743,42.927451],[-112.761214,42.923614],[-112.763817,42.921264],[-112.765445,42.919115],[-112.771082,42.917033],[-112.772537,42.916856],[-112.779202,42.913831],[-112.780821,42.908268],[-112.780987,42.906766],[-112.780339,42.900621],[-112.780785,42.896112],[-112.779654,42.893203],[-112.783132,42.89223],[-112.78457,42.891285],[-112.783624,42.887531],[-112.787684,42.884964],[-112.788677,42.883143],[-112.790537,42.88234],[-112.791598,42.879248],[-112.794581,42.877472],[-112.79694,42.878937],[-112.799395,42.879319],[-112.801993,42.880363],[-112.804987,42.882729],[-112.807138,42.882587],[-112.809996,42.880354],[-112.811873,42.877939],[-112.814724,42.872269],[-112.812871,42.871524],[-112.813179,42.869561],[-112.816713,42.868771],[-112.817661,42.867216],[-112.816578,42.863231],[-112.887109,42.863255],[-112.888611,42.863102],[-112.895575,42.863099],[-113.00776,42.863051],[-113.007591,43.053122]]]}},{"type":"Feature","properties":{"fips":"16000","lea_geoid":"1602970","district_name":"Snake River School District 52","state_fips":"16","state_abbr":"ID","county_name":"","county_fips":"000"},"geometry":{"type":"Polygon","coordinates":[[[-113.007318,43.284778],[-112.947016,43.284821],[-112.947009,43.367339],[-112.936902,43.367346],[-112.936835,43.449386],[-112.816704,43.449164],[-112.8167,43.450809],[-112.816651,43.467031],[-112.816278,43.535949],[-112.758293,43.535998],[-112.758291,43.540142],[-112.698891,43.540052],[-112.699052,43.62313],[-112.697122,43.62314],[-112.639238,43.623167],[-112.639238,43.626574],[-112.519861,43.626623],[-112.520027,43.55222],[-112.520005,43.455105],[-112.519692,43.452754],[-112.519849,43.452294],[-112.520024,43.42517],[-112.519802,43.367285],[-112.405283,43.367261],[-112.404974,43.367315],[-112.405292,43.247184],[-112.405341,43.211084],[-112.405341,43.196585],[-112.405945,43.181301],[-112.411247,43.178115],[-112.414937,43.178319],[-112.418297,43.177403],[-112.419002,43.176476],[-112.419025,43.175016],[-112.417503,43.173512],[-112.418209,43.171305],[-112.425879,43.173826],[-112.430207,43.172218],[-112.431946,43.172602],[-112.433198,43.173508],[-112.432591,43.173239],[-112.429666,43.176866],[-112.433228,43.173573],[-112.437255,43.173513],[-112.438478,43.173041],[-112.43904,43.171043],[-112.442497,43.169561],[-112.442474,43.168672],[-112.44608,43.165571],[-112.448112,43.164747],[-112.448712,43.163595],[-112.451238,43.162404],[-112.451073,43.160461],[-112.452527,43.159621],[-112.45515,43.156728],[-112.457077,43.156173],[-112.459611,43.157413],[-112.461313,43.157463],[-112.462634,43.156143],[-112.462556,43.154372],[-112.46348,43.153996],[-112.464263,43.155735],[-112.466099,43.155903],[-112.4673,43.154281],[-112.468731,43.154238],[-112.470267,43.156103],[-112.47296,43.156017],[-112.473244,43.154841],[-112.474947,43.153632],[-112.476559,43.151437],[-112.478932,43.151454],[-112.480858,43.152935],[-112.485269,43.152734],[-112.487315,43.151425],[-112.491201,43.15095],[-112.493877,43.151395],[-112.495026,43.151025],[-112.497608,43.150433],[-112.499241,43.148646],[-112.499099,43.146967],[-112.496451,43.145359],[-112.495239,43.143625],[-112.494433,43.13987],[-112.497569,43.138538],[-112.501166,43.138843],[-112.50126,43.139837],[-112.503817,43.13851],[-112.505364,43.135415],[-112.504849,43.133812],[-112.50649,43.133533],[-112.508595,43.131845],[-112.504654,43.131795],[-112.504456,43.128631],[-112.50502,43.127041],[-112.505005,43.123819],[-112.516309,43.123768],[-112.516134,43.110231],[-112.519896,43.110249],[-112.520559,43.109704],[-112.520364,43.106461],[-112.521596,43.103911],[-112.52338,43.101873],[-112.531367,43.100821],[-112.530924,43.101555],[-112.533983,43.100733],[-112.533483,43.10183],[-112.534949,43.103569],[-112.53782,43.103226],[-112.539162,43.103707],[-112.540131,43.099865],[-112.542286,43.094628],[-112.542567,43.092616],[-112.544002,43.092182],[-112.542973,43.091061],[-112.54366,43.090078],[-112.542974,43.086647],[-112.545346,43.083035],[-112.547499,43.081526],[-112.55192,43.080719],[-112.55554,43.082231],[-112.560221,43.081172],[-112.559158,43.079961],[-112.559029,43.077833],[-112.560553,43.074331],[-112.561862,43.072613],[-112.565196,43.070184],[-112.566164,43.070479],[-112.564357,43.071786],[-112.565948,43.072311],[-112.567632,43.07121],[-112.566914,43.070661],[-112.567812,43.066245],[-112.569367,43.0632],[-112.572421,43.060954],[-112.576536,43.059528],[-112.5766,43.060878],[-112.577909,43.060053],[-112.577533,43.058521],[-112.581083,43.054648],[-112.581578,43.052566],[-112.583911,43.049017],[-112.587029,43.048049],[-112.591355,43.045956],[-112.591662,43.043897],[-112.595236,43.043977],[-112.597287,43.043091],[-112.596517,43.04163],[-112.590284,43.040359],[-112.591094,43.038438],[-112.596943,43.040392],[-112.599138,43.0415],[-112.604527,43.042405],[-112.606991,43.041627],[-112.607824,43.042636],[-112.608353,43.040336],[-112.606848,43.039069],[-112.607475,43.036127],[-112.607745,43.037905],[-112.613224,43.033527],[-112.614063,43.093013],[-112.613812,43.095289],[-112.626542,43.095591],[-112.627836,43.095774],[-112.633967,43.095571],[-112.634085,43.116584],[-112.633875,43.154072],[-112.749318,43.15454],[-112.752368,43.154756],[-112.758917,43.154783],[-112.763728,43.155109],[-112.7727,43.155092],[-112.772708,43.156056],[-112.888948,43.15551],[-112.888937,43.154328],[-112.96582,43.155032],[-112.968932,43.154922],[-113.007592,43.154833],[-113.007318,43.284778]]]}},{"type":"Feature","properties":{"fips":"16000","lea_geoid":"1600360","district_name":"Boise City Independent School District 1","state_fips":"16","state_abbr":"ID","county_name":"","county_fips":"000"},"geometry":{"type":"Polygon","coordinates":[[[-116.38595,43.197237],[-116.274238,43.197344],[-116.274144,43.200399],[-116.273732,43.200348],[-116.255179,43.20027],[-116.208766,43.200267],[-116.207695,43.200162],[-116.17315,43.200397],[-116.136956,43.200147],[-116.137222,43.285002],[-116.134053,43.285064],[-116.134186,43.311634],[-116.134479,43.362261],[-116.134449,43.362772],[-116.134638,43.373013],[-116.134568,43.374273],[-116.134607,43.380431],[-116.134641,43.399329],[-116.134721,43.400756],[-116.074718,43.400424],[-116.074823,43.444132],[-116.134433,43.444145],[-116.134438,43.446231],[-116.134454,43.452611],[-116.134382,43.4748],[-116.134408,43.498357],[-116.173811,43.498726],[-116.234019,43.498841],[-116.234017,43.498921],[-116.254247,43.498779],[-116.259123,43.498945],[-116.258988,43.522421],[-116.258916,43.530104],[-116.258898,43.531703],[-116.261183,43.531742],[-116.261321,43.531737],[-116.268829,43.531932],[-116.270415,43.53197],[-116.270573,43.531971],[-116.272722,43.532117],[-116.274162,43.531992],[-116.274162,43.53781],[-116.274162,43.542915],[-116.274162,43.54298],[-116.274163,43.546536],[-116.274162,43.553985],[-116.274224,43.561091],[-116.287742,43.56109],[-116.294236,43.561097],[-116.304202,43.561121],[-116.314238,43.561102],[-116.320309,43.561139],[-116.320439,43.561083],[-116.323423,43.561116],[-116.324326,43.561124],[-116.324287,43.575752],[-116.324303,43.585204],[-116.326618,43.585214],[-116.326772,43.585564],[-116.326767,43.586166],[-116.324294,43.586166],[-116.324321,43.590314],[-116.319173,43.590297],[-116.319204,43.597409],[-116.319161,43.604873],[-116.31915,43.612145],[-116.314366,43.612161],[-116.314302,43.615428],[-116.314306,43.619479],[-116.311747,43.619455],[-116.311733,43.626752],[-116.304268,43.626728],[-116.304272,43.627477],[-116.304281,43.628536],[-116.304334,43.633921],[-116.294288,43.633917],[-116.289276,43.63392],[-116.288954,43.645527],[-116.289901,43.646607],[-116.294191,43.646648],[-116.294184,43.647255],[-116.294346,43.648496],[-116.294343,43.648587],[-116.294135,43.648567],[-116.294221,43.65267],[-116.294237,43.653929],[-116.288482,43.652592],[-116.287925,43.652989],[-116.284112,43.652924],[-116.284109,43.651229],[-116.281963,43.650138],[-116.280464,43.652041],[-116.281964,43.652945],[-116.281976,43.657035],[-116.281967,43.659297],[-116.282854,43.659297],[-116.282862,43.662106],[-116.283965,43.662307],[-116.28542,43.662177],[-116.289631,43.662987],[-116.292796,43.66344],[-116.299285,43.666771],[-116.299238,43.666872],[-116.302381,43.668546],[-116.307973,43.67037],[-116.309728,43.670544],[-116.310983,43.67069],[-116.314084,43.670914],[-116.315361,43.67104],[-116.317966,43.672324],[-116.319908,43.672621],[-116.320453,43.67248],[-116.322115,43.671962],[-116.322289,43.671297],[-116.324104,43.671323],[-116.323666,43.672577],[-116.324071,43.678566],[-116.324012,43.685771],[-116.323903,43.685749],[-116.323653,43.694303],[-116.322295,43.693873],[-116.319205,43.693493],[-116.319073,43.701021],[-116.318933,43.706489],[-116.313676,43.706374],[-116.313674,43.706526],[-116.306519,43.706523],[-116.274109,43.706814],[-116.274136,43.759329],[-116.274021,43.764391],[-116.265355,43.764292],[-116.264905,43.76361],[-116.264962,43.763371],[-116.263915,43.763332],[-116.261502,43.763321],[-116.261459,43.763709],[-116.261452,43.764258],[-116.244811,43.764083],[-116.243429,43.763974],[-116.243609,43.767752],[-116.248645,43.767683],[-116.24872,43.783219],[-116.241816,43.778262],[-116.193709,43.778105],[-116.193557,43.763532],[-116.154037,43.763018],[-116.152867,43.733578],[-116.153213,43.728087],[-116.153434,43.713909],[-116.141328,43.705027],[-116.105088,43.678265],[-116.094167,43.670194],[-116.078653,43.658702],[-116.060172,43.645089],[-116.054347,43.64078],[-116.048691,43.636614],[-116.045262,43.634077],[-116.024877,43.619],[-116.023165,43.617735],[-115.975822,43.617943],[-115.975696,43.632749],[-115.897119,43.633246],[-115.897201,43.598803],[-115.901239,43.597139],[-115.903327,43.595442],[-115.903698,43.59427],[-115.906892,43.592971],[-115.912357,43.592097],[-115.919047,43.592254],[-115.920831,43.592843],[-115.922379,43.595689],[-115.927792,43.595005],[-115.929883,43.595567],[-115.931076,43.597392],[-115.933653,43.603594],[-115.933535,43.606797],[-115.935128,43.608236],[-115.939289,43.608056],[-115.941229,43.607247],[-115.944834,43.608774],[-115.950825,43.606543],[-115.955784,43.601667],[-115.955944,43.598608],[-115.955168,43.595799],[-115.95346,43.593366],[-115.954284,43.591369],[-115.956502,43.589547],[-115.958774,43.589696],[-115.963507,43.589185],[-115.968001,43.589938],[-115.971993,43.591137],[-115.975719,43.591438],[-115.976036,43.546],[-115.974845,43.546016],[-115.974881,43.36502],[-115.974934,43.292167],[-115.974913,43.285773],[-115.976467,43.285711],[-115.977159,43.20044],[-115.978583,43.200415],[-115.978714,43.113432],[-116.144439,43.113056],[-116.155838,43.113013],[-116.155856,43.112316],[-116.266207,43.112269],[-116.266723,43.114913],[-116.267681,43.116255],[-116.269363,43.117213],[-116.276559,43.119261],[-116.280759,43.119922],[-116.285911,43.119954],[-116.294386,43.119275],[-116.299945,43.119216],[-116.302379,43.119563],[-116.305099,43.12058],[-116.308001,43.12284],[-116.309667,43.125139],[-116.310787,43.129669],[-116.312245,43.133013],[-116.312795,43.13621],[-116.316404,43.141321],[-116.319411,43.143972],[-116.321253,43.144413],[-116.327061,43.146541],[-116.330694,43.147564],[-116.333281,43.149055],[-116.333643,43.149867],[-116.332969,43.153818],[-116.333931,43.15735],[-116.336044,43.161372],[-116.339633,43.163575],[-116.344503,43.164748],[-116.350427,43.16464],[-116.352529,43.165123],[-116.355887,43.167351],[-116.358727,43.171035],[-116.361267,43.173318],[-116.36471,43.175655],[-116.365948,43.177089],[-116.368057,43.181246],[-116.371406,43.183325],[-116.375959,43.18517],[-116.380875,43.188231],[-116.381136,43.188727],[-116.383768,43.19089],[-116.385955,43.193577],[-116.38595,43.197237]]]}},{"type":"Feature","properties":{"fips":"16000","lea_geoid":"1602070","district_name":"Melba Joint School District 136","state_fips":"16","state_abbr":"ID","county_name":"","county_fips":"000"},"geometry":{"type":"Polygon","coordinates":[[[-116.867417,43.16829],[-116.867445,43.199119],[-116.867392,43.285853],[-116.784589,43.28586],[-116.780842,43.285551],[-116.748944,43.285862],[-116.748816,43.371964],[-116.630443,43.372269],[-116.632408,43.373862],[-116.635861,43.375334],[-116.638204,43.376848],[-116.64098,43.377899],[-116.644425,43.376977],[-116.647405,43.377162],[-116.652999,43.37997],[-116.656494,43.382621],[-116.660797,43.384132],[-116.661663,43.384773],[-116.667349,43.386601],[-116.669397,43.387958],[-116.671436,43.391142],[-116.671683,43.392881],[-116.672754,43.394007],[-116.673175,43.39584],[-116.67542,43.39761],[-116.676417,43.400234],[-116.679372,43.402832],[-116.68219,43.403812],[-116.6844,43.406205],[-116.69016,43.409437],[-116.692597,43.409569],[-116.695899,43.412076],[-116.696442,43.412945],[-116.700174,43.414613],[-116.702827,43.417477],[-116.703915,43.41948],[-116.70708,43.421387],[-116.711029,43.424529],[-116.713065,43.42522],[-116.713688,43.426363],[-116.717047,43.430239],[-116.712911,43.430204],[-116.673016,43.429654],[-116.573228,43.428857],[-116.573206,43.442149],[-116.573205,43.452044],[-116.538277,43.451907],[-116.538354,43.448276],[-116.535492,43.448264],[-116.533332,43.448262],[-116.533351,43.444637],[-116.513492,43.44453],[-116.513454,43.437057],[-116.393882,43.437072],[-116.394033,43.284879],[-116.395621,43.28495],[-116.412331,43.285025],[-116.410247,43.284421],[-116.408158,43.282833],[-116.4059,43.279599],[-116.40662,43.277945],[-116.405612,43.276287],[-116.402638,43.273606],[-116.402327,43.272221],[-116.402433,43.267935],[-116.401936,43.265407],[-116.403329,43.262982],[-116.402364,43.261646],[-116.397957,43.258083],[-116.395218,43.256968],[-116.388585,43.253172],[-116.387029,43.250848],[-116.384766,43.249393],[-116.381669,43.244818],[-116.378508,43.242068],[-116.377185,43.239313],[-116.376586,43.233372],[-116.376059,43.231088],[-116.378878,43.226306],[-116.381339,43.223156],[-116.384352,43.217108],[-116.38456,43.213659],[-116.383924,43.209716],[-116.382703,43.205451],[-116.38595,43.197237],[-116.385955,43.193577],[-116.383768,43.19089],[-116.381136,43.188727],[-116.380875,43.188231],[-116.375959,43.18517],[-116.413512,43.185032],[-116.414106,43.141586],[-116.473184,43.141301],[-116.4732,43.127119],[-116.493221,43.126907],[-116.49346,43.12012],[-116.493362,43.11191],[-116.511104,43.1117],[-116.510529,43.097297],[-116.529892,43.097087],[-116.530527,43.085389],[-116.561392,43.082641],[-116.60921,43.082504],[-116.609057,43.079793],[-116.608438,43.024654],[-116.627606,43.024454],[-116.627779,42.938216],[-116.748646,42.937351],[-116.788086,42.937284],[-116.78687,43.110988],[-116.867396,43.111067],[-116.867414,43.164442],[-116.867981,43.165427],[-116.867417,43.16829]]]}},{"type":"Feature","properties":{"fips":"16000","lea_geoid":"1602100","district_name":"Meridian Joint School District 2","state_fips":"16","state_abbr":"ID","county_name":"","county_fips":"000"},"geometry":{"type":"Polygon","coordinates":[[[-116.522555,43.71784],[-116.518819,43.717698],[-116.512643,43.717636],[-116.512666,43.758835],[-116.512502,43.807161],[-116.483854,43.807224],[-116.282019,43.807365],[-116.263384,43.793792],[-116.24872,43.783219],[-116.248645,43.767683],[-116.243609,43.767752],[-116.243429,43.763974],[-116.244811,43.764083],[-116.261452,43.764258],[-116.261459,43.763709],[-116.261502,43.763321],[-116.263915,43.763332],[-116.264962,43.763371],[-116.264905,43.76361],[-116.265355,43.764292],[-116.274021,43.764391],[-116.274136,43.759329],[-116.274109,43.706814],[-116.306519,43.706523],[-116.313674,43.706526],[-116.313676,43.706374],[-116.318933,43.706489],[-116.319073,43.701021],[-116.319205,43.693493],[-116.322295,43.693873],[-116.323653,43.694303],[-116.323903,43.685749],[-116.324012,43.685771],[-116.324071,43.678566],[-116.323666,43.672577],[-116.324104,43.671323],[-116.322289,43.671297],[-116.322115,43.671962],[-116.320453,43.67248],[-116.319908,43.672621],[-116.317966,43.672324],[-116.315361,43.67104],[-116.314084,43.670914],[-116.310983,43.67069],[-116.309728,43.670544],[-116.307973,43.67037],[-116.302381,43.668546],[-116.299238,43.666872],[-116.299285,43.666771],[-116.292796,43.66344],[-116.289631,43.662987],[-116.28542,43.662177],[-116.283965,43.662307],[-116.282862,43.662106],[-116.282854,43.659297],[-116.281967,43.659297],[-116.281976,43.657035],[-116.281964,43.652945],[-116.280464,43.652041],[-116.281963,43.650138],[-116.284109,43.651229],[-116.284112,43.652924],[-116.287925,43.652989],[-116.288482,43.652592],[-116.294237,43.653929],[-116.294221,43.65267],[-116.294135,43.648567],[-116.294343,43.648587],[-116.294346,43.648496],[-116.294184,43.647255],[-116.294191,43.646648],[-116.289901,43.646607],[-116.288954,43.645527],[-116.289276,43.63392],[-116.294288,43.633917],[-116.304334,43.633921],[-116.304281,43.628536],[-116.304272,43.627477],[-116.304268,43.626728],[-116.311733,43.626752],[-116.311747,43.619455],[-116.314306,43.619479],[-116.314302,43.615428],[-116.314366,43.612161],[-116.31915,43.612145],[-116.319161,43.604873],[-116.319204,43.597409],[-116.319173,43.590297],[-116.324321,43.590314],[-116.324294,43.586166],[-116.326767,43.586166],[-116.326772,43.585564],[-116.326618,43.585214],[-116.324303,43.585204],[-116.324287,43.575752],[-116.324326,43.561124],[-116.323423,43.561116],[-116.320439,43.561083],[-116.320309,43.561139],[-116.314238,43.561102],[-116.304202,43.561121],[-116.294236,43.561097],[-116.287742,43.56109],[-116.274224,43.561091],[-116.274162,43.553985],[-116.274163,43.546536],[-116.274162,43.54298],[-116.274162,43.542915],[-116.274162,43.53781],[-116.274162,43.531992],[-116.272722,43.532117],[-116.270573,43.531971],[-116.270415,43.53197],[-116.268829,43.531932],[-116.261321,43.531737],[-116.261183,43.531742],[-116.258898,43.531703],[-116.258916,43.530104],[-116.258988,43.522421],[-116.259123,43.498945],[-116.254247,43.498779],[-116.234017,43.498921],[-116.234019,43.498841],[-116.173811,43.498726],[-116.134408,43.498357],[-116.134382,43.4748],[-116.134454,43.452611],[-116.134438,43.446231],[-116.134433,43.444145],[-116.074823,43.444132],[-116.074718,43.400424],[-116.134721,43.400756],[-116.134641,43.399329],[-116.134607,43.380431],[-116.134568,43.374273],[-116.134638,43.373013],[-116.134449,43.362772],[-116.134479,43.362261],[-116.134186,43.311634],[-116.134053,43.285064],[-116.137222,43.285002],[-116.136956,43.200147],[-116.17315,43.200397],[-116.207695,43.200162],[-116.208766,43.200267],[-116.255179,43.20027],[-116.255231,43.244226],[-116.254534,43.256882],[-116.255177,43.258904],[-116.255076,43.304483],[-116.255303,43.306477],[-116.255049,43.343624],[-116.25518,43.372144],[-116.254235,43.415498],[-116.23836,43.415486],[-116.194537,43.4153],[-116.194526,43.429616],[-116.233194,43.429622],[-116.234253,43.429714],[-116.234313,43.458834],[-116.234231,43.473465],[-116.274308,43.473651],[-116.274323,43.470024],[-116.274365,43.459116],[-116.304457,43.459188],[-116.314516,43.459213],[-116.314303,43.473679],[-116.314177,43.48101],[-116.314436,43.488314],[-116.314323,43.488606],[-116.314353,43.491752],[-116.314463,43.49227],[-116.314432,43.495644],[-116.314306,43.506511],[-116.314415,43.517466],[-116.314461,43.522786],[-116.314433,43.52696],[-116.314497,43.526955],[-116.314565,43.532089],[-116.334358,43.532007],[-116.33431,43.539189],[-116.337779,43.539257],[-116.349643,43.539105],[-116.354324,43.539093],[-116.359898,43.539182],[-116.364328,43.539117],[-116.374331,43.539089],[-116.379321,43.539169],[-116.380664,43.539185],[-116.384345,43.539174],[-116.389286,43.53916],[-116.393855,43.539151],[-116.393857,43.538944],[-116.397527,43.539071],[-116.399239,43.538324],[-116.403877,43.53828],[-116.403837,43.542907],[-116.403819,43.544684],[-116.40383,43.546461],[-116.413817,43.546514],[-116.417001,43.54652],[-116.418827,43.546524],[-116.421016,43.546529],[-116.431834,43.546553],[-116.433786,43.546569],[-116.443768,43.546583],[-116.443719,43.552743],[-116.443686,43.557502],[-116.443686,43.561115],[-116.443693,43.568419],[-116.473582,43.568476],[-116.473535,43.575774],[-116.473493,43.58303],[-116.473458,43.586761],[-116.47353,43.597204],[-116.473532,43.597618],[-116.477308,43.597634],[-116.480059,43.597662],[-116.48146,43.597525],[-116.493557,43.597702],[-116.493565,43.598937],[-116.493567,43.599372],[-116.493568,43.6027],[-116.493533,43.60412],[-116.493524,43.604972],[-116.493565,43.610415],[-116.493578,43.61172],[-116.493597,43.612268],[-116.493596,43.619601],[-116.49361,43.621375],[-116.4936,43.623217],[-116.493566,43.625739],[-116.493562,43.626845],[-116.493538,43.630483],[-116.493534,43.631818],[-116.493501,43.634136],[-116.513123,43.634183],[-116.512856,43.663156],[-116.512745,43.681684],[-116.512745,43.681857],[-116.512767,43.686562],[-116.512757,43.691677],[-116.512672,43.693904],[-116.512665,43.695981],[-116.517793,43.695949],[-116.519043,43.696079],[-116.518989,43.699575],[-116.512675,43.699614],[-116.51266,43.702481],[-116.512605,43.705582],[-116.512599,43.70686],[-116.517712,43.706813],[-116.517707,43.707573],[-116.517061,43.707583],[-116.517061,43.709223],[-116.517696,43.710413],[-116.519376,43.710402],[-116.51921,43.717628],[-116.521663,43.716131],[-116.522561,43.715869],[-116.522555,43.71784]]]}},{"type":"Feature","properties":{"fips":"16000","lea_geoid":"1602130","district_name":"Middleton School District 134","state_fips":"16","state_abbr":"ID","county_name":"","county_fips":"000"},"geometry":{"type":"Polygon","coordinates":[[[-116.753114,43.799926],[-116.753067,43.805557],[-116.751998,43.806115],[-116.752608,43.807196],[-116.712672,43.807161],[-116.707966,43.807159],[-116.671352,43.80714],[-116.644569,43.807228],[-116.512502,43.807161],[-116.512666,43.758835],[-116.512643,43.717636],[-116.518819,43.717698],[-116.522555,43.71784],[-116.522561,43.715869],[-116.521663,43.716131],[-116.51921,43.717628],[-116.519376,43.710402],[-116.517696,43.710413],[-116.517061,43.709223],[-116.517061,43.707583],[-116.517707,43.707573],[-116.517712,43.706813],[-116.512599,43.70686],[-116.512605,43.705582],[-116.51266,43.702481],[-116.512675,43.699614],[-116.518989,43.699575],[-116.519043,43.696079],[-116.517793,43.695949],[-116.512665,43.695981],[-116.512672,43.693904],[-116.512757,43.691677],[-116.512767,43.686562],[-116.512745,43.681857],[-116.51582,43.681164],[-116.518638,43.681271],[-116.523077,43.679806],[-116.525845,43.680524],[-116.52659,43.682734],[-116.530674,43.683898],[-116.535237,43.683687],[-116.537866,43.682091],[-116.539352,43.680463],[-116.540828,43.677564],[-116.542365,43.676879],[-116.547896,43.67868],[-116.550174,43.680732],[-116.552607,43.681427],[-116.562598,43.682224],[-116.563771,43.68158],[-116.567612,43.680862],[-116.569432,43.681644],[-116.570935,43.68409],[-116.572807,43.68443],[-116.575234,43.683248],[-116.577653,43.683205],[-116.58049,43.685151],[-116.583719,43.684436],[-116.585035,43.684882],[-116.586443,43.686782],[-116.58958,43.688239],[-116.593217,43.687315],[-116.597268,43.688287],[-116.6007,43.688083],[-116.60138,43.689147],[-116.604303,43.690519],[-116.603954,43.693929],[-116.605216,43.696124],[-116.610746,43.697372],[-116.612468,43.697156],[-116.612461,43.69699],[-116.612858,43.696776],[-116.613182,43.696646],[-116.614144,43.696216],[-116.61558,43.695124],[-116.621663,43.695131],[-116.625699,43.691929],[-116.624742,43.692802],[-116.625509,43.692243],[-116.628385,43.692027],[-116.628358,43.691166],[-116.628477,43.690951],[-116.629891,43.690743],[-116.630658,43.690857],[-116.631687,43.691324],[-116.632456,43.692021],[-116.63349,43.694116],[-116.635893,43.695422],[-116.64218,43.697113],[-116.642945,43.697526],[-116.647423,43.696763],[-116.649232,43.69543],[-116.650829,43.695249],[-116.65305,43.695785],[-116.65303,43.695949],[-116.654733,43.696342],[-116.65515,43.696352],[-116.657293,43.695948],[-116.658017,43.696037],[-116.659765,43.696846],[-116.66156,43.696616],[-116.661801,43.696824],[-116.662579,43.696819],[-116.666589,43.692805],[-116.669863,43.692162],[-116.673279,43.69339],[-116.673297,43.696667],[-116.673178,43.699029],[-116.673181,43.700961],[-116.678135,43.700455],[-116.678134,43.699038],[-116.681081,43.698764],[-116.683258,43.698756],[-116.683082,43.699863],[-116.686632,43.699347],[-116.687449,43.695081],[-116.692057,43.69508],[-116.692726,43.698608],[-116.692974,43.702537],[-116.692854,43.702224],[-116.692938,43.705921],[-116.695479,43.705897],[-116.699546,43.705906],[-116.71299,43.705829],[-116.71312,43.695741],[-116.712991,43.689768],[-116.7133,43.67755],[-116.7133,43.677373],[-116.714305,43.677298],[-116.71727,43.677857],[-116.718351,43.678378],[-116.718349,43.678531],[-116.718125,43.702152],[-116.723131,43.702118],[-116.722767,43.726169],[-116.723887,43.726648],[-116.72372,43.731764],[-116.722636,43.732061],[-116.722619,43.735515],[-116.722595,43.750079],[-116.742559,43.750091],[-116.742674,43.753575],[-116.747619,43.753622],[-116.7477,43.749387],[-116.753165,43.749113],[-116.753114,43.799926]]]}},{"type":"Feature","properties":{"fips":"16000","lea_geoid":"1602340","district_name":"Nampa School District 131","state_fips":"16","state_abbr":"ID","county_name":"","county_fips":"000"},"geometry":{"type":"Polygon","coordinates":[[[-116.712911,43.458881],[-116.702891,43.459019],[-116.672997,43.459112],[-116.673003,43.488122],[-116.672977,43.502692],[-116.673029,43.517203],[-116.648095,43.517381],[-116.64305,43.517389],[-116.642463,43.519049],[-116.643007,43.527861],[-116.643062,43.536921],[-116.643062,43.539186],[-116.64888,43.539173],[-116.652868,43.539136],[-116.652841,43.540965],[-116.652719,43.545976],[-116.663943,43.545883],[-116.688243,43.54554],[-116.692836,43.545632],[-116.692646,43.559258],[-116.692446,43.585547],[-116.692719,43.589678],[-116.692055,43.589688],[-116.685533,43.589826],[-116.684307,43.589687],[-116.679132,43.589754],[-116.676799,43.589793],[-116.672941,43.589851],[-116.670672,43.589874],[-116.667958,43.589918],[-116.652931,43.590107],[-116.648676,43.590169],[-116.646075,43.590197],[-116.642954,43.590239],[-116.637934,43.590318],[-116.632929,43.590365],[-116.628792,43.590389],[-116.627975,43.59039],[-116.622996,43.590403],[-116.618078,43.590427],[-116.615579,43.590428],[-116.615143,43.590428],[-116.613135,43.590437],[-116.610806,43.59044],[-116.606909,43.590426],[-116.60567,43.590423],[-116.60228,43.59043],[-116.600664,43.590433],[-116.598656,43.590427],[-116.593194,43.590439],[-116.59315,43.597725],[-116.593124,43.602882],[-116.593111,43.603251],[-116.593115,43.603527],[-116.593111,43.604988],[-116.589522,43.604975],[-116.585639,43.604976],[-116.583168,43.604972],[-116.573113,43.605048],[-116.573137,43.619618],[-116.573137,43.620415],[-116.573149,43.623223],[-116.573185,43.629524],[-116.573206,43.634135],[-116.568234,43.634128],[-116.568235,43.634264],[-116.559409,43.634312],[-116.554495,43.634285],[-116.554493,43.634143],[-116.553197,43.634149],[-116.553216,43.631949],[-116.553161,43.621884],[-116.553156,43.619596],[-116.553177,43.618572],[-116.553198,43.61663],[-116.553154,43.613388],[-116.553146,43.612329],[-116.553125,43.605056],[-116.543178,43.605026],[-116.542538,43.604739],[-116.541629,43.605219],[-116.533667,43.604683],[-116.522148,43.604699],[-116.513149,43.605033],[-116.493524,43.604972],[-116.493533,43.60412],[-116.493568,43.6027],[-116.493567,43.599372],[-116.493565,43.598937],[-116.493557,43.597702],[-116.48146,43.597525],[-116.480059,43.597662],[-116.477308,43.597634],[-116.473532,43.597618],[-116.47353,43.597204],[-116.473458,43.586761],[-116.473493,43.58303],[-116.488631,43.58322],[-116.488586,43.575924],[-116.488673,43.575924],[-116.488683,43.570482],[-116.493709,43.570517],[-116.493706,43.561381],[-116.473664,43.56124],[-116.473616,43.546699],[-116.473611,43.532858],[-116.473603,43.529693],[-116.473546,43.517554],[-116.493402,43.517649],[-116.493773,43.510462],[-116.51298,43.510075],[-116.523113,43.510063],[-116.523066,43.50286],[-116.533076,43.502824],[-116.533116,43.495616],[-116.553059,43.495576],[-116.553073,43.488313],[-116.553238,43.473837],[-116.563223,43.473869],[-116.563277,43.459348],[-116.573207,43.459363],[-116.573205,43.452044],[-116.573206,43.442149],[-116.573228,43.428857],[-116.673016,43.429654],[-116.712911,43.430204],[-116.712911,43.458881]]]}},{"type":"Feature","properties":{"fips":"16000","lea_geoid":"1601500","district_name":"Horseshoe Bend School District 73","state_fips":"16","state_abbr":"ID","county_name":"","county_fips":"000"},"geometry":{"type":"Polygon","coordinates":[[[-116.274022,43.80736],[-116.273402,43.893551],[-116.273561,43.910907],[-116.273342,44.109032],[-116.27281,44.109205],[-116.255549,44.109236],[-116.25549,44.123613],[-116.236134,44.123637],[-116.235608,44.14044],[-116.235806,44.151369],[-116.216485,44.151357],[-116.215663,44.065777],[-116.195627,44.065921],[-116.195495,44.051727],[-116.155743,44.051633],[-116.155512,44.037279],[-116.133706,44.037392],[-116.131027,44.04238],[-116.130422,44.044122],[-116.130445,44.04551],[-116.132834,44.050406],[-116.131868,44.053978],[-116.127105,44.057713],[-116.122465,44.063289],[-116.12069,44.068338],[-116.119494,44.069689],[-116.119461,44.072836],[-116.122622,44.07823],[-116.122123,44.080725],[-116.118729,44.084029],[-116.115636,44.08427],[-116.112253,44.088352],[-116.112051,44.088987],[-116.110259,44.089907],[-116.106437,44.089981],[-116.102969,44.092092],[-116.102354,44.094314],[-116.100465,44.096219],[-116.100228,44.098677],[-116.099263,44.09956],[-116.09635,44.099934],[-116.094762,44.103187],[-116.096,44.107143],[-116.101162,44.109312],[-116.099907,44.109505],[-116.038394,44.109132],[-116.038328,44.092298],[-116.037943,43.979802],[-116.038002,43.906287],[-116.038352,43.905164],[-116.037962,43.903235],[-116.037796,43.877576],[-116.038016,43.857704],[-116.037598,43.844798],[-116.038239,43.833669],[-116.038433,43.833569],[-116.038236,43.807429],[-116.035263,43.807436],[-116.035203,43.771151],[-116.035197,43.725645],[-116.034157,43.717826],[-116.035163,43.715437],[-116.035174,43.707803],[-116.03514,43.70455],[-116.035827,43.704533],[-116.097145,43.704852],[-116.141328,43.705027],[-116.153434,43.713909],[-116.153213,43.728087],[-116.152867,43.733578],[-116.154037,43.763018],[-116.193557,43.763532],[-116.193709,43.778105],[-116.241816,43.778262],[-116.24872,43.783219],[-116.263384,43.793792],[-116.282019,43.807365],[-116.274022,43.80736]]]}},{"type":"Feature","properties":{"fips":"16000","lea_geoid":"1602060","district_name":"Meadows Valley School District 11","state_fips":"16","state_abbr":"ID","county_name":"","county_fips":"000"},"geometry":{"type":"Polygon","coordinates":[[[-116.724205,45.171501],[-116.709536,45.203015],[-116.708546,45.207356],[-116.70975,45.217243],[-116.708003,45.222317],[-116.704217,45.227972],[-116.703181,45.2408],[-116.698661,45.245552],[-116.695619,45.255353],[-116.687174152113,45.2676428484611],[-116.686632,45.267614],[-116.425689,45.267823],[-116.392924,45.267843],[-116.39323,45.167327],[-116.392977,45.167079],[-116.336013,45.166949],[-116.331663,45.166572],[-116.327031,45.166783],[-116.302576,45.166504],[-116.300865,45.161086],[-116.299619,45.159753],[-116.298126,45.15389],[-116.299398,45.153075],[-116.299466,45.151681],[-116.297315,45.14999],[-116.296227,45.148195],[-116.292044,45.147597],[-116.289765,45.148153],[-116.287509,45.14693],[-116.287179,45.144997],[-116.288189,45.143003],[-116.286339,45.139454],[-116.283087,45.13722],[-116.282563,45.134679],[-116.284139,45.133684],[-116.284124,45.130902],[-116.285969,45.128732],[-116.292166,45.125483],[-116.295004,45.124541],[-116.296025,45.123584],[-116.299335,45.123125],[-116.301169,45.121787],[-116.30192,45.120155],[-116.304153,45.119164],[-116.303876,45.11698],[-116.304955,45.115418],[-116.302751,45.112815],[-116.30213,45.111256],[-116.305109,45.111063],[-116.30475,45.108793],[-116.270268,45.108723],[-116.149394,45.107984],[-116.144386,45.107651],[-116.144515,45.106111],[-116.14058,45.102004],[-116.139492,45.099676],[-116.140908,45.096084],[-116.140889,45.093366],[-116.142246,45.09091],[-116.142128,45.088733],[-116.13913,45.086851],[-116.14132,45.082081],[-116.141393,45.080507],[-116.140115,45.078323],[-116.137504,45.077195],[-116.134309,45.07863],[-116.1316,45.077896],[-116.130765,45.076426],[-116.128967,45.075306],[-116.12493,45.075492],[-116.117927,45.075149],[-116.112722,45.074454],[-116.110541,45.073523],[-116.103761,45.071824],[-116.102061,45.070915],[-116.101137,45.068841],[-116.097198,45.069125],[-116.095165,45.067317],[-116.09225,45.066668],[-116.09171,45.065441],[-116.089118,45.063617],[-116.090253,45.061964],[-116.093199,45.060595],[-116.094331,45.059059],[-116.093978,45.057679],[-116.095433,45.056363],[-116.094365,45.053777],[-116.095026,45.053428],[-116.098492,45.054169],[-116.101295,45.052153],[-116.10573,45.052224],[-116.106649,45.051445],[-116.103459,45.049207],[-116.101181,45.046617],[-116.102913,45.045379],[-116.101669,45.04119],[-116.102789,45.040451],[-116.102109,45.038834],[-116.102199,45.036301],[-116.104294,45.03446],[-116.104704,45.030778],[-116.106943,45.029373],[-116.108608,45.029131],[-116.111951,45.031304],[-116.113269,45.030781],[-116.114447,45.026214],[-116.112475,45.02348],[-116.114917,45.021894],[-116.117549,45.021077],[-116.122723,45.021101],[-116.12711,45.021702],[-116.128595,45.020933],[-116.127527,45.017452],[-116.128019,45.014923],[-116.129754,45.013431],[-116.132328,45.009814],[-116.134266,45.008142],[-116.134981,45.000791],[-116.133305,44.998418],[-116.130707,44.997117],[-116.127584,44.993801],[-116.127881,44.99088],[-116.127689,44.98691],[-116.126897,44.98601],[-116.125831,44.986588],[-116.124274,44.986344],[-116.119871,44.984597],[-116.120141,44.983387],[-116.118384,44.980053],[-116.11599,44.978349],[-116.11583,44.977289],[-116.112956,44.975969],[-116.112696,44.973253],[-116.114165,44.971703],[-116.115736,44.968665],[-116.115127,44.965695],[-116.115386,44.961947],[-116.11692,44.960389],[-116.119489,44.959448],[-116.119522,44.958053],[-116.123143,44.954827],[-116.121864,44.952924],[-116.12316,44.950467],[-116.124341,44.949525],[-116.130684,44.941914],[-116.134324,44.940557],[-116.137704,44.941066],[-116.142727,44.940615],[-116.144212,44.942272],[-116.147165,44.943218],[-116.15246,44.943208],[-116.154957,44.944189],[-116.155545,44.942101],[-116.153358,44.937587],[-116.154409,44.936378],[-116.155964,44.936713],[-116.158148,44.935191],[-116.157858,44.93429],[-116.168096,44.934133],[-116.168128,44.948613],[-116.177273,44.948727],[-116.178472,44.948461],[-116.178357,44.91929],[-116.16714,44.919286],[-116.158971,44.919751],[-116.158995,44.919501],[-116.158776,44.91462],[-116.160025,44.910076],[-116.160019,44.906944],[-116.160952,44.904842],[-116.160787,44.90079],[-116.161903,44.901813],[-116.164106,44.901632],[-116.165941,44.900739],[-116.172515,44.901462],[-116.17403,44.893935],[-116.17309,44.892893],[-116.173865,44.890368],[-116.271857,44.890678],[-116.351436,44.890024],[-116.351125,44.919169],[-116.376789,44.91888],[-116.383371,44.919046],[-116.392524,44.919062],[-116.474558,44.918694],[-116.474168,44.932293],[-116.474702,44.962132],[-116.515291,44.961995],[-116.515428,44.962221],[-116.515515,44.999069],[-116.51523,44.999547],[-116.515443,45.006848],[-116.515113,45.019265],[-116.514833,45.022279],[-116.514941,45.06506],[-116.514906,45.106899],[-116.505301,45.106816],[-116.460493,45.106983],[-116.392883,45.107197],[-116.393067,45.145216],[-116.392838,45.147644],[-116.393058,45.165305],[-116.488653,45.165299],[-116.546316,45.164549],[-116.551055,45.164746],[-116.6542,45.165197],[-116.724192007616,45.164945960344],[-116.724205,45.171501]]]}},{"type":"Feature","properties":{"fips":"16000","lea_geoid":"1600900","district_name":"Dietrich School District 314","state_fips":"16","state_abbr":"ID","county_name":"","county_fips":"000"},"geometry":{"type":"Polygon","coordinates":[[[-114.326402,42.851049],[-114.315414,42.851278],[-114.315749,42.923119],[-114.311437,42.922943],[-114.295101,42.922948],[-114.295162,42.93381],[-114.29497,42.938051],[-114.292339,42.938325],[-114.25573,42.938299],[-114.253662,42.938394],[-114.25367,42.937533],[-114.175465,42.937305],[-114.169335,42.937569],[-114.153542,42.937182],[-114.144731,42.937446],[-114.052942,42.937586],[-114.052603,42.886916],[-114.052294,42.850556],[-114.04726,42.850393],[-114.035041,42.850342],[-114.035033,42.848545],[-114.030019,42.848491],[-114.030062,42.833974],[-114.025086,42.833969],[-114.02511,42.837551],[-114.005539,42.837606],[-114.005466,42.83042],[-114.001011,42.83036],[-114.001015,42.826866],[-113.990704,42.826921],[-113.990685,42.841204],[-114.000633,42.841352],[-114.000623,42.850289],[-113.998678,42.850321],[-113.99859,42.861193],[-114.008413,42.861259],[-114.008486,42.857251],[-114.010524,42.857543],[-114.015301,42.85743],[-114.015273,42.885289],[-114.015309,42.893464],[-113.978828,42.893417],[-113.978816,42.897294],[-113.973892,42.897226],[-113.97325,42.893429],[-113.964725,42.893444],[-113.953764,42.89348],[-113.953687,42.850082],[-113.971282,42.850208],[-113.970996,42.823042],[-113.971061,42.801935],[-113.971168,42.801088],[-113.971166,42.765072],[-114.027167,42.765017],[-114.027723,42.808269],[-114.024239,42.808263],[-114.024261,42.81155],[-114.020259,42.811522],[-114.020277,42.808015],[-113.990719,42.807707],[-113.990721,42.81532],[-114.019756,42.815283],[-114.019751,42.822799],[-114.040112,42.822956],[-114.040112,42.837426],[-114.089137,42.837556],[-114.089137,42.850389],[-114.155132,42.850714],[-114.167092,42.850455],[-114.167181,42.823797],[-114.32605,42.82377],[-114.326402,42.851049]]]}},{"type":"Feature","properties":{"fips":"16000","lea_geoid":"1600930","district_name":"Bonneville Joint School District 93","state_fips":"16","state_abbr":"ID","county_name":"","county_fips":"000"},"geometry":{"type":"Polygon","coordinates":[[[-112.083011,43.626157],[-112.073946,43.626276],[-112.072016,43.626106],[-112.068862,43.626321],[-112.066724,43.626344],[-112.064219,43.626387],[-112.059483,43.626194],[-111.983643,43.626346],[-111.942287,43.626525],[-111.923746,43.626595],[-111.904,43.626646],[-111.884044,43.626707],[-111.833911,43.626846],[-111.834295,43.614516],[-111.83518,43.608716],[-111.834407,43.607724],[-111.834018,43.594898],[-111.83404,43.583526],[-111.82426,43.58354],[-111.824352,43.56911],[-111.804532,43.569003],[-111.803743,43.568947],[-111.675893,43.568737],[-111.675985,43.547099],[-111.665956,43.547064],[-111.666018,43.539877],[-111.661033,43.539875],[-111.660886,43.554083],[-111.665853,43.554018],[-111.665644,43.56855],[-111.66148,43.568573],[-111.65838,43.568732],[-111.565323,43.568949],[-111.566126,43.465674],[-111.566527,43.399283],[-111.567227,43.366243],[-111.58701,43.366325],[-111.587286,43.345127],[-111.58697,43.341512],[-111.588049,43.281841],[-111.705813,43.28195],[-111.705676,43.195643],[-111.822646,43.195192],[-111.822494,43.282286],[-111.822475,43.366035],[-111.850508,43.366169],[-111.945775,43.366306],[-111.944799,43.368732],[-111.944697,43.373709],[-111.944464,43.395632],[-111.959075,43.395564],[-111.964189,43.395401],[-111.964123,43.406322],[-111.963952,43.406659],[-111.964136,43.4074],[-111.964126,43.412776],[-111.964072,43.415303],[-111.964065,43.420884],[-111.96013,43.420901],[-111.958995,43.427984],[-111.964069,43.428111],[-111.964043,43.438853],[-111.964034,43.442155],[-111.964036,43.442988],[-111.964013,43.446016],[-111.96401,43.446112],[-111.973941,43.446123],[-111.983878,43.446134],[-111.983916,43.453383],[-111.98827,43.453369],[-111.991217,43.453374],[-112.003759,43.453452],[-112.003854,43.455536],[-112.004058,43.460875],[-112.003771,43.460857],[-112.003789,43.46811],[-111.9941,43.467996],[-111.994127,43.481255],[-111.993977,43.482369],[-111.993986,43.483753],[-111.993627,43.484662],[-111.993461,43.488426],[-111.994113,43.490044],[-111.994279,43.493064],[-111.99429,43.496779],[-111.999138,43.496819],[-112.003954,43.496858],[-112.004062,43.496859],[-112.003797,43.499257],[-112.003766,43.500422],[-112.003781,43.511295],[-112.003815,43.518484],[-112.003732,43.519365],[-112.00373,43.520353],[-112.0037,43.525954],[-112.01382,43.526023],[-112.020848,43.525868],[-112.023382,43.525844],[-112.023631,43.525878],[-112.023657,43.527183],[-112.023515,43.527257],[-112.023806,43.5506],[-112.023808,43.553539],[-112.023784,43.568344],[-112.042539,43.567886],[-112.046066,43.567912],[-112.04626,43.57048],[-112.049105,43.576101],[-112.052894,43.580772],[-112.055974,43.58524],[-112.057031,43.589175],[-112.054681,43.592092],[-112.051618,43.592643],[-112.05074,43.593686],[-112.050838,43.594361],[-112.052416,43.596408],[-112.054458,43.597976],[-112.056033,43.599306],[-112.057166,43.601376],[-112.056796,43.602814],[-112.056811,43.604663],[-112.055866,43.607391],[-112.054915,43.608104],[-112.05388,43.609663],[-112.053683,43.611353],[-112.054257,43.61151],[-112.061698,43.611554],[-112.083026,43.611629],[-112.083011,43.626157]]]}},{"type":"Feature","properties":{"fips":"16000","lea_geoid":"1603120","district_name":"Swan Valley Elementary School District 92","state_fips":"16","state_abbr":"ID","county_name":"","county_fips":"000"},"geometry":{"type":"Polygon","coordinates":[[[-111.589719,43.194596],[-111.588469,43.194605],[-111.588049,43.281841],[-111.58697,43.341512],[-111.587286,43.345127],[-111.58701,43.366325],[-111.567227,43.366243],[-111.566527,43.399283],[-111.566126,43.465674],[-111.488954,43.466411],[-111.488954,43.494851],[-111.487824,43.49544],[-111.428309,43.495872],[-111.428406,43.501927],[-111.431726,43.503914],[-111.433202,43.505526],[-111.432223,43.508429],[-111.434824,43.515844],[-111.438379,43.519716],[-111.436531,43.522366],[-111.434822,43.523584],[-111.431084,43.523967],[-111.430229,43.525195],[-111.43437,43.532168],[-111.435263,43.532813],[-111.435846,43.534963],[-111.435085,43.536828],[-111.432182,43.539679],[-111.424457,43.541516],[-111.423708,43.541946],[-111.423564,43.544418],[-111.42589,43.548012],[-111.427706,43.549363],[-111.430957,43.553018],[-111.43436,43.558071],[-111.436872,43.560758],[-111.440727,43.562909],[-111.443536,43.563662],[-111.44694,43.565489],[-111.448711,43.568617],[-111.447378,43.571197],[-111.442298,43.574393],[-111.441904,43.576248],[-111.445308,43.578829],[-111.447382,43.579485],[-111.458007,43.58077],[-111.458113,43.581588],[-111.461838,43.582344],[-111.464675,43.581389],[-111.468525,43.580894],[-111.468449,43.594825],[-111.468858,43.596592],[-111.468574,43.62198],[-111.399765,43.621976],[-111.264164,43.621897],[-111.243839,43.621853],[-111.243052,43.620584],[-111.237809,43.616493],[-111.236906,43.614303],[-111.233531,43.612612],[-111.232423,43.610764],[-111.226081,43.606378],[-111.22545,43.603134],[-111.227501,43.599983],[-111.223157,43.596642],[-111.22635,43.590155],[-111.224495,43.586847],[-111.22291,43.585554],[-111.222139,43.581454],[-111.220278,43.580161],[-111.220067,43.578711],[-111.217854,43.575019],[-111.215238,43.573827],[-111.21688,43.569869],[-111.217969,43.568725],[-111.215279,43.565831],[-111.214781,43.561136],[-111.215328,43.560086],[-111.218138,43.558334],[-111.217103,43.55708],[-111.214695,43.55609],[-111.212412,43.551497],[-111.211172,43.550347],[-111.208558,43.549555],[-111.20924,43.548104],[-111.207561,43.543857],[-111.202624,43.541525],[-111.201441,43.540471],[-111.198841,43.539731],[-111.195006,43.53964],[-111.191219,43.540293],[-111.190393,43.539745],[-111.184147,43.540854],[-111.1825,43.541509],[-111.176526,43.541969],[-111.175018,43.543016],[-111.174542,43.544615],[-111.171973,43.547043],[-111.168225,43.545524],[-111.16671,43.544081],[-111.164923,43.543481],[-111.163276,43.544235],[-111.161097,43.5431],[-111.156197,43.542246],[-111.155099,43.542747],[-111.152625,43.542098],[-111.148646,43.544102],[-111.145832,43.544956],[-111.143501,43.546657],[-111.141851,43.546163],[-111.14109,43.543666],[-111.138337,43.541067],[-111.13146,43.53678],[-111.128224,43.533488],[-111.125812,43.53184],[-111.121832,43.530596],[-111.118883,43.531052],[-111.11352,43.529006],[-111.111874,43.526996],[-111.107676,43.525014],[-111.103897,43.52382],[-111.099293,43.523375],[-111.097857,43.524622],[-111.095125,43.523351],[-111.090993,43.522624],[-111.089608,43.521734],[-111.085901,43.521426],[-111.083641,43.522585],[-111.082061,43.522289],[-111.080936,43.523389],[-111.0776,43.523638],[-111.076359,43.525093],[-111.07321,43.527391],[-111.067784,43.526143],[-111.067027,43.524649],[-111.061798,43.519951],[-111.059675,43.519304],[-111.055831,43.519504],[-111.056241,43.517658],[-111.057955,43.515109],[-111.059013,43.510737],[-111.056781,43.507965],[-111.05289,43.506976],[-111.050463,43.504168],[-111.048333,43.502422],[-111.045204743411,43.5010518507229],[-111.044617,43.31572],[-111.044244644313,43.2004231324028],[-111.044229,43.195579],[-111.044168,43.189244],[-111.044232,43.18444],[-111.044266,43.177236],[-111.044235,43.177121],[-111.044234476435,43.1765248362321],[-111.044232343232,43.1740958363491],[-111.044143,43.072364],[-111.044162,43.068222],[-111.04415,43.066172],[-111.044117,43.060309],[-111.044086,43.054819],[-111.044063,43.046302],[-111.044058,43.04464],[-111.044056181259,43.0445438452537],[-111.043997,43.041415],[-111.044094,43.02927],[-111.044033,43.026411],[-111.044034,43.024844],[-111.044034,43.024581],[-111.044206,43.022614],[-111.044142896217,43.019408],[-111.235412,43.019525],[-111.235399,43.020541],[-111.235421,43.020717],[-111.234907,43.188985],[-111.234428,43.190188],[-111.234343,43.19328],[-111.356409,43.193879],[-111.36269,43.193632],[-111.375782,43.193995],[-111.436012,43.19422],[-111.44317,43.193637],[-111.450961,43.194295],[-111.469345,43.194339],[-111.470145,43.178881],[-111.470569,43.020418],[-111.589489,43.020052],[-111.589719,43.194596]]]}},{"type":"Feature","properties":{"fips":"16000","lea_geoid":"1601860","district_name":"Lewiston Independent School District 340","state_fips":"16","state_abbr":"ID","county_name":"","county_fips":"000"},"geometry":{"type":"Polygon","coordinates":[[[-117.062785,46.365287],[-117.061276235732,46.3674200805168],[-117.061045,46.367747],[-117.057516,46.371396],[-117.053054705811,46.3746947622074],[-117.051775,46.375641],[-117.049474,46.37682],[-117.046915,46.379577],[-117.04195,46.39216],[-117.041737,46.395195],[-117.041498143178,46.3959447546272],[-117.041467053077,46.396042344249],[-117.040655446285,46.3985899204163],[-117.038282,46.40604],[-117.036455,46.407792],[-117.036207567367,46.4083956268628],[-117.035545,46.410012],[-117.034696,46.418318],[-117.035626149492,46.420450464912],[-117.035662610759,46.4205340561768],[-117.036562,46.422596],[-117.039652504359,46.4252853376908],[-117.039813,46.425425],[-117.03981207463,46.4259041232579],[-117.039795043764,46.4347220908595],[-117.039757254669,46.4542879193738],[-117.039752110714,46.4569512737151],[-116.996496,46.456956],[-116.991285,46.457107],[-116.991285,46.477729],[-116.989904,46.477943],[-116.91196,46.477793],[-116.912061,46.463877],[-116.912084,46.434553],[-116.912222,46.433301],[-116.911628,46.433061],[-116.907796,46.435111],[-116.904531,46.435809],[-116.899569,46.437467],[-116.896762,46.438822],[-116.889543,46.443839],[-116.883093,46.447023],[-116.878887,46.448043],[-116.878382,46.445432],[-116.878865,46.445183],[-116.878865,46.444977],[-116.878436,46.444794],[-116.878261,46.444763],[-116.878224,46.44457],[-116.877336,46.444263],[-116.876844,46.443807],[-116.876569,46.437693],[-116.874832,46.430408],[-116.869377,46.398469],[-116.864872,46.372804],[-116.859175,46.341398],[-116.854664,46.325961],[-116.842506,46.241917],[-116.832819,46.242194],[-116.832939,46.238488],[-116.834183,46.220598],[-116.832401,46.219675],[-116.832333,46.211423],[-116.806772,46.206804],[-116.807557,46.180479],[-116.875635,46.180293],[-116.875658,46.194811],[-116.954814816088,46.194916],[-116.962966,46.19968],[-116.965841,46.203417],[-116.966569,46.207501],[-116.96613,46.209453],[-116.959428,46.219812],[-116.956031,46.225976],[-116.955264,46.23088],[-116.958801,46.24232],[-116.964379,46.253282],[-116.966742,46.256923],[-116.970298,46.261233],[-116.972591,46.263271],[-116.976054,46.26601],[-116.987391,46.272865],[-116.991134,46.276342],[-116.991422,46.278467],[-116.990894,46.280372],[-116.98491,46.289738],[-116.98463,46.292705],[-116.986688,46.296662],[-116.989794,46.299395],[-116.99726,46.303151],[-117.007486,46.305302],[-117.016413,46.311236],[-117.020663,46.314793],[-117.022293,46.31747],[-117.022939,46.320175],[-117.023424,46.326427],[-117.022706,46.32899],[-117.023139403272,46.3346340259],[-117.023149,46.334759],[-117.023844,46.335976],[-117.027744,46.338751],[-117.030672,46.340315],[-117.03445,46.34132],[-117.045469,46.34249],[-117.051735,46.343833],[-117.053685370092,46.3446125970848],[-117.055983,46.345531],[-117.059465425765,46.3481015024078],[-117.059982793868,46.3484833902193],[-117.060703,46.349015],[-117.06263,46.352522],[-117.062748,46.353624],[-117.062785,46.365287]]]}},{"type":"Feature","properties":{"fips":"16000","lea_geoid":"1602940","district_name":"Shoshone Joint School District 312","state_fips":"16","state_abbr":"ID","county_name":"","county_fips":"000"},"geometry":{"type":"Polygon","coordinates":[[[-114.594504,42.981702],[-114.546018,42.981336],[-114.545201,42.991164],[-114.545197,43.003748],[-114.540028,43.003775],[-114.540255,43.011098],[-114.546356,43.011041],[-114.545423,43.083013],[-114.544675,43.09026],[-114.545677,43.110171],[-114.545003,43.130299],[-114.545511,43.141163],[-114.545147,43.147239],[-114.545028,43.198199],[-114.494911,43.198365],[-114.494894,43.199689],[-114.374962,43.19964],[-114.332082,43.199728],[-114.257249,43.200113],[-114.25717,43.163213],[-114.292219,43.163602],[-114.291819,43.156568],[-114.292044,43.148856],[-114.292037,43.054828],[-114.296521,43.054645],[-114.295191,42.995638],[-114.29575,42.982031],[-114.26732,42.981914],[-114.255831,42.982028],[-114.195045,42.982153],[-114.195332,42.986034],[-114.195344,43.025764],[-114.016985,43.027148],[-114.016115,43.024776],[-113.973144,43.024658],[-113.973154,43.002341],[-113.97355,42.995812],[-113.973205,42.985317],[-113.973131,42.965784],[-113.972928,42.965104],[-113.973212,42.962226],[-113.973697,42.93721],[-113.954051,42.937122],[-113.953756,42.894],[-113.953764,42.89348],[-113.964725,42.893444],[-113.97325,42.893429],[-113.973892,42.897226],[-113.978816,42.897294],[-113.978828,42.893417],[-114.015309,42.893464],[-114.015273,42.885289],[-114.015301,42.85743],[-114.010524,42.857543],[-114.008486,42.857251],[-114.008413,42.861259],[-113.99859,42.861193],[-113.998678,42.850321],[-114.000623,42.850289],[-114.000633,42.841352],[-113.990685,42.841204],[-113.990704,42.826921],[-114.001015,42.826866],[-114.001011,42.83036],[-114.005466,42.83042],[-114.005539,42.837606],[-114.02511,42.837551],[-114.025086,42.833969],[-114.030062,42.833974],[-114.030019,42.848491],[-114.035033,42.848545],[-114.035041,42.850342],[-114.04726,42.850393],[-114.052294,42.850556],[-114.052603,42.886916],[-114.052942,42.937586],[-114.144731,42.937446],[-114.153542,42.937182],[-114.169335,42.937569],[-114.175465,42.937305],[-114.25367,42.937533],[-114.253662,42.938394],[-114.25573,42.938299],[-114.292339,42.938325],[-114.29497,42.938051],[-114.295162,42.93381],[-114.295101,42.922948],[-114.311437,42.922943],[-114.315749,42.923119],[-114.315414,42.851278],[-114.326402,42.851049],[-114.32605,42.82377],[-114.167181,42.823797],[-114.167092,42.850455],[-114.155132,42.850714],[-114.089137,42.850389],[-114.089137,42.837556],[-114.040112,42.837426],[-114.040112,42.822956],[-114.019751,42.822799],[-114.019756,42.815283],[-113.990721,42.81532],[-113.990719,42.807707],[-114.020277,42.808015],[-114.020259,42.811522],[-114.024261,42.81155],[-114.024239,42.808263],[-114.027723,42.808269],[-114.027167,42.765017],[-114.049961,42.765006],[-114.100037,42.765462],[-114.102016,42.765636],[-114.345312,42.76591],[-114.345714,42.773012],[-114.345659,42.809055],[-114.345652,42.823562],[-114.346451,42.850853],[-114.365366,42.85079],[-114.433455,42.850734],[-114.439287,42.850732],[-114.441306,42.85057],[-114.444426,42.850813],[-114.594375,42.850901],[-114.594504,42.981702]],[[-114.525992,42.93823],[-114.496254,42.937965],[-114.495813,42.952535],[-114.495806,42.952774],[-114.525919,42.958012],[-114.525992,42.93823]]]}},{"type":"Feature","properties":{"fips":"16000","lea_geoid":"1601570","district_name":"Jefferson County Joint School District 251","state_fips":"16","state_abbr":"ID","county_name":"","county_fips":"000"},"geometry":{"type":"Polygon","coordinates":[[[-112.46244,43.644531],[-112.461583,43.682805],[-112.460997,43.734818],[-112.461797,43.758229],[-112.350358,43.75834],[-112.284781,43.758406],[-112.26514,43.75681],[-112.223157,43.756633],[-112.22267,43.797478],[-112.217208,43.797417],[-112.21735,43.812113],[-112.185318,43.812249],[-112.195238,43.830722],[-112.183562,43.829601],[-112.172126,43.829054],[-112.138713,43.827533],[-112.135077,43.827261],[-112.127176,43.826306],[-112.122846,43.826495],[-112.114943,43.827285],[-112.106494,43.827387],[-112.102819,43.827049],[-112.08711,43.824883],[-112.084754,43.824818],[-112.062496,43.824837],[-112.054364,43.824053],[-112.051215,43.823938],[-112.023348,43.825617],[-112.014971,43.826422],[-111.991649,43.826928],[-111.977336,43.826827],[-111.977469,43.797235],[-111.960408,43.797317],[-111.960601,43.787849],[-111.965183,43.787984],[-111.965314,43.783374],[-111.972289,43.783528],[-111.972476,43.780152],[-111.983424,43.780177],[-111.983527,43.753806],[-111.982637,43.753443],[-111.980054,43.752295],[-111.973881,43.750677],[-111.971542,43.748315],[-111.969628,43.74776],[-111.967005,43.748165],[-111.959314,43.752182],[-111.954637,43.751506],[-111.953101,43.749992],[-111.950139,43.749733],[-111.946802,43.750715],[-111.945657,43.753106],[-111.945568,43.755822],[-111.947239,43.757257],[-111.946658,43.758293],[-111.94386,43.758291],[-111.941134,43.758096],[-111.93872,43.760427],[-111.938429,43.761643],[-111.934357,43.76616],[-111.929901,43.767097],[-111.926926,43.766027],[-111.926273,43.76208],[-111.923777,43.759795],[-111.922748,43.759389],[-111.919279,43.756086],[-111.916636,43.755202],[-111.915333,43.755973],[-111.915567,43.758398],[-111.913021,43.759517],[-111.910325,43.759493],[-111.908234,43.760316],[-111.906642,43.759329],[-111.903542,43.754307],[-111.900874,43.752053],[-111.902545,43.749214],[-111.902054,43.74717],[-111.898817,43.746101],[-111.889392,43.744221],[-111.887409,43.74352],[-111.885261,43.74044],[-111.881246,43.739994],[-111.878316,43.737302],[-111.873152,43.737008],[-111.873292,43.735242],[-111.871015,43.732351],[-111.868911,43.731125],[-111.867502,43.73024],[-111.865901,43.728196],[-111.862046,43.721792],[-111.859289,43.72101],[-111.858078,43.718603],[-111.854582,43.717993],[-111.850519,43.718738],[-111.847695,43.718804],[-111.843542,43.717742],[-111.841802,43.715467],[-111.83923,43.713862],[-111.837249,43.713979],[-111.834176,43.715051],[-111.83098,43.71669],[-111.830061,43.716742],[-111.82887,43.716134],[-111.828878,43.711605],[-111.825044,43.709462],[-111.821998,43.708368],[-111.820599,43.706951],[-111.820299,43.704238],[-111.814648,43.703968],[-111.813932,43.703285],[-111.810949,43.702401],[-111.804777,43.702584],[-111.800562,43.696657],[-111.796527,43.694542],[-111.794136,43.692461],[-111.794057,43.691417],[-111.791004,43.689008],[-111.78914,43.687017],[-111.785411,43.686142],[-111.785079,43.684608],[-111.785042,43.684489],[-111.784831,43.682643],[-111.784806,43.673793],[-111.804273,43.673864],[-111.804313,43.672038],[-111.804372,43.666526],[-111.79878,43.666616],[-111.798866,43.670206],[-111.789767,43.670211],[-111.789686,43.66313],[-111.794049,43.663256],[-111.794136,43.648492],[-111.804338,43.648521],[-111.804405,43.655842],[-111.814375,43.655819],[-111.814241,43.633714],[-111.815034,43.626868],[-111.833911,43.626846],[-111.884044,43.626707],[-111.904,43.626646],[-111.923746,43.626595],[-111.942287,43.626525],[-111.983643,43.626346],[-112.059483,43.626194],[-112.064219,43.626387],[-112.066724,43.626344],[-112.068862,43.626321],[-112.072016,43.626106],[-112.073946,43.626276],[-112.083011,43.626157],[-112.167392,43.626511],[-112.167733,43.6266],[-112.221904,43.626459],[-112.261818,43.626418],[-112.26188,43.626388],[-112.462731,43.626336],[-112.46244,43.644531]]]}},{"type":"Feature","properties":{"fips":"16000","lea_geoid":"1602430","district_name":"North Gem School District 149","state_fips":"16","state_abbr":"ID","county_name":"","county_fips":"000"},"geometry":{"type":"Polygon","coordinates":[[[-112.149649,42.89809],[-112.148182,42.900761],[-112.147416,42.903511],[-112.144916,42.903968],[-112.138064,42.904122],[-112.136509,42.905785],[-112.133913,42.912678],[-112.134329,42.913552],[-112.13662,42.914429],[-112.140534,42.915159],[-112.142191,42.915963],[-112.143623,42.91766],[-112.142147,42.919863],[-112.136362,42.922622],[-112.135299,42.925122],[-112.132198,42.92785],[-112.132453,42.929009],[-112.130751,42.931683],[-112.130675,42.933957],[-112.12938,42.936631],[-112.12916,42.940447],[-112.127424,42.944498],[-112.124509,42.944698],[-112.122684,42.94386],[-112.120757,42.945182],[-112.11493,42.947664],[-112.109255,42.946949],[-112.107369,42.949201],[-112.104354,42.950383],[-112.102742,42.951641],[-112.099129,42.952063],[-112.092626,42.950792],[-112.087977,42.948653],[-112.082053,42.950425],[-112.082187,42.951414],[-112.084024,42.952981],[-112.083684,42.955256],[-112.085044,42.961157],[-112.086026,42.963899],[-112.087937,42.966281],[-112.086296,42.97095],[-112.088706,42.973477],[-112.085518,42.974881],[-112.082863,42.976662],[-112.078502,42.977734],[-112.07502,42.98028],[-112.069516,42.980079],[-112.068069,42.980534],[-112.063849,42.97988],[-112.062844,42.98038],[-112.05876,42.983398],[-112.057074,42.986187],[-112.052883,42.991044],[-112.051822,42.993448],[-112.052208,42.995093],[-112.054801,42.998207],[-112.053353,43.00045],[-112.058735,43.003588],[-112.057282,43.005285],[-112.055963,43.00797],[-112.058861,43.010908],[-112.060468,43.010668],[-112.062377,43.011787],[-112.062446,43.013968],[-112.060735,43.015393],[-112.062776,43.018692],[-112.065949,43.019392],[-112.064807,43.021471],[-112.063023,43.022364],[-112.022038,43.022355],[-111.947322,43.022384],[-111.947212,43.021012],[-111.94381,43.021],[-111.943838,43.015369],[-111.943831,43.015181],[-111.943839,43.013041],[-111.943815,43.010686],[-111.943814,43.007472],[-111.943902,43.001412],[-111.94362,42.990388],[-111.943722,42.982977],[-111.943726,42.982717],[-111.94378,42.973872],[-111.944087,42.969357],[-111.944517,42.964674],[-111.943802,42.955725],[-111.943856,42.93479],[-111.87362,42.9342],[-111.829327,42.933826],[-111.826235,42.93368],[-111.826345,42.931573],[-111.826089,42.900161],[-111.826125,42.879859],[-111.826436,42.849273],[-111.826657,42.847199],[-111.798521,42.847297],[-111.798782,42.796847],[-111.798602,42.772361],[-111.798891,42.769924],[-111.7984,42.767605],[-111.798239,42.765312],[-111.771711,42.765689],[-111.757358,42.764649],[-111.740056,42.764573],[-111.720363,42.764662],[-111.720673,42.733011],[-111.720844,42.730641],[-111.720225,42.668047],[-111.720345,42.667954],[-111.720345,42.65705],[-111.720345,42.650674],[-111.740064,42.659271],[-111.740105,42.663568],[-111.759605,42.663706],[-111.759597,42.64915],[-111.798388,42.649304],[-111.798625,42.656444],[-111.837917,42.656445],[-111.838039,42.635235],[-111.838137,42.635273],[-111.838114,42.617264],[-111.857988,42.617294],[-111.857976,42.588225],[-111.904273,42.58807],[-111.916385,42.588362],[-111.916946,42.58899],[-111.916927,42.617264],[-111.917594,42.617258],[-111.921837,42.617225],[-111.921924,42.632008],[-111.926903,42.632029],[-111.926874,42.635556],[-111.946466,42.63554],[-111.946381,42.674685],[-111.966081,42.674689],[-111.963761,42.67895],[-111.960469,42.679122],[-111.958584,42.682569],[-111.958763,42.68576],[-111.958098,42.68867],[-111.956824,42.689874],[-111.959452,42.692711],[-111.962132,42.694836],[-111.964779,42.69467],[-111.967767,42.696517],[-111.96898,42.698971],[-111.968342,42.699498],[-111.969536,42.701442],[-111.969431,42.703015],[-111.972102,42.704424],[-111.97115,42.709624],[-111.973872,42.714324],[-111.973373,42.715472],[-111.969449,42.718039],[-112.057274,42.718033],[-112.06153,42.716116],[-112.065162,42.713079],[-112.065255,42.71093],[-112.068117,42.708288],[-112.068588,42.705613],[-112.070128,42.704982],[-112.073547,42.704657],[-112.078056,42.703441],[-112.080153,42.702119],[-112.080454,42.700823],[-112.08493,42.698165],[-112.087943,42.698717],[-112.091452,42.698009],[-112.094656,42.696497],[-112.097177,42.696567],[-112.099391,42.697595],[-112.103516,42.698627],[-112.10588,42.699203],[-112.109042,42.702549],[-112.11002,42.706741],[-112.11165,42.707536],[-112.111753,42.709537],[-112.114859,42.713507],[-112.115612,42.715881],[-112.114298,42.718325],[-112.113831,42.72109],[-112.114292,42.725233],[-112.114986,42.727846],[-112.115906,42.729479],[-112.117228,42.730351],[-112.121095,42.736842],[-112.125688,42.737035],[-112.128188,42.739438],[-112.129282,42.742718],[-112.132,42.746406],[-112.133746,42.747381],[-112.135822,42.750376],[-112.13739,42.751265],[-112.137221,42.7526],[-112.138186,42.755877],[-112.138414,42.759454],[-112.141034,42.763093],[-112.141121,42.764331],[-112.1402,42.76701],[-112.14058,42.770055],[-112.139772,42.771828],[-112.139331,42.774888],[-112.139172,42.77793],[-112.140545,42.781376],[-112.140764,42.783633],[-112.143624,42.78785],[-112.145089,42.790664],[-112.144362,42.791872],[-112.144397,42.794236],[-112.145327,42.796028],[-112.143719,42.796517],[-112.1411,42.798407],[-112.139922,42.804099],[-112.141064,42.806433],[-112.140991,42.808314],[-112.138892,42.810391],[-112.134364,42.809807],[-112.126501,42.810461],[-112.126265,42.811751],[-112.123836,42.813391],[-112.124842,42.814242],[-112.12378,42.817489],[-112.12168,42.819313],[-112.119682,42.819916],[-112.119591,42.82206],[-112.121445,42.824545],[-112.121123,42.828052],[-112.120335,42.831008],[-112.123795,42.8326],[-112.124954,42.835826],[-112.123807,42.837416],[-112.125988,42.839247],[-112.129945,42.839636],[-112.133321,42.843204],[-112.134174,42.845746],[-112.1341,42.847643],[-112.135038,42.849072],[-112.13283,42.850794],[-112.131771,42.852958],[-112.133288,42.854468],[-112.135861,42.855115],[-112.135472,42.856632],[-112.135728,42.861087],[-112.135273,42.861691],[-112.134952,42.866453],[-112.134007,42.868952],[-112.1348,42.870876],[-112.136043,42.871845],[-112.13525,42.873186],[-112.136059,42.876702],[-112.136244,42.879651],[-112.137792,42.881351],[-112.140754,42.887067],[-112.144221,42.888495],[-112.147093,42.892366],[-112.147831,42.89404],[-112.149835,42.895558],[-112.149649,42.89809]]]}},{"type":"Feature","properties":{"fips":"16000","lea_geoid":"1601230","district_name":"Glenns Ferry Joint School District 192","state_fips":"16","state_abbr":"ID","county_name":"","county_fips":"000"},"geometry":{"type":"Polygon","coordinates":[[[-115.65077,42.851001],[-115.638357,42.851008],[-115.638069,42.955743],[-115.634278,42.956117],[-115.625893,42.956236],[-115.622852,42.955698],[-115.620315,42.953838],[-115.616475,42.952525],[-115.613672,42.951005],[-115.61239,42.949724],[-115.611707,42.946596],[-115.608214,42.943329],[-115.606341,42.941132],[-115.60443,42.937697],[-115.603065,42.937271],[-115.59661,42.937603],[-115.590702,42.936611],[-115.58367,42.936661],[-115.581164,42.937192],[-115.577927,42.936921],[-115.570315,42.935651],[-115.56661,42.934498],[-115.56063,42.934684],[-115.5604,42.956226],[-115.560984,42.966492],[-115.560419,42.97223],[-115.560134,42.982938],[-115.555116,42.983308],[-115.559983,42.998726],[-115.560764,43.05366],[-115.561111,43.057952],[-115.559682,43.062981],[-115.559135,43.140767],[-115.512319,43.141078],[-115.500406,43.141157],[-115.5006,43.143584],[-115.49994,43.21571],[-115.501201,43.216215],[-115.501859,43.218257],[-115.504176,43.220377],[-115.503461,43.221737],[-115.505081,43.223484],[-115.509161,43.225972],[-115.510555,43.227976],[-115.509728,43.230297],[-115.50953,43.233019],[-115.512035,43.23521],[-115.514359,43.238537],[-115.514621,43.239887],[-115.515776,43.240799],[-115.516616,43.242621],[-115.517221,43.246326],[-115.516062,43.249394],[-115.514413,43.251135],[-115.511287,43.253126],[-115.508866,43.257192],[-115.508421,43.259782],[-115.506775,43.261692],[-115.506721,43.262636],[-115.505233,43.263831],[-115.506814,43.26741],[-115.505799,43.269342],[-115.505705,43.272926],[-115.504509,43.274709],[-115.501939,43.276096],[-115.499791,43.278316],[-115.49971,43.285101],[-115.474259,43.284706],[-115.473593,43.284896],[-115.443082,43.284518],[-115.440601,43.284426],[-115.44022,43.292002],[-115.440699,43.305941],[-115.440707,43.311764],[-115.440646,43.314959],[-115.431806,43.314968],[-115.393427,43.31504],[-115.374616,43.315061],[-115.333172,43.315184],[-115.300798,43.315247],[-115.285716,43.314628],[-115.273425,43.315212],[-115.145197,43.314193],[-115.145495,43.318675],[-115.145591,43.370127],[-115.086574,43.370329],[-115.086532,43.299263],[-115.086155,43.198064],[-115.08685,42.91467],[-115.093591,42.914034],[-115.097088,42.914327],[-115.103181,42.913156],[-115.109324,42.911049],[-115.112579,42.910332],[-115.11462,42.9106],[-115.119723,42.909011],[-115.122067,42.906773],[-115.125903,42.905192],[-115.126149,42.894302],[-115.053263,42.894332],[-115.037897,42.894518],[-115.037697,42.768414],[-115.454224,42.767936],[-115.454046,42.826732],[-115.600917,42.826105],[-115.649686,42.825889],[-115.650988,42.84852],[-115.65077,42.851001]]]}},{"type":"Feature","properties":{"fips":"16000","lea_geoid":"1601380","district_name":"Hagerman Joint School District 233","state_fips":"16","state_abbr":"ID","county_name":"","county_fips":"000"},"geometry":{"type":"Polygon","coordinates":[[[-114.946466,42.768623],[-114.935189,42.768493],[-114.935826,42.770045],[-114.937898,42.77214],[-114.939821,42.776171],[-114.939922,42.781326],[-114.940529,42.784979],[-114.94038,42.786551],[-114.940981,42.78999],[-114.940816,42.791409],[-114.938474,42.795737],[-114.937666,42.798115],[-114.935586,42.799366],[-114.932507,42.802957],[-114.931386,42.80593],[-114.9316,42.806873],[-114.933546,42.80966],[-114.936215,42.81194],[-114.936678,42.813253],[-114.935507,42.814914],[-114.932667,42.817078],[-114.930463,42.820575],[-114.926486,42.823363],[-114.918936,42.825549],[-114.914366,42.826337],[-114.910954,42.828618],[-114.909962,42.830687],[-114.910561,42.833467],[-114.908189,42.836146],[-114.906548,42.838723],[-114.904868,42.842445],[-114.903188,42.843731],[-114.902151,42.848115],[-114.902445,42.850789],[-114.901751,42.852716],[-114.902292,42.855408],[-114.901425,42.858071],[-114.901636,42.859108],[-114.904719,42.861204],[-114.905454,42.862671],[-114.90471,42.862985],[-114.902165,42.862959],[-114.899663,42.864047],[-114.896012,42.864408],[-114.892858,42.863991],[-114.886044,42.864372],[-114.879979,42.863706],[-114.879352,42.880191],[-114.851058,42.880296],[-114.847073,42.880181],[-114.841514,42.880368],[-114.811074,42.880762],[-114.811262,42.873296],[-114.811306,42.868941],[-114.811593,42.864557],[-114.811505,42.852314],[-114.81108,42.850916],[-114.810767,42.83902],[-114.790295,42.839093],[-114.789989,42.825856],[-114.821009,42.825767],[-114.82086,42.797178],[-114.81109,42.796829],[-114.811023,42.779532],[-114.810943,42.779501],[-114.810866,42.768329],[-114.821923,42.768198],[-114.830604,42.768359],[-114.830721,42.750372],[-114.835649,42.750513],[-114.835491,42.753978],[-114.854645,42.754205],[-114.854731,42.753676],[-114.850483,42.74973],[-114.848493,42.745584],[-114.845158,42.739607],[-114.843978,42.735102],[-114.844263,42.733315],[-114.84631,42.730211],[-114.84695,42.728506],[-114.847389,42.724894],[-114.867375,42.724828],[-114.869079,42.725053],[-114.869013,42.723056],[-114.878958,42.723202],[-114.879009,42.724543],[-114.908535,42.724907],[-114.908937,42.753937],[-114.948901,42.753934],[-114.946466,42.768623]]]}},{"type":"Feature","properties":{"fips":"16000","lea_geoid":"1601920","district_name":"Madison School District 321","state_fips":"16","state_abbr":"ID","county_name":"","county_fips":"000"},"geometry":{"type":"Polygon","coordinates":[[[-111.983424,43.780177],[-111.972476,43.780152],[-111.972289,43.783528],[-111.965314,43.783374],[-111.965183,43.787984],[-111.960601,43.787849],[-111.960408,43.797317],[-111.977469,43.797235],[-111.977336,43.826827],[-111.905817,43.826292],[-111.904309,43.826286],[-111.902259,43.828164],[-111.900714,43.831402],[-111.897164,43.832331],[-111.896643,43.833737],[-111.894628,43.836003],[-111.890142,43.83773],[-111.889418,43.838853],[-111.890663,43.841144],[-111.890471,43.842557],[-111.885969,43.843768],[-111.884815,43.84465],[-111.886438,43.846267],[-111.889303,43.846589],[-111.891142,43.847781],[-111.888142,43.848788],[-111.884972,43.848819],[-111.883878,43.850205],[-111.886219,43.853745],[-111.88574,43.855058],[-111.884077,43.856385],[-111.882332,43.856795],[-111.880268,43.85587],[-111.879276,43.852864],[-111.877699,43.852242],[-111.875712,43.852789],[-111.875114,43.854123],[-111.87655,43.855495],[-111.874867,43.856758],[-111.871976,43.856403],[-111.868474,43.857897],[-111.867921,43.85894],[-111.869311,43.8608],[-111.869089,43.861542],[-111.874943,43.863733],[-111.875521,43.865802],[-111.873869,43.867137],[-111.871639,43.867819],[-111.869396,43.870213],[-111.867985,43.869983],[-111.867231,43.867135],[-111.864742,43.866307],[-111.861443,43.867028],[-111.860716,43.868653],[-111.863896,43.870731],[-111.865583,43.873447],[-111.865228,43.874909],[-111.868391,43.876433],[-111.868142,43.877416],[-111.866534,43.878273],[-111.862967,43.877775],[-111.861813,43.876848],[-111.858155,43.87511],[-111.854969,43.875929],[-111.854014,43.878004],[-111.855829,43.879787],[-111.857658,43.880291],[-111.85838,43.881597],[-111.861401,43.882627],[-111.861289,43.88405],[-111.849189,43.884367],[-111.839608,43.883742],[-111.83928,43.883882],[-111.818023,43.883811],[-111.818005,43.876602],[-111.79838,43.876517],[-111.798512,43.870622],[-111.798029,43.869766],[-111.798113,43.856399],[-111.79876,43.854856],[-111.785103,43.854867],[-111.779395,43.854866],[-111.769176,43.854843],[-111.767477,43.854861],[-111.737876,43.854776],[-111.737937,43.844312],[-111.737963,43.84039],[-111.733201,43.840656],[-111.730308,43.840323],[-111.718019,43.840279],[-111.718161,43.811568],[-111.678352,43.811471],[-111.678218,43.826036],[-111.670704,43.826263],[-111.657951,43.826222],[-111.65839,43.812139],[-111.499432,43.811708],[-111.499049,43.854392],[-111.471905,43.854377],[-111.470469,43.854136],[-111.459656,43.854435],[-111.45982,43.847786],[-111.459593,43.84015],[-111.442638,43.840091],[-111.439104,43.840211],[-111.439004,43.846573],[-111.439623,43.850041],[-111.439716,43.855522],[-111.439137,43.863163],[-111.439484,43.883616],[-111.457929,43.883603],[-111.459666,43.916338],[-111.459805,43.917229],[-111.454192,43.915775],[-111.452022,43.9165],[-111.448158,43.915308],[-111.445618,43.914999],[-111.44402,43.912862],[-111.441191,43.913539],[-111.43723,43.912699],[-111.435982,43.913132],[-111.433758,43.915521],[-111.431122,43.915626],[-111.42873,43.912871],[-111.42522,43.910358],[-111.423002,43.91188],[-111.4207,43.914332],[-111.413201,43.916313],[-111.409849,43.917802],[-111.405697,43.917911],[-111.403658,43.91849],[-111.401755,43.91974],[-111.399926,43.922222],[-111.398781,43.92289],[-111.398799,43.882853],[-111.400797,43.882826],[-111.400806,43.854665],[-111.400912,43.796494],[-111.399981,43.79649],[-111.399765,43.621976],[-111.468574,43.62198],[-111.565974,43.622037],[-111.566042,43.626836],[-111.626043,43.626756],[-111.625938,43.655227],[-111.713971,43.655037],[-111.717356,43.655326],[-111.719659,43.658267],[-111.721044,43.65883],[-111.722515,43.661206],[-111.72608,43.662332],[-111.7272,43.663225],[-111.731489,43.664807],[-111.735565,43.665648],[-111.73846,43.666713],[-111.743734,43.668165],[-111.749166,43.666802],[-111.751085,43.666974],[-111.756806,43.66894],[-111.758835,43.668498],[-111.760761,43.667346],[-111.762761,43.667522],[-111.76733,43.670634],[-111.770691,43.671755],[-111.774153,43.675495],[-111.778098,43.675995],[-111.779939,43.677497],[-111.779929,43.679693],[-111.783111,43.681793],[-111.783579,43.68353],[-111.785042,43.684489],[-111.785079,43.684608],[-111.785411,43.686142],[-111.78914,43.687017],[-111.791004,43.689008],[-111.794057,43.691417],[-111.794136,43.692461],[-111.796527,43.694542],[-111.800562,43.696657],[-111.804777,43.702584],[-111.810949,43.702401],[-111.813932,43.703285],[-111.814648,43.703968],[-111.820299,43.704238],[-111.820599,43.706951],[-111.821998,43.708368],[-111.825044,43.709462],[-111.828878,43.711605],[-111.82887,43.716134],[-111.830061,43.716742],[-111.83098,43.71669],[-111.834176,43.715051],[-111.837249,43.713979],[-111.83923,43.713862],[-111.841802,43.715467],[-111.843542,43.717742],[-111.847695,43.718804],[-111.850519,43.718738],[-111.854582,43.717993],[-111.858078,43.718603],[-111.859289,43.72101],[-111.862046,43.721792],[-111.865901,43.728196],[-111.867502,43.73024],[-111.868911,43.731125],[-111.871015,43.732351],[-111.873292,43.735242],[-111.873152,43.737008],[-111.878316,43.737302],[-111.881246,43.739994],[-111.885261,43.74044],[-111.887409,43.74352],[-111.889392,43.744221],[-111.898817,43.746101],[-111.902054,43.74717],[-111.902545,43.749214],[-111.900874,43.752053],[-111.903542,43.754307],[-111.906642,43.759329],[-111.908234,43.760316],[-111.910325,43.759493],[-111.913021,43.759517],[-111.915567,43.758398],[-111.915333,43.755973],[-111.916636,43.755202],[-111.919279,43.756086],[-111.922748,43.759389],[-111.923777,43.759795],[-111.926273,43.76208],[-111.926926,43.766027],[-111.929901,43.767097],[-111.934357,43.76616],[-111.938429,43.761643],[-111.93872,43.760427],[-111.941134,43.758096],[-111.94386,43.758291],[-111.946658,43.758293],[-111.947239,43.757257],[-111.945568,43.755822],[-111.945657,43.753106],[-111.946802,43.750715],[-111.950139,43.749733],[-111.953101,43.749992],[-111.954637,43.751506],[-111.959314,43.752182],[-111.967005,43.748165],[-111.969628,43.74776],[-111.971542,43.748315],[-111.973881,43.750677],[-111.980054,43.752295],[-111.982637,43.753443],[-111.983527,43.753806],[-111.983424,43.780177]]]}},{"type":"Feature","properties":{"fips":"16000","lea_geoid":"1601590","district_name":"Jerome Joint School District 261","state_fips":"16","state_abbr":"ID","county_name":"","county_fips":"000"},"geometry":{"type":"Polygon","coordinates":[[[-114.635393,42.850753],[-114.617401,42.850888],[-114.595177,42.850894],[-114.594375,42.850901],[-114.444426,42.850813],[-114.441306,42.85057],[-114.439287,42.850732],[-114.433455,42.850734],[-114.365366,42.85079],[-114.346451,42.850853],[-114.345652,42.823562],[-114.345659,42.809055],[-114.345714,42.773012],[-114.345312,42.76591],[-114.102016,42.765636],[-114.100037,42.765462],[-114.049961,42.765006],[-114.027167,42.765017],[-113.971166,42.765072],[-113.971168,42.801088],[-113.971061,42.801935],[-113.970996,42.823042],[-113.971282,42.850208],[-113.953687,42.850082],[-113.933306,42.850185],[-113.931948,42.849814],[-113.925575,42.849805],[-113.923409,42.850193],[-113.920279,42.849826],[-113.912083,42.849866],[-113.912131,42.837068],[-113.892077,42.836913],[-113.891485,42.764795],[-113.931687,42.765026],[-113.931784,42.751018],[-113.945993,42.751007],[-113.990816,42.750501],[-113.990788,42.761501],[-114.010206,42.761513],[-114.010561,42.736911],[-114.010289,42.73455],[-114.01035,42.721641],[-114.002879,42.721411],[-114.171254,42.721411],[-114.171446,42.722095],[-114.17145,42.736684],[-114.230013,42.736789],[-114.230023,42.722274],[-114.269459,42.722273],[-114.303997,42.723731],[-114.31686,42.724073],[-114.329247,42.723664],[-114.340364,42.721559],[-114.344392,42.721594],[-114.345301,42.71969],[-114.345221,42.713092],[-114.345223,42.708017],[-114.335321,42.708053],[-114.330324,42.706203],[-114.326192,42.708002],[-114.325308,42.707992],[-114.325229,42.704955],[-114.325256,42.679314],[-114.34555,42.679262],[-114.344924,42.603438],[-114.344692,42.585062],[-114.351265,42.588883],[-114.356019,42.590008],[-114.3582,42.589881],[-114.359266,42.590975],[-114.365,42.593216],[-114.367489,42.593273],[-114.37141,42.595476],[-114.373936,42.596387],[-114.375217,42.598132],[-114.381472,42.599096],[-114.389754,42.599859],[-114.393785,42.599447],[-114.39835,42.596732],[-114.400647,42.596749],[-114.402536,42.595436],[-114.407102,42.595643],[-114.408827,42.596038],[-114.414665,42.598386],[-114.422597,42.599678],[-114.427104,42.599737],[-114.430896,42.598699],[-114.431803,42.599803],[-114.434322,42.598292],[-114.438164,42.596628],[-114.440807,42.595868],[-114.442144,42.596287],[-114.448034,42.600135],[-114.449803,42.600645],[-114.453228,42.600773],[-114.453372,42.600766],[-114.45802,42.600788],[-114.462659,42.599748],[-114.465709,42.599673],[-114.46878,42.601494],[-114.470806,42.604034],[-114.47802,42.607485],[-114.482257,42.609188],[-114.487813,42.610068],[-114.489597,42.610731],[-114.495235,42.613722],[-114.500135,42.615833],[-114.505011,42.618511],[-114.50962,42.620476],[-114.511709,42.621659],[-114.511772,42.622219],[-114.50977,42.62537],[-114.510153,42.6267],[-114.515054,42.627594],[-114.51667,42.629525],[-114.520482,42.631033],[-114.524179,42.631793],[-114.527995,42.631986],[-114.530291,42.632676],[-114.538229,42.633118],[-114.539344,42.633309],[-114.539971,42.633445],[-114.544016,42.635651],[-114.553033,42.636524],[-114.559574,42.635123],[-114.563898,42.634718],[-114.569406,42.637064],[-114.572458,42.638616],[-114.575403,42.638825],[-114.577743,42.638406],[-114.58168,42.639241],[-114.582989,42.63916],[-114.589221,42.640761],[-114.591624,42.641059],[-114.597305,42.64075],[-114.601678,42.641788],[-114.605347,42.643095],[-114.608947,42.645174],[-114.611275,42.647398],[-114.616487,42.649298],[-114.625999,42.650946],[-114.628568,42.650856],[-114.630344,42.651286],[-114.63137,42.652311],[-114.634648,42.654312],[-114.634508,42.694479],[-114.635126,42.742618],[-114.626558,42.742542],[-114.626523,42.744221],[-114.633309,42.746219],[-114.635093,42.746218],[-114.63502,42.767919],[-114.616827,42.76786],[-114.616873,42.771874],[-114.621394,42.771843],[-114.621372,42.775631],[-114.635038,42.775774],[-114.635071,42.786983],[-114.634644,42.791067],[-114.635246,42.839046],[-114.635393,42.850753]]]}},{"type":"Feature","properties":{"fips":"16000","lea_geoid":"1600660","district_name":"Cassia County Joint School District 151","state_fips":"16","state_abbr":"ID","county_name":"","county_fips":"000"},"geometry":{"type":"Polygon","coordinates":[[[-114.286653,42.332346],[-114.285836,42.374577],[-114.101186,42.374358],[-114.101233,42.373837],[-114.065783,42.373781],[-114.059402,42.373958],[-114.049724,42.373968],[-114.049537,42.417073],[-114.033825,42.416924],[-114.029363,42.41717],[-114.023502,42.416873],[-114.009798,42.416879],[-114.010004,42.419532],[-114.009932,42.474941],[-114.069368,42.474996],[-114.06908,42.503179],[-114.069349,42.504019],[-114.067143,42.504007],[-114.067073,42.514453],[-114.065137,42.515149],[-114.065056,42.519935],[-114.069486,42.519722],[-114.069219,42.521405],[-114.066939,42.522858],[-114.060684,42.523336],[-114.054394,42.526606],[-114.049916,42.527132],[-114.045454,42.528699],[-114.042455,42.528765],[-114.039485,42.528227],[-114.036542,42.527112],[-114.033555,42.52693],[-114.028949,42.524202],[-114.026144,42.524267],[-114.023211,42.52498],[-114.020229,42.527917],[-114.017264,42.528113],[-114.015266,42.527309],[-114.013322,42.52565],[-114.011396,42.52553],[-114.007093,42.526597],[-114.003991,42.5268],[-114.000388,42.526373],[-113.995967,42.525876],[-113.995236,42.526408],[-113.993677,42.530213],[-113.990628,42.532149],[-113.988243,42.532453],[-113.986118,42.533841],[-113.982546,42.534419],[-113.980286,42.534421],[-113.976027,42.533059],[-113.974017,42.532779],[-113.969475,42.533468],[-113.966573,42.534782],[-113.960917,42.535117],[-113.959493,42.534965],[-113.958826,42.534505],[-113.958152,42.531136],[-113.956105,42.530221],[-113.950478,42.530195],[-113.94565,42.531126],[-113.936283,42.534747],[-113.931799,42.535243],[-113.926533,42.535718],[-113.924487,42.537436],[-113.920352,42.53859],[-113.913862,42.53899],[-113.908941,42.541263],[-113.903791,42.544293],[-113.900523,42.545419],[-113.895851,42.546696],[-113.889787,42.549375],[-113.885312,42.548772],[-113.881562,42.548972],[-113.878007,42.549716],[-113.867771,42.547386],[-113.864928,42.545614],[-113.859513,42.544178],[-113.854628,42.540248],[-113.850877,42.539958],[-113.846841,42.538848],[-113.840385,42.535978],[-113.836539,42.535024],[-113.831989,42.535053],[-113.829088,42.535546],[-113.824949,42.538075],[-113.820865,42.541845],[-113.81903,42.542606],[-113.811006,42.544758],[-113.808402,42.547064],[-113.806765,42.547915],[-113.804043,42.550458],[-113.798197,42.552502],[-113.794402,42.55398],[-113.793215,42.554576],[-113.789533,42.556102],[-113.788485,42.556343],[-113.783405,42.557003],[-113.778137,42.556424],[-113.77442,42.554333],[-113.771327,42.552587],[-113.765253,42.548357],[-113.763556,42.547209],[-113.761925,42.545159],[-113.758794,42.538783],[-113.758328,42.534076],[-113.756802,42.532825],[-113.752128,42.529362],[-113.749128,42.528529],[-113.746686,42.52721],[-113.7444,42.525095],[-113.741826,42.523653],[-113.739278,42.522854],[-113.730643,42.521349],[-113.724864,42.521135],[-113.719538,42.520803],[-113.713976,42.518837],[-113.711452,42.518563],[-113.708126,42.519119],[-113.700906,42.519002],[-113.699044,42.51919],[-113.692713,42.521293],[-113.6906,42.523585],[-113.68807,42.524599],[-113.684538,42.524961],[-113.673822,42.528169],[-113.669125,42.531028],[-113.661003,42.533664],[-113.657625,42.534553],[-113.654149,42.536155],[-113.651535,42.538363],[-113.647158,42.543039],[-113.644167,42.54549],[-113.639001,42.557478],[-113.634065,42.562738],[-113.631272,42.566854],[-113.630595,42.569157],[-113.629078,42.576311],[-113.627728,42.579182],[-113.625843,42.581847],[-113.621329,42.586529],[-113.619059,42.587769],[-113.614813,42.591108],[-113.608619,42.594965],[-113.607095,42.596291],[-113.604802,42.601629],[-113.603217,42.604705],[-113.601908,42.605116],[-113.589161,42.605067],[-113.589336,42.590489],[-113.551049,42.590439],[-113.526598,42.590411],[-113.526474,42.612108],[-113.50668,42.61208],[-113.50643,42.592133],[-113.506307,42.590392],[-113.355689,42.589571],[-113.355522,42.590713],[-113.354567,42.662774],[-113.348467,42.662727],[-113.345841,42.659843],[-113.341665,42.656971],[-113.336234,42.655033],[-113.331838,42.653169],[-113.329606,42.65045],[-113.328213,42.645998],[-113.327376,42.644344],[-113.324902,42.642062],[-113.315893,42.637625],[-113.313159,42.635249],[-113.311743,42.632399],[-113.310555,42.631155],[-113.307392,42.629404],[-113.3044,42.628749],[-113.29609,42.630964],[-113.293639,42.631018],[-113.289485,42.630385],[-113.285279,42.628321],[-113.282208,42.627284],[-113.279049,42.627401],[-113.274622,42.628106],[-113.262172,42.628303],[-113.261057,42.627803],[-113.258815,42.6247],[-113.258726,42.62046],[-113.256828,42.617763],[-113.255996,42.615264],[-113.25497,42.615095],[-113.254823,42.547156],[-113.255047,42.546036],[-113.175811,42.545793],[-113.175811,42.56034],[-113.156241,42.560236],[-113.156203,42.560349],[-113.156223,42.589274],[-113.002792,42.588003],[-113.00298,42.54412],[-113.002414,42.537993],[-113.002845,42.530655],[-113.002859,42.50182],[-113.001574,42.501814],[-113.001673,42.327431],[-112.999965,42.327427],[-113.000081,42.185047],[-112.926398,42.183857],[-112.926279,42.142085],[-112.926032,42.137227],[-112.927266,42.125563],[-112.945598,42.125955],[-112.945603,42.111521],[-112.950829,42.111361],[-112.965231,42.111791],[-112.984543,42.112151],[-112.984515,42.11927],[-113.000033,42.11954],[-113.000040840117,41.9981831189311],[-113.041588,41.997865],[-113.093171,41.997424],[-113.186822,41.996527],[-113.292824,41.995497],[-113.358477,41.994687],[-113.396662,41.994257],[-113.463596,41.993527],[-113.526112,41.992727],[-113.60125,41.991777],[-113.649246799073,41.9911496281765],[-113.676913,41.990788],[-113.764716,41.989457],[-113.843337,41.988442],[-113.867726,41.988209],[-113.901578,41.988552],[-113.932742,41.989966],[-113.990091,41.993095],[-114.041477,41.993873],[-114.048257,41.993814],[-114.061774,41.993797],[-114.061763,41.993939],[-114.107259,41.993831],[-114.107428,41.993965],[-114.281799324163,41.994213920521],[-114.281443,42.140012],[-114.281785,42.14169],[-114.281475,42.144559],[-114.281412,42.182307],[-114.281406,42.244138],[-114.281325,42.330885],[-114.286652,42.330526],[-114.286653,42.332346]]]}},{"type":"Feature","properties":{"fips":"16000","lea_geoid":"1603180","district_name":"Teton County School District 401","state_fips":"16","state_abbr":"ID","county_name":"","county_fips":"000"},"geometry":{"type":"Polygon","coordinates":[[[-111.400806,43.854665],[-111.400797,43.882826],[-111.398799,43.882853],[-111.398781,43.92289],[-111.395872,43.925383],[-111.393843,43.927681],[-111.39187,43.928404],[-111.387183,43.927321],[-111.384617,43.927996],[-111.381205,43.930628],[-111.375418,43.932934],[-111.373533,43.93728],[-111.371501,43.939141],[-111.367364,43.941869],[-111.36059,43.944943],[-111.354543,43.948104],[-111.349975,43.945021],[-111.348442,43.942262],[-111.349547,43.939544],[-111.348155,43.938265],[-111.347296,43.937934],[-111.343081,43.938847],[-111.339061,43.939049],[-111.335902,43.940107],[-111.332794,43.93874],[-111.330532,43.934932],[-111.328115,43.932259],[-111.328785,43.929076],[-111.327594,43.928125],[-111.327975,43.925409],[-111.325196,43.923513],[-111.323226,43.924995],[-111.317885,43.924726],[-111.313981,43.921874],[-111.30943,43.921247],[-111.308826,43.919173],[-111.307378,43.919654],[-111.302499,43.919334],[-111.298311,43.92242],[-111.294479,43.923834],[-111.291313,43.923316],[-111.285681,43.925408],[-111.284532,43.925192],[-111.280123,43.926774],[-111.279669,43.928591],[-111.278228,43.930353],[-111.27619,43.931407],[-111.275078,43.933458],[-111.276107,43.935136],[-111.274496,43.935841],[-111.273054,43.937848],[-111.271279,43.938802],[-111.267123,43.938384],[-111.25977,43.940098],[-111.256316,43.939746],[-111.254069,43.938607],[-111.250741,43.94014],[-111.249498,43.941692],[-111.245617,43.943234],[-111.243078,43.943538],[-111.24103,43.942876],[-111.237942,43.945453],[-111.237362,43.948646],[-111.236044,43.949077],[-111.235109,43.948617],[-111.232615,43.949133],[-111.231288,43.947182],[-111.228709,43.945094],[-111.226141,43.944545],[-111.220521,43.942058],[-111.220055,43.940722],[-111.217281,43.939489],[-111.213854,43.940022],[-111.211813,43.940836],[-111.208912,43.94108],[-111.208522,43.942747],[-111.206482,43.943795],[-111.204401,43.943679],[-111.202849,43.941852],[-111.203233,43.938421],[-111.202377,43.934351],[-111.20137,43.933756],[-111.198867,43.934427],[-111.195303,43.933001],[-111.187256,43.932114],[-111.184886,43.933117],[-111.183179,43.935119],[-111.181444,43.935455],[-111.17969,43.937078],[-111.1788,43.939153],[-111.177449,43.939684],[-111.173102,43.938898],[-111.171916,43.939094],[-111.17107,43.940446],[-111.171661,43.942142],[-111.169007,43.943544],[-111.162172,43.944442],[-111.161551,43.946231],[-111.162838,43.947012],[-111.160601,43.948586],[-111.156713,43.949789],[-111.156122,43.950857],[-111.151638,43.951124],[-111.15006,43.952607],[-111.147726,43.953527],[-111.14531,43.952325],[-111.144977,43.950944],[-111.143327,43.950279],[-111.140891,43.95171],[-111.141342,43.954115],[-111.138862,43.958334],[-111.132165,43.958068],[-111.127714,43.959788],[-111.122474,43.96258],[-111.118908,43.963862],[-111.11742,43.966141],[-111.113677,43.968572],[-111.109685,43.969044],[-111.10684,43.968439],[-111.102884,43.968443],[-111.099926,43.970982],[-111.096622,43.972459],[-111.093199,43.97198],[-111.090729,43.973599],[-111.087246,43.974425],[-111.083423,43.974014],[-111.078669,43.976939],[-111.073691,43.977293],[-111.070855,43.978826],[-111.070604,43.98017],[-111.066671,43.981439],[-111.06436,43.981535],[-111.061125,43.983589],[-111.05854,43.984307],[-111.054313,43.983818],[-111.049555,43.982474],[-111.047063914504,43.9834606121932],[-111.046917,43.974978],[-111.046515,43.908376],[-111.046616234502,43.8615327714266],[-111.04668695071,43.8288109674765],[-111.046715,43.815832],[-111.046683200356,43.8082954843867],[-111.046577852697,43.7833280892291],[-111.0464405637,43.7507905967776],[-111.04634,43.726957],[-111.046435,43.726545],[-111.046433480019,43.7260579548105],[-111.046421,43.722059],[-111.04611,43.687848],[-111.046051,43.685812],[-111.046118,43.684902],[-111.04588,43.681033],[-111.045866913434,43.6793843183277],[-111.045706,43.659112],[-111.045648623201,43.6410194989967],[-111.045582753073,43.6202488146367],[-111.045575082389,43.6178300346755],[-111.045464910528,43.5830897814638],[-111.045338892817,43.5433528908836],[-111.045338800624,43.543323819868],[-111.045204743411,43.5010518507229],[-111.048333,43.502422],[-111.050463,43.504168],[-111.05289,43.506976],[-111.056781,43.507965],[-111.059013,43.510737],[-111.057955,43.515109],[-111.056241,43.517658],[-111.055831,43.519504],[-111.059675,43.519304],[-111.061798,43.519951],[-111.067027,43.524649],[-111.067784,43.526143],[-111.07321,43.527391],[-111.076359,43.525093],[-111.0776,43.523638],[-111.080936,43.523389],[-111.082061,43.522289],[-111.083641,43.522585],[-111.085901,43.521426],[-111.089608,43.521734],[-111.090993,43.522624],[-111.095125,43.523351],[-111.097857,43.524622],[-111.099293,43.523375],[-111.103897,43.52382],[-111.107676,43.525014],[-111.111874,43.526996],[-111.11352,43.529006],[-111.118883,43.531052],[-111.121832,43.530596],[-111.125812,43.53184],[-111.128224,43.533488],[-111.13146,43.53678],[-111.138337,43.541067],[-111.14109,43.543666],[-111.141851,43.546163],[-111.143501,43.546657],[-111.145832,43.544956],[-111.148646,43.544102],[-111.152625,43.542098],[-111.155099,43.542747],[-111.156197,43.542246],[-111.161097,43.5431],[-111.163276,43.544235],[-111.164923,43.543481],[-111.16671,43.544081],[-111.168225,43.545524],[-111.171973,43.547043],[-111.174542,43.544615],[-111.175018,43.543016],[-111.176526,43.541969],[-111.1825,43.541509],[-111.184147,43.540854],[-111.190393,43.539745],[-111.191219,43.540293],[-111.195006,43.53964],[-111.198841,43.539731],[-111.201441,43.540471],[-111.202624,43.541525],[-111.207561,43.543857],[-111.20924,43.548104],[-111.208558,43.549555],[-111.211172,43.550347],[-111.212412,43.551497],[-111.214695,43.55609],[-111.217103,43.55708],[-111.218138,43.558334],[-111.215328,43.560086],[-111.214781,43.561136],[-111.215279,43.565831],[-111.217969,43.568725],[-111.21688,43.569869],[-111.215238,43.573827],[-111.217854,43.575019],[-111.220067,43.578711],[-111.220278,43.580161],[-111.222139,43.581454],[-111.22291,43.585554],[-111.224495,43.586847],[-111.22635,43.590155],[-111.223157,43.596642],[-111.227501,43.599983],[-111.22545,43.603134],[-111.226081,43.606378],[-111.232423,43.610764],[-111.233531,43.612612],[-111.236906,43.614303],[-111.237809,43.616493],[-111.243052,43.620584],[-111.243839,43.621853],[-111.264164,43.621897],[-111.399765,43.621976],[-111.399981,43.79649],[-111.400912,43.796494],[-111.400806,43.854665]]]}},{"type":"Feature","properties":{"fips":"16000","lea_geoid":"1601770","district_name":"Kuna Joint School District 3","state_fips":"16","state_abbr":"ID","county_name":"","county_fips":"000"},"geometry":{"type":"Polygon","coordinates":[[[-116.573207,43.459363],[-116.563277,43.459348],[-116.563223,43.473869],[-116.553238,43.473837],[-116.553073,43.488313],[-116.553059,43.495576],[-116.533116,43.495616],[-116.533076,43.502824],[-116.523066,43.50286],[-116.523113,43.510063],[-116.51298,43.510075],[-116.493773,43.510462],[-116.493402,43.517649],[-116.473546,43.517554],[-116.473603,43.529693],[-116.473611,43.532858],[-116.473616,43.546699],[-116.473664,43.56124],[-116.493706,43.561381],[-116.493709,43.570517],[-116.488683,43.570482],[-116.488673,43.575924],[-116.488586,43.575924],[-116.488631,43.58322],[-116.473493,43.58303],[-116.473535,43.575774],[-116.473582,43.568476],[-116.443693,43.568419],[-116.443686,43.561115],[-116.443686,43.557502],[-116.443719,43.552743],[-116.443768,43.546583],[-116.433786,43.546569],[-116.431834,43.546553],[-116.421016,43.546529],[-116.418827,43.546524],[-116.417001,43.54652],[-116.413817,43.546514],[-116.40383,43.546461],[-116.403819,43.544684],[-116.403837,43.542907],[-116.403877,43.53828],[-116.399239,43.538324],[-116.397527,43.539071],[-116.393857,43.538944],[-116.393855,43.539151],[-116.389286,43.53916],[-116.384345,43.539174],[-116.380664,43.539185],[-116.379321,43.539169],[-116.374331,43.539089],[-116.364328,43.539117],[-116.359898,43.539182],[-116.354324,43.539093],[-116.349643,43.539105],[-116.337779,43.539257],[-116.33431,43.539189],[-116.334358,43.532007],[-116.314565,43.532089],[-116.314497,43.526955],[-116.314433,43.52696],[-116.314461,43.522786],[-116.314415,43.517466],[-116.314306,43.506511],[-116.314432,43.495644],[-116.314463,43.49227],[-116.314353,43.491752],[-116.314323,43.488606],[-116.314436,43.488314],[-116.314177,43.48101],[-116.314303,43.473679],[-116.314516,43.459213],[-116.304457,43.459188],[-116.274365,43.459116],[-116.274323,43.470024],[-116.274308,43.473651],[-116.234231,43.473465],[-116.234313,43.458834],[-116.234253,43.429714],[-116.233194,43.429622],[-116.194526,43.429616],[-116.194537,43.4153],[-116.23836,43.415486],[-116.254235,43.415498],[-116.25518,43.372144],[-116.255049,43.343624],[-116.255303,43.306477],[-116.255076,43.304483],[-116.255177,43.258904],[-116.254534,43.256882],[-116.255231,43.244226],[-116.255179,43.20027],[-116.273732,43.200348],[-116.274144,43.200399],[-116.274238,43.197344],[-116.38595,43.197237],[-116.382703,43.205451],[-116.383924,43.209716],[-116.38456,43.213659],[-116.384352,43.217108],[-116.381339,43.223156],[-116.378878,43.226306],[-116.376059,43.231088],[-116.376586,43.233372],[-116.377185,43.239313],[-116.378508,43.242068],[-116.381669,43.244818],[-116.384766,43.249393],[-116.387029,43.250848],[-116.388585,43.253172],[-116.395218,43.256968],[-116.397957,43.258083],[-116.402364,43.261646],[-116.403329,43.262982],[-116.401936,43.265407],[-116.402433,43.267935],[-116.402327,43.272221],[-116.402638,43.273606],[-116.405612,43.276287],[-116.40662,43.277945],[-116.4059,43.279599],[-116.408158,43.282833],[-116.410247,43.284421],[-116.412331,43.285025],[-116.395621,43.28495],[-116.394033,43.284879],[-116.393882,43.437072],[-116.513454,43.437057],[-116.513492,43.44453],[-116.533351,43.444637],[-116.533332,43.448262],[-116.535492,43.448264],[-116.538354,43.448276],[-116.538277,43.451907],[-116.573205,43.452044],[-116.573207,43.459363]]]}},{"type":"Feature","properties":{"fips":"16000","lea_geoid":"1602550","district_name":"Parma School District 137","state_fips":"16","state_abbr":"ID","county_name":"","county_fips":"000"},"geometry":{"type":"Polygon","coordinates":[[[-117.031887,43.834156],[-117.025156,43.841334],[-117.021461,43.841694],[-117.016826,43.839962],[-117.012831,43.840001],[-117.010383,43.844803],[-117.010701,43.849754],[-117.014828,43.852172],[-117.019853,43.853833],[-117.021721,43.856182],[-117.021604961574,43.8563729196878],[-117.020035,43.858956],[-117.01077,43.862269],[-117.008691316809,43.8626893878893],[-116.999061,43.864637],[-116.991415,43.863864],[-116.984152,43.866794],[-116.98294,43.86771],[-116.982347,43.86884],[-116.982214,43.871228],[-116.983199584669,43.8770578606079],[-116.98371442608,43.8801032140428],[-116.954422,43.880154],[-116.954201,43.851102],[-116.954519,43.844743],[-116.95452,43.836487],[-116.913963,43.8362],[-116.913796,43.821721],[-116.893814,43.821589],[-116.893746,43.807381],[-116.872272,43.807366],[-116.853132,43.807387],[-116.853154,43.79271],[-116.828107,43.792701],[-116.828102,43.775765],[-116.828361,43.77049],[-116.827677,43.733768],[-116.827626,43.73237],[-116.827506,43.726833],[-116.829381,43.726332],[-116.832371,43.726595],[-116.83449,43.727945],[-116.8363,43.728411],[-116.839932,43.727883],[-116.842446,43.728673],[-116.844255,43.72853],[-116.847728,43.727524],[-116.858794,43.726714],[-116.858893,43.726317],[-116.861913,43.726723],[-116.864462,43.727922],[-116.865512,43.729988],[-116.867918,43.731153],[-116.871273,43.73144],[-116.873613,43.732141],[-116.875659,43.734729],[-116.876982,43.73514],[-116.88302,43.733185],[-116.886747,43.73267],[-116.886704,43.730677],[-116.881692,43.730632],[-116.881733,43.723457],[-116.886723,43.723464],[-116.886734,43.719835],[-116.891712,43.719835],[-116.901585,43.719937],[-116.901637,43.724995],[-116.904675,43.72713],[-116.915305,43.727166],[-116.951913,43.727246],[-116.951915,43.712607],[-116.961956,43.712542],[-116.962052,43.697839],[-116.95709,43.697862],[-116.957119,43.694129],[-116.971981,43.694147],[-116.97203,43.69047],[-116.972049,43.686864],[-116.977115,43.686797],[-116.977289,43.675783],[-116.991708,43.675827],[-116.991641,43.671406],[-116.997167,43.672164],[-117.001201,43.672632],[-117.004612,43.673028],[-117.007632,43.67403],[-117.01177,43.674807],[-117.0205,43.677887],[-117.026624495654,43.6808035152354],[-117.026586,43.683001],[-117.026696659314,43.6937391205206],[-117.026825,43.706193],[-117.026725,43.714815],[-117.026841,43.732905],[-117.026651,43.733935],[-117.026634,43.80811],[-117.024020777413,43.8122882404094],[-117.023049,43.813842],[-117.022110809539,43.8173218792265],[-117.02155,43.819402],[-117.023577,43.823811],[-117.027931,43.826286],[-117.032881,43.830025],[-117.031887,43.834156]]]}},{"type":"Feature","properties":{"fips":"16000","lea_geoid":"1601470","district_name":"Homedale Joint School District 370","state_fips":"16","state_abbr":"ID","county_name":"","county_fips":"000"},"geometry":{"type":"Polygon","coordinates":[[[-117.027001,43.621032],[-117.026905,43.62488],[-117.026705,43.631659],[-117.026661,43.664385],[-117.026717,43.675523],[-117.026624495654,43.6808035152354],[-117.0205,43.677887],[-117.01177,43.674807],[-117.007632,43.67403],[-117.004612,43.673028],[-117.001201,43.672632],[-116.997167,43.672164],[-116.991641,43.671406],[-116.980248,43.672055],[-116.976579,43.671478],[-116.972686,43.670042],[-116.969474,43.668334],[-116.967436,43.666574],[-116.963745,43.661231],[-116.96347,43.660062],[-116.963503,43.65384],[-116.964121,43.652007],[-116.963777,43.649527],[-116.962922,43.647299],[-116.961568,43.646281],[-116.960479,43.642793],[-116.958859,43.642856],[-116.931692,43.64287],[-116.93167,43.639361],[-116.911716,43.639496],[-116.901733,43.639546],[-116.901678,43.635921],[-116.871722,43.636139],[-116.871708,43.632509],[-116.862397,43.632685],[-116.842314,43.633042],[-116.842215,43.617472],[-116.841896,43.593302],[-116.844978,43.5944],[-116.855991,43.594654],[-116.862804,43.594002],[-116.868951,43.591845],[-116.871204,43.592114],[-116.871491,43.588478],[-116.871248,43.556964],[-116.871712,43.556458],[-116.871136,43.548396],[-116.871126,43.545252],[-116.887559,43.545295],[-116.888854,43.545671],[-116.889386,43.545255],[-116.926678,43.545302],[-116.982665,43.54517],[-117.02674059016,43.5457346710279],[-117.026743821013,43.5647210211312],[-117.026745350468,43.5737089790098],[-117.026746,43.577526],[-117.026774,43.578674],[-117.026922,43.593632],[-117.026889,43.596033],[-117.026824,43.600357],[-117.02676,43.601912],[-117.026789,43.610669],[-117.026937,43.617614],[-117.027001,43.621032]]]}},{"type":"Feature","properties":{"fips":"16000","lea_geoid":"1602220","district_name":"Moscow School District 281","state_fips":"16","state_abbr":"ID","county_name":"","county_fips":"000"},"geometry":{"type":"Polygon","coordinates":[[[-117.039817590392,46.8160733596053],[-117.039715897373,46.8222314368373],[-117.039657,46.825798],[-117.039657114645,46.8260086750535],[-117.039682919771,46.8734289815416],[-117.00154,46.87328],[-117.001193,46.866848],[-116.989991,46.866412],[-116.990314,46.873521],[-116.968789,46.873183],[-116.969047,46.866062],[-116.947839,46.866227],[-116.947864,46.873297],[-116.937996,46.873095],[-116.937812,46.87676],[-116.926946,46.876957],[-116.926716,46.873304],[-116.905769,46.873439],[-116.906595,46.844148],[-116.916243,46.844161],[-116.917568,46.816396],[-116.887813,46.816422],[-116.854904,46.816452],[-116.855213,46.808118],[-116.854806,46.808107],[-116.855079,46.802255],[-116.854259,46.802222],[-116.854436,46.779271],[-116.854224,46.778845],[-116.854193,46.773529],[-116.845618,46.773171],[-116.845675,46.773276],[-116.843788,46.773307],[-116.843718,46.770222],[-116.843395,46.755684],[-116.838204,46.755601],[-116.838321,46.753643],[-116.843411,46.755331],[-116.843059,46.744622],[-116.846825,46.744353],[-116.853983,46.744345],[-116.853823,46.71615],[-116.853218,46.70184],[-116.851977,46.70125],[-116.832882,46.701122],[-116.832761,46.693969],[-116.822211,46.693969],[-116.822454,46.68324],[-116.811783,46.68299],[-116.811664,46.67152],[-116.824848,46.671869],[-116.833231,46.671907],[-116.832875,46.68636],[-116.836922,46.686438],[-116.876445,46.68624],[-116.889856,46.686168],[-116.890212,46.673235],[-116.890462,46.672534],[-116.896076,46.672505],[-116.896033,46.665506],[-116.905482,46.665479],[-116.906538,46.665477],[-116.916377,46.665447],[-116.91637,46.661016],[-116.91644,46.658217],[-116.922635,46.658614],[-116.936543,46.658487],[-116.936394,46.650304],[-116.948424,46.650477],[-116.948452,46.657329],[-116.948862,46.657303],[-116.948866,46.657954],[-116.950899,46.658007],[-116.953682,46.657953],[-116.958687,46.658087],[-116.973475,46.658312],[-116.974525,46.658302],[-117.000274,46.658365],[-117.009058,46.658433],[-117.015091,46.658432],[-117.015478,46.650199],[-117.023121,46.650122],[-117.021526,46.649834],[-117.02166,46.646868],[-117.020945,46.644598],[-117.021239,46.642451],[-117.034161,46.642485],[-117.034294,46.637982],[-117.039499416845,46.6380832727012],[-117.039492539363,46.6422947069318],[-117.039398,46.700186],[-117.039406009211,46.7023327851107],[-117.039466647821,46.7185863300968],[-117.039479171741,46.721943235832],[-117.039518188132,46.7324011707671],[-117.039518193853,46.7324027043434],[-117.039534342832,46.7367312692074],[-117.039828,46.815443],[-117.039817590392,46.8160733596053]]]}},{"type":"Feature","properties":{"fips":"16000","lea_geoid":"1600270","district_name":"Blackfoot School District 55","state_fips":"16","state_abbr":"ID","county_name":"","county_fips":"000"},"geometry":{"type":"Polygon","coordinates":[[[-112.63485,43.021992],[-112.632643,43.025399],[-112.633948,43.029999],[-112.633798,43.030504],[-112.632743,43.031513],[-112.631755,43.031623],[-112.627716,43.030616],[-112.624655,43.030449],[-112.621183,43.030309],[-112.616577,43.032797],[-112.613224,43.033527],[-112.607745,43.037905],[-112.607475,43.036127],[-112.606848,43.039069],[-112.608353,43.040336],[-112.607824,43.042636],[-112.606991,43.041627],[-112.604527,43.042405],[-112.599138,43.0415],[-112.596943,43.040392],[-112.591094,43.038438],[-112.590284,43.040359],[-112.596517,43.04163],[-112.597287,43.043091],[-112.595236,43.043977],[-112.591662,43.043897],[-112.591355,43.045956],[-112.587029,43.048049],[-112.583911,43.049017],[-112.581578,43.052566],[-112.581083,43.054648],[-112.577533,43.058521],[-112.577909,43.060053],[-112.5766,43.060878],[-112.576536,43.059528],[-112.572421,43.060954],[-112.569367,43.0632],[-112.567812,43.066245],[-112.566914,43.070661],[-112.567632,43.07121],[-112.565948,43.072311],[-112.564357,43.071786],[-112.566164,43.070479],[-112.565196,43.070184],[-112.561862,43.072613],[-112.560553,43.074331],[-112.559029,43.077833],[-112.559158,43.079961],[-112.560221,43.081172],[-112.55554,43.082231],[-112.55192,43.080719],[-112.547499,43.081526],[-112.545346,43.083035],[-112.542974,43.086647],[-112.54366,43.090078],[-112.542973,43.091061],[-112.544002,43.092182],[-112.542567,43.092616],[-112.542286,43.094628],[-112.540131,43.099865],[-112.539162,43.103707],[-112.53782,43.103226],[-112.534949,43.103569],[-112.533483,43.10183],[-112.533983,43.100733],[-112.530924,43.101555],[-112.531367,43.100821],[-112.52338,43.101873],[-112.521596,43.103911],[-112.520364,43.106461],[-112.520559,43.109704],[-112.519896,43.110249],[-112.516134,43.110231],[-112.516309,43.123768],[-112.505005,43.123819],[-112.50502,43.127041],[-112.504456,43.128631],[-112.504654,43.131795],[-112.508595,43.131845],[-112.50649,43.133533],[-112.504849,43.133812],[-112.505364,43.135415],[-112.503817,43.13851],[-112.50126,43.139837],[-112.501166,43.138843],[-112.497569,43.138538],[-112.494433,43.13987],[-112.495239,43.143625],[-112.496451,43.145359],[-112.499099,43.146967],[-112.499241,43.148646],[-112.497608,43.150433],[-112.495026,43.151025],[-112.493877,43.151395],[-112.491201,43.15095],[-112.487315,43.151425],[-112.485269,43.152734],[-112.480858,43.152935],[-112.478932,43.151454],[-112.476559,43.151437],[-112.474947,43.153632],[-112.473244,43.154841],[-112.47296,43.156017],[-112.470267,43.156103],[-112.468731,43.154238],[-112.4673,43.154281],[-112.466099,43.155903],[-112.464263,43.155735],[-112.46348,43.153996],[-112.462556,43.154372],[-112.462634,43.156143],[-112.461313,43.157463],[-112.459611,43.157413],[-112.457077,43.156173],[-112.45515,43.156728],[-112.452527,43.159621],[-112.451073,43.160461],[-112.451238,43.162404],[-112.448712,43.163595],[-112.448112,43.164747],[-112.44608,43.165571],[-112.442474,43.168672],[-112.442497,43.169561],[-112.43904,43.171043],[-112.438478,43.173041],[-112.437255,43.173513],[-112.433228,43.173573],[-112.429666,43.176866],[-112.432591,43.173239],[-112.433198,43.173508],[-112.431946,43.172602],[-112.430207,43.172218],[-112.425879,43.173826],[-112.418209,43.171305],[-112.417503,43.173512],[-112.419025,43.175016],[-112.419002,43.176476],[-112.418297,43.177403],[-112.414937,43.178319],[-112.411247,43.178115],[-112.405945,43.181301],[-112.405341,43.196585],[-112.405341,43.211084],[-112.405292,43.247184],[-112.404974,43.367315],[-112.29659,43.36727],[-112.296306,43.367186],[-112.296255,43.341258],[-112.29698,43.332161],[-112.296105,43.301498],[-112.296286,43.294837],[-112.295996,43.290843],[-112.296154,43.287778],[-112.29653,43.286727],[-112.296154,43.286246],[-112.296192,43.283311],[-112.296268,43.283313],[-112.296195,43.270106],[-112.291842,43.271836],[-112.291167,43.268896],[-112.295163,43.267963],[-112.296193,43.267283],[-112.296345,43.264629],[-112.29642,43.261659],[-112.258359,43.261375],[-112.178416,43.260851],[-112.178416,43.253639],[-112.17856,43.228357],[-112.177109,43.230328],[-112.17485,43.231686],[-112.172662,43.235138],[-112.170227,43.23509],[-112.168534,43.23704],[-112.165191,43.237968],[-112.163865,43.240471],[-112.162607,43.241252],[-112.159137,43.241193],[-112.156674,43.242337],[-112.157584,43.244933],[-112.156986,43.245957],[-112.154514,43.246471],[-112.15406,43.24779],[-112.152055,43.246881],[-112.148678,43.247353],[-112.148153,43.249444],[-112.148488,43.251474],[-112.147877,43.25267],[-112.144339,43.251928],[-112.141315,43.251873],[-112.139971,43.25328],[-112.138875,43.251685],[-112.136337,43.253673],[-112.135685,43.250546],[-112.136228,43.248977],[-112.135433,43.247855],[-112.134713,43.247939],[-112.133078,43.25073],[-112.131866,43.249804],[-112.129281,43.250537],[-112.127166,43.249907],[-112.126932,43.251487],[-112.124894,43.250805],[-112.122131,43.250917],[-112.117286,43.252464],[-112.116465,43.253903],[-112.11201,43.254106],[-112.112373,43.255986],[-112.110624,43.258045],[-112.10773,43.25883],[-112.105352,43.258895],[-112.105613,43.260261],[-112.103825,43.258547],[-112.097976,43.260082],[-112.098782,43.259058],[-112.095806,43.258724],[-112.09437,43.260349],[-112.092907,43.258869],[-112.091584,43.260018],[-112.089005,43.258823],[-112.08923,43.259793],[-112.087277,43.261418],[-112.086279,43.260599],[-112.083139,43.260967],[-112.083133,43.259936],[-112.081375,43.259276],[-112.07946,43.25974],[-112.080473,43.257486],[-112.078582,43.256876],[-112.077535,43.259154],[-112.076401,43.258688],[-112.076176,43.256262],[-112.067846,43.260459],[-112.065476,43.260832],[-112.066243,43.262428],[-112.065206,43.263416],[-112.059945,43.266813],[-112.057918,43.266421],[-112.056636,43.265089],[-112.054841,43.261303],[-112.053562,43.260973],[-112.051595,43.261906],[-112.049476,43.261453],[-112.047854,43.262535],[-112.043098,43.262411],[-112.043101,43.259965],[-112.042245,43.257732],[-112.039106,43.255474],[-112.03678,43.256099],[-112.034583,43.254075],[-112.034681,43.252691],[-112.036334,43.249337],[-112.034698,43.248398],[-112.034503,43.244817],[-112.03726,43.242431],[-112.033929,43.24149],[-112.032508,43.239849],[-112.029569,43.240875],[-112.024929,43.239662],[-112.025336,43.237553],[-112.024447,43.236349],[-112.024912,43.230901],[-112.026279,43.230562],[-112.027718,43.23216],[-112.027596,43.229622],[-112.029858,43.228083],[-112.028827,43.226916],[-112.030749,43.225505],[-112.030963,43.223956],[-112.029636,43.221461],[-112.027973,43.220808],[-112.028698,43.218755],[-112.027072,43.219072],[-112.026572,43.217598],[-112.029267,43.217548],[-112.030114,43.216228],[-112.028253,43.21459],[-112.024115,43.212815],[-112.022717,43.211325],[-112.023157,43.209523],[-112.021259,43.207458],[-112.019587,43.206842],[-112.016743,43.207795],[-112.01523,43.207375],[-112.013494,43.208383],[-112.01169,43.208087],[-112.013423,43.205663],[-112.008782,43.204314],[-112.010457,43.202655],[-112.011769,43.199852],[-112.014333,43.196971],[-112.014298,43.195099],[-112.016274,43.193586],[-112.015525,43.191302],[-112.013261,43.188919],[-112.009586,43.188269],[-112.005096,43.182687],[-112.00528,43.180582],[-112.003082,43.179315],[-112.002685,43.175174],[-112.000598,43.172966],[-111.998592,43.172159],[-111.994335,43.172489],[-111.991708,43.171458],[-111.987862,43.171433],[-111.982879,43.169311],[-111.981305,43.167563],[-111.980113,43.167266],[-111.977268,43.16845],[-111.97346,43.168624],[-111.970341,43.166044],[-111.966715,43.165827],[-111.964526,43.164519],[-111.96206,43.164543],[-111.957952,43.163743],[-111.957418,43.161527],[-111.956408,43.160644],[-111.952206,43.15888],[-111.950952,43.157553],[-111.95258,43.152855],[-111.950452,43.150248],[-111.949633,43.146132],[-111.9505,43.144644],[-111.947412,43.145261],[-111.945778,43.146154],[-111.944157,43.146201],[-111.941662,43.144781],[-111.939581,43.144278],[-111.93613,43.145192],[-111.934048,43.144988],[-111.932383,43.141896],[-111.928801,43.14055],[-111.926792,43.138592],[-111.919856,43.13439],[-111.917033,43.134556],[-111.914676,43.133854],[-111.913033,43.132244],[-111.911547,43.129756],[-111.908207,43.12738],[-111.908374,43.124861],[-111.911156,43.122617],[-111.911864,43.121035],[-111.909665,43.118352],[-111.911685,43.115086],[-111.910902,43.113433],[-111.908762,43.113155],[-111.903096,43.113976],[-111.899283,43.112069],[-111.898195,43.110802],[-111.896404,43.105543],[-111.899156,43.104582],[-111.900385,43.103405],[-111.900935,43.099764],[-111.906512,43.094958],[-111.909973,43.092825],[-111.913303,43.093452],[-111.915589,43.093267],[-111.916764,43.091387],[-111.914336,43.090417],[-111.911917,43.08854],[-111.912921,43.086039],[-111.917019,43.084813],[-111.919309,43.0855],[-111.920622,43.085183],[-111.922124,43.082936],[-111.923871,43.081524],[-111.927995,43.080504],[-111.929396,43.076892],[-111.928867,43.07535],[-111.925763,43.074333],[-111.925085,43.071788],[-111.925783,43.070124],[-111.925237,43.067432],[-111.927538,43.064138],[-111.928002,43.062558],[-111.929311,43.06172],[-111.92868,43.060127],[-111.925773,43.059193],[-111.92244,43.056619],[-111.920652,43.054226],[-111.917224,43.053013],[-111.916668,43.049413],[-111.91723,43.046879],[-111.916128,43.04352],[-111.91285,43.043656],[-111.909459,43.044694],[-111.909944,43.039842],[-111.908801,43.038368],[-111.906009,43.039543],[-111.904394,43.043635],[-111.903141,43.044427],[-111.899648,43.044724],[-111.897151,43.043937],[-111.892996,43.044091],[-111.890667,43.045813],[-111.892143,43.046745],[-111.891101,43.048013],[-111.88934,43.047617],[-111.88815,43.048558],[-111.884965,43.048751],[-111.88347,43.048325],[-111.88019,43.048737],[-111.880429,43.044944],[-111.879203,43.043273],[-111.876919,43.041948],[-111.874953,43.039371],[-111.870594,43.036412],[-111.866202,43.037438],[-111.864783,43.041322],[-111.86342,43.042162],[-111.860801,43.04137],[-111.859061,43.039655],[-111.854198,43.039998],[-111.851559,43.038176],[-111.847176,43.037294],[-111.843437,43.035408],[-111.843701,43.034581],[-111.839536,43.034082],[-111.836581,43.032835],[-111.835729,43.031301],[-111.833947,43.030416],[-111.834222,43.026697],[-111.832443,43.025091],[-111.82733,43.022304],[-111.825599,43.020591],[-111.904921,43.02084],[-111.90567,43.020929],[-111.94381,43.021],[-111.947212,43.021012],[-111.947322,43.022384],[-112.022038,43.022355],[-112.063023,43.022364],[-112.179378,43.022391],[-112.17938,43.021614],[-112.385631,43.022051],[-112.387123,43.022027],[-112.388836,43.022041],[-112.397595,43.022129],[-112.408233,43.022153],[-112.442694,43.021984],[-112.456678,43.022057],[-112.476483,43.022059],[-112.491086,43.022147],[-112.496234,43.022017],[-112.633973,43.021993],[-112.63485,43.021992]]]}},{"type":"Feature","properties":{"fips":"16000","lea_geoid":"1600870","district_name":"Culdesac Joint School District 342","state_fips":"16","state_abbr":"ID","county_name":"","county_fips":"000"},"geometry":{"type":"Polygon","coordinates":[[[-116.747361,46.333206],[-116.742009,46.333715],[-116.742009,46.339968],[-116.741552,46.348313],[-116.737075,46.348754],[-116.73619,46.367059],[-116.735682,46.377751],[-116.726055,46.377894],[-116.72577,46.414102],[-116.735049,46.414607],[-116.734959,46.422071],[-116.704212,46.421807],[-116.704225,46.428801],[-116.693605,46.428965],[-116.693564,46.436287],[-116.673156,46.4367],[-116.673758,46.457819],[-116.682621,46.457823],[-116.682866,46.475998],[-116.683075,46.477877],[-116.680809,46.477577],[-116.671642,46.477817],[-116.656016,46.477915],[-116.656319,46.483085],[-116.656367,46.48466],[-116.666258,46.484776],[-116.6662,46.491703],[-116.650099,46.491927],[-116.650261,46.49549],[-116.619022,46.495659],[-116.618754,46.491963],[-116.607811,46.491598],[-116.601177,46.491864],[-116.598632,46.491687],[-116.588095,46.492064],[-116.588351,46.48554],[-116.556903,46.484918],[-116.556949,46.477926],[-116.546015,46.47781],[-116.546487,46.471124],[-116.546688,46.468272],[-116.541627,46.468418],[-116.541618,46.464203],[-116.525449,46.464128],[-116.525577,46.457197],[-116.511277,46.457161],[-116.510953,46.456815],[-116.505235,46.456864],[-116.48402,46.456964],[-116.48402,46.457158],[-116.474545,46.457334],[-116.474464,46.446042],[-116.469297,46.446171],[-116.468927,46.435143],[-116.484022,46.435232],[-116.48394,46.427968],[-116.474209,46.428218],[-116.473385,46.406958],[-116.494341,46.406563],[-116.49423,46.409692],[-116.501929,46.409668],[-116.505213,46.409427],[-116.505324,46.406667],[-116.536435,46.406363],[-116.536743,46.410328],[-116.552786,46.410071],[-116.552494,46.398513],[-116.547599,46.398571],[-116.547328,46.376509],[-116.591361,46.37709],[-116.59838,46.376822],[-116.598355,46.369511],[-116.59319,46.369347],[-116.592945,46.339955],[-116.563951,46.339667],[-116.557823,46.339941],[-116.558103,46.329151],[-116.561967,46.329348],[-116.573233,46.329258],[-116.573716,46.325618],[-116.572279,46.325625],[-116.571926,46.318291],[-116.577194,46.318375],[-116.576989,46.299574],[-116.577445,46.296515],[-116.589051,46.296329],[-116.592991,46.296455],[-116.593291,46.319813],[-116.592984,46.32549],[-116.594866,46.325477],[-116.594865,46.331],[-116.599707,46.333083],[-116.604518,46.335693],[-116.606791,46.337571],[-116.608386,46.339242],[-116.609202,46.340315],[-116.610132,46.340302],[-116.630164,46.340292],[-116.629934,46.347958],[-116.640621,46.348022],[-116.640621,46.344895],[-116.641306,46.325267],[-116.661028,46.325328],[-116.661127,46.309941],[-116.67168,46.309943],[-116.671534,46.295459],[-116.681685,46.295459],[-116.681943,46.281075],[-116.697902,46.280816],[-116.697286,46.278395],[-116.695321,46.275313],[-116.695872,46.272444],[-116.693183,46.270404],[-116.690402,46.263983],[-116.68941,46.260823],[-116.68765,46.25954],[-116.686637,46.256582],[-116.684912,46.254454],[-116.683783,46.249631],[-116.684257,46.246533],[-116.683395,46.242955],[-116.685318,46.241615],[-116.690291,46.240691],[-116.694641,46.237836],[-116.702543,46.237792],[-116.74431,46.237563],[-116.744796,46.242471],[-116.744756,46.250113],[-116.745258,46.25511],[-116.745124,46.282341],[-116.746804,46.28242],[-116.747361,46.333206]]]}},{"type":"Feature","properties":{"fips":"16000","lea_geoid":"1600510","district_name":"Caldwell School District 132","state_fips":"16","state_abbr":"ID","county_name":"","county_fips":"000"},"geometry":{"type":"Polygon","coordinates":[[[-116.752738,43.633138],[-116.733142,43.633264],[-116.733239,43.669832],[-116.733227,43.689972],[-116.730845,43.688446],[-116.728688,43.685999],[-116.724202,43.684584],[-116.724111,43.684826],[-116.721009,43.683109],[-116.720516,43.681182],[-116.718351,43.678378],[-116.71727,43.677857],[-116.714305,43.677298],[-116.7133,43.677373],[-116.7133,43.67755],[-116.712991,43.689768],[-116.71312,43.695741],[-116.71299,43.705829],[-116.699546,43.705906],[-116.695479,43.705897],[-116.692938,43.705921],[-116.692854,43.702224],[-116.692974,43.702537],[-116.692726,43.698608],[-116.692057,43.69508],[-116.687449,43.695081],[-116.686632,43.699347],[-116.683082,43.699863],[-116.683258,43.698756],[-116.681081,43.698764],[-116.678134,43.699038],[-116.678135,43.700455],[-116.673181,43.700961],[-116.673178,43.699029],[-116.673297,43.696667],[-116.673279,43.69339],[-116.669863,43.692162],[-116.666589,43.692805],[-116.662579,43.696819],[-116.661801,43.696824],[-116.66156,43.696616],[-116.659765,43.696846],[-116.658017,43.696037],[-116.657293,43.695948],[-116.65515,43.696352],[-116.654733,43.696342],[-116.65303,43.695949],[-116.65305,43.695785],[-116.653216,43.694414],[-116.652934,43.673659],[-116.652976,43.664577],[-116.653037,43.656335],[-116.653033,43.655508],[-116.633073,43.65579],[-116.633082,43.653447],[-116.633086,43.652105],[-116.633086,43.650317],[-116.633065,43.648497],[-116.633134,43.633962],[-116.637459,43.633942],[-116.652994,43.63384],[-116.655337,43.633825],[-116.658395,43.633763],[-116.660522,43.633746],[-116.663015,43.633722],[-116.665541,43.633692],[-116.668037,43.633681],[-116.670531,43.633645],[-116.673012,43.633623],[-116.675783,43.633606],[-116.678023,43.633595],[-116.682993,43.633564],[-116.682975,43.631643],[-116.682986,43.629736],[-116.680503,43.629756],[-116.677971,43.62979],[-116.67796,43.626154],[-116.68296,43.626098],[-116.682957,43.624421],[-116.682909,43.61882],[-116.690412,43.618725],[-116.692867,43.618731],[-116.695415,43.61867],[-116.712958,43.618466],[-116.750912,43.617973],[-116.752744,43.617799],[-116.752738,43.633138]]]}}]}